22 8
1 6 7 8 1 6 7 8 1 1 2 3 4 6 7 8 1 1 1 2 3 4
 150000
 1.02124840648578918412E+00     1     1     1     1
 1.98883606218954678280E-01     2     1     2     1
 9.88978750165914410886E-01     2     2     1     1
 1.03219894178625914982E+00     2     2     2     2
 1.98883606218954289702E-01     3     1     3     1
 5.10103444167176109381E-02     3     2     3     2
 9.88978750165913078618E-01     3     3     1     1
 9.30178252952821194022E-01     3     3     2     2
 1.03219894178625626324E+00     3     3     3     3
 1.98883606218954289702E-01     4     1     4     1
 5.10103444167176039992E-02     4     2     4     2
 5.10103444167175068547E-02     4     3     4     3
 9.88978750165913078618E-01     4     4     1     1
 9.30178252952821194022E-01     4     4     2     2
 9.30178252952819750732E-01     4     4     3     3
 1.03219894178625626324E+00     4     4     4     4
-1.14912285575958839079E-01     5     1     1     1
-1.09171952850760020648E-01     5     1     2     2
-1.09171952850759604314E-01     5     1     3     3
-1.09171952850759604314E-01     5     1     4     4
 2.36507797557690968571E-02     5     1     5     1
-2.01611924732151559514E-02     5     2     2     1
 1.18808172964605576055E-02     5     2     5     2
-2.01611924732148090067E-02     5     3     3     1
 1.18808172964605662791E-02     5     3     5     3
-2.01611924732148124761E-02     5     4     4     1
 1.18808172964605593402E-02     5     4     5     4
 3.97448136416334030230E-01     5     5     1     1
 3.94866939937668803839E-01     5     5     2     2
 3.94866939937668692817E-01     5     5     3     3
 3.94866939937668692817E-01     5     5     4     4
-8.97121073525023772499E-03     5     5     5     1
 3.16283043851248835132E-01     5     5     5     5
-3.64369031328774725664E-02     6     1     2     1
 7.65782415844351495998E-03     6     1     5     2
 8.27497403288102867380E-03     6     1     6     1
-1.29727340536543278571E-01     6     2     1     1
-1.36768029242367555876E-01     6     2     2     2
-1.18851694025019480327E-01     6     2     3     3
-1.18851694025019480327E-01     6     2     4     4
 2.41661217495469128613E-02     6     2     5     1
-1.38492739743558794518E-02     6     2     5     5
 2.97162250504062266931E-02     6     2     6     2
-8.95816760867364919596E-03     6     3     3     2
 2.86492552285024871042E-03     6     3     6     3
-8.95816760867365093068E-03     6     4     4     2
 2.86492552285024827674E-03     6     4     6     4
 3.93778048652427131726E-02     6     5     2     1
 1.36118630215498019609E-02     6     5     5     2
-2.97783431797788366528E-04     6     5     6     1
 5.87035959150089756142E-02     6     5     6     5
 3.30101755619767456285E-01     6     6     1     1
 3.37641468725152382735E-01     6     6     2     2
 3.24133003636847272233E-01     6     6     3     3
 3.24133003636847272233E-01     6     6     4     4
-6.69807856841956542754E-03     6     6     5     1
 2.80092498357290164979E-01     6     6     5     5
-6.23926779097123702239E-03     6     6     6     2
 2.81476793368151068098E-01     6     6     6     6
-3.64369031328775558332E-02     7     1     3     1
 7.65782415844349327594E-03     7     1     5     3
 8.27497403288107898078E-03     7     1     7     1
-8.95816760867371338073E-03     7     2     3     2
 2.86492552285025651668E-03     7     2     6     3
 2.86492552285026302189E-03     7     2     7     2
-1.29727340536543334082E-01     7     3     1     1
-1.18851694025019924417E-01     7     3     2     2
-1.36768029242367139542E-01     7     3     3     3
-1.18851694025019535839E-01     7     3     4     4
 2.41661217495469406169E-02     7     3     5     1
-1.38492739743559158810E-02     7     3     5     5
 2.39863740047056642202E-02     7     3     6     2
-1.07258811658999461680E-02     7     3     6     6
 2.97162250504062336320E-02     7     3     7     3
-8.95816760867366133902E-03     7     4     4     3
 2.86492552285025695036E-03     7     4     7     4
 3.93778048652427201115E-02     7     5     3     1
 1.36118630215499043096E-02     7     5     5     3
-2.97783431797820675752E-04     7     5     7     1
 5.87035959150089547975E-02     7     5     7     5
 6.75423254415252662802E-03     7     6     3     2
 2.24330668746435674121E-03     7     6     6     3
 2.24330668746434199606E-03     7     6     7     2
 1.78369887679946416414E-02     7     6     7     6
 3.30101755619767622818E-01     7     7     1     1
 3.24133003636847549789E-01     7     7     2     2
 3.37641468725152493757E-01     7     7     3     3
 3.24133003636847438766E-01     7     7     4     4
-6.69807856841955154975E-03     7     7     5     1
 2.80092498357290276001E-01     7     7     5     5
-1.07258811658999548416E-02     7     7     6     2
 2.45802815832161791754E-01     7     7     6     6
-6.23926779097128472729E-03     7     7     7     3
 2.81476793368151012587E-01     7     7     7     7
-3.64369031328775280776E-02     8     1     4     1
 7.65782415844349067385E-03     8     1     5     4
 8.27497403288107030717E-03     8     1     8     1
-8.95816760867370297239E-03     8     2     4     2
 2.86492552285025608300E-03     8     2     6     4
 2.86492552285026258821E-03     8     2     8     2
-8.95816760867365440013E-03     8     3     4     3
 2.86492552285025738404E-03     8     3     7     4
 2.86492552285025738404E-03     8     3     8     3
-1.29727340536543167548E-01     8     4     1     1
-1.18851694025019827272E-01     8     4     2     2
-1.18851694025019438694E-01     8     4     3     3
-1.36768029242366973008E-01     8     4     4     4
 2.41661217495469406169E-02     8     4     5     1
-1.38492739743558464921E-02     8     4     5     5
 2.39863740047056434035E-02     8     4     6     2
-1.07258811658999270860E-02     8     4     6     6
 2.39863740047056538118E-02     8     4     7     3
-1.07258811658999479027E-02     8     4     7     7
 2.97162250504061781209E-02     8     4     8     4
 3.93778048652427270504E-02     8     5     4     1
 1.36118630215499129832E-02     8     5     5     4
-2.97783431797807448486E-04     8     5     8     1
 5.87035959150089825531E-02     8     5     8     5
 6.75423254415252749538E-03     8     6     4     2
 2.24330668746435283809E-03     8     6     6     4
 2.24330668746434373079E-03     8     6     8     2
 1.78369887679946485803E-02     8     6     8     6
 6.75423254415254137317E-03     8     7     4     3
 2.24330668746434503183E-03     8     7     7     4
 2.24330668746435240440E-03     8     7     8     3
 1.78369887679946451109E-02     8     7     8     7
 3.30101755619767678329E-01     8     8     1     1
 3.24133003636847605300E-01     8     8     2     2
 3.24133003636847494278E-01     8     8     3     3
 3.37641468725152549268E-01     8     8     4     4
-6.69807856841962527550E-03     8     8     5     1
 2.80092498357290331512E-01     8     8     5     5
-1.07258811658999496375E-02     8     8     6     2
 2.45802815832161847265E-01     8     8     6     6
-1.07258811658999513722E-02     8     8     7     3
 2.45802815832161875020E-01     8     8     7     7
-6.23926779097122661405E-03     8     8     8     4
 2.81476793368151179120E-01     8     8     8     8
-7.28856167518956425659E-17     9     1     1     1
 1.32462886328470596381E-02     9     1     2     2
-3.89363122888523316423E-02     9     1     3     3
 2.56900236560050343471E-02     9     1     4     4
 1.01059671638275150307E-17     9     1     5     1
-3.56819983726248422118E-18     9     1     5     5
-1.37399711252219757125E-03     9     1     6     2
 2.85435598669283880496E-03     9     1     6     6
 4.03874489979671579681E-03     9     1     7     3
-8.39013093870207352087E-03     9     1     7     7
-2.66474778727445425763E-03     9     1     8     4
 5.53577495200922604229E-03     9     1     8     8
 3.36167755715564842145E-02     9     1     9     1
 3.21031233205899407812E-02     9     2     2     1
 7.05928773703159572091E-04     9     2     5     2
-4.26775343079394825496E-03     9     2     6     1
 1.14115612005719849892E-02     9     2     6     5
 1.67160521299122115380E-02     9     2     9     2
-9.43643362834801352479E-02     9     3     3     1
-2.07501617611116542100E-03     9     3     5     3
 1.25446896832036233760E-02     9     3     7     1
-3.35432907227327520294E-02     9     3     7     5
 7.74023863337925666084E-02     9     3     9     3
 6.22612129628900903833E-02     9     4     4     1
 1.36908740240794502517E-03     9     4     5     4
-8.27693625240962134459E-03     9     4     8     1
 2.21317295221607479583E-02     9     4     8     5
 3.86494668167102622958E-02     9     4     9     4
 1.01238048700974711199E-17     9     5     1     1
 2.19177380062599881649E-03     9     5     2     2
-6.44252828343776229314E-03     9     5     3     3
 4.25075448281181031418E-03     9     5     4     4
-2.63461849653164480863E-18     9     5     5     1
 2.86202976064150094292E-18     9     5     5     5
 1.09310829285579058645E-03     9     5     6     2
 3.51420636173759882992E-03     9     5     6     6
-3.21309666698843749214E-03     9     5     7     3
-1.03297036732827984123E-02     9     5     7     7
 2.11998837413262912477E-03     9     5     8     4
 6.81549731154527677762E-03     9     5     8     8
 1.09655944708365871154E-02     9     5     9     1
 1.28229512763380591733E-02     9     5     9     5
 3.04028286675833811677E-04     9     6     2     1
 2.11008304582950079534E-03     9     6     5     2
 8.01972010776920343073E-04     9     6     6     1
 4.50156054523770388087E-03     9     6     6     5
 1.50057035933127188437E-03     9     6     9     2
 1.60498645621081964183E-03     9     6     9     6
-8.93664681690493076585E-04     9     7     3     1
-6.20240542125129537543E-03     9     7     5     3
-2.35732691050516331849E-03     9     7     7     1
-1.32319453421782546459E-02     9     7     7     5
 7.72473245323660774597E-03     9     7     9     3
 6.38769415955905538879E-03     9     7     9     7
 5.89636395014727027544E-04     9     8     4     1
 4.09232237542178980960E-03     9     8     5     4
 1.55535489972823408496E-03     9     8     8     1
 8.73038479694058545955E-03     9     8     8     5
 3.75012341067946673376E-03     9     8     9     4
 3.33356526657126910410E-03     9     8     9     8
 6.46157590343499732555E-01     9     9     1     1
 6.12196763455055248393E-01     9     9     2     2
 6.57984253270884278386E-01     9     9     3     3
 6.28745398576500469368E-01     9     9     4     4
-3.28680954214290860227E-02     9     9     5     1
 3.72919735918879335923E-01     9     9     5     5
-4.77453887847259783594E-02     9     9     6     2
 3.01786444306888168576E-01     9     9     6     6
-4.80394937126607454725E-02     9     9     7     3
 3.19077824178790159237E-01     9     9     7     7
-4.78516849621180920260E-02     9     9     8     4
 3.08035940346033321191E-01     9     9     8     8
-2.39715202153736456347E-02     9     9     9     1
-1.27415557784286131299E-02     9     9     9     5
 6.07557685216002729689E-01     9     9     9     9
-1.81566262169532206393E-16    10     1     1     1
 3.73120324545023890339E-02    10     1     2     2
-7.18439376534484031023E-03    10     1     3     3
-3.01276386891581732241E-02    10     1     4     4
 2.28022806672163177589E-17    10     1     5     1
-8.16004629376471097601E-18    10     1     5     5
-3.87026330739117510257E-03    10     1     6     2
 8.04012551471148910476E-03    10     1     6     6
 7.45215249524960616362E-04    10     1     7     3
-1.54811796143553763276E-03    10     1     7     7
 3.12504805786636714188E-03    10     1     8     4
-6.49200755327597901073E-03    10     1     8     8
 9.69249549015757481223E-18    10     1     9     1
 9.44154874129661229725E-18    10     1     9     5
-1.46112095830139669672E-02    10     1     9     9
 3.36167755715565258479E-02    10     1    10     1
 9.04278030193647469615E-02    10     2     2     1
 1.98845412817476221295E-03    10     2     5     2
-1.20213713388919365282E-02    10     2     6     1
 3.21439879255270427594E-02    10     2     6     5
 2.23740085150712988971E-02    10     2     9     2
 2.29474160064392466996E-03    10     2     9     6
 7.17958847236974950778E-02    10     2    10     2
-1.74117811732269062164E-02    10     3     3     1
-3.82874812798068657731E-04    10     3     5     3
 2.31470278129024265024E-03    10     3     7     1
-6.18929206622734640747E-03    10     3     7     5
 1.26632628736704829636E-02    10     3     9     3
 1.29878005975221687621E-03    10     3     9     7
 1.11095505198175095035E-02    10     3    10     3
-7.30160218461380627897E-02    10     4     4     1
-1.60557931537687239437E-03    10     4     5     4
 9.70666855760177367529E-03    10     4     8     1
-2.59546958592997770165E-02    10     4     8     5
-3.50372713887418807399E-02    10     4     9     4
-3.59352166039614154616E-03    10     4     9     8
 4.98624700368998502453E-02    10     4    10     4
 1.05663024090101208809E-17    10     5     1     1
 6.17376968361498662530E-03    10     5     2     2
-1.18875305111618818042E-03    10     5     3     3
-4.98501663249874705369E-03    10     5     4     4
-4.51590026302392970222E-18    10     5     5     1
 4.75888180640299871873E-18    10     5     5     5
 3.07905808410236609893E-03    10     5     6     2
 9.89878640390078751166E-03    10     5     6     6
-5.92869491350633674200E-04    10     5     7     3
-1.90600121854466852261E-03    10     5     7     7
-2.48618859275177676860E-03    10     5     8     4
-7.99278518535592903682E-03    10     5     8     8
 1.19658415877583155936E-17    10     5     9     1
-6.53699823267646596055E-17    10     5     9     5
-7.76628016160984570304E-03    10     5     9     9
 1.09655944708366200752E-02    10     5    10     1
 1.28229512763379013135E-02    10     5    10     5
 8.56384275925080600163E-04    10     6     2     1
 5.94366386464308636695E-03    10     6     5     2
 2.25898789639159295814E-03    10     6     6     1
 1.26799572178517387655E-02    10     6     6     5
 2.29474160064391903210E-03    10     6     9     2
 1.76330213850631493597E-03    10     6     9     6
 7.14971378950034208710E-03    10     6    10     2
 5.94584413201661339532E-03    10     6    10     6
-1.64895918232173022177E-04    10     7     3     1
-1.14444641053834759298E-03    10     7     5     3
-4.34965813738900529059E-04    10     7     7     1
-2.44151282007628060364E-03    10     7     7     5
 1.29878005975221535832E-03    10     7     9     3
 9.97995441477090346888E-04    10     7     9     7
 9.25551695594928162947E-04    10     7    10     3
 1.16313642866836637266E-03    10     7    10     7
-6.91488357692808509013E-04    10     8     4     1
-4.79921745410475351912E-03    10     8     5     4
-1.82402208265271151104E-03    10     8     8     1
-1.02384443977754299726E-02    10     8     8     5
-3.59352166039614024512E-03    10     8     9     4
-2.76129757998341092071E-03    10     8     9     8
 4.90016073815211991582E-03    10     8    10     4
 4.21726532165616913722E-03    10     8    10     8
-8.49040768479634832787E-17    10     9     1     1
 1.68810606285988810960E-02    10     9     2     2
 9.55435894208765158775E-03    10     9     3     3
-2.64354195706864546211E-02    10     9     4     4
 1.48010880849739348936E-18    10     9     5     1
 5.25164646060842201130E-17    10     9     5     5
-1.08431432681876282120E-04    10     9     6     2
 6.37503460320283914936E-03    10     9     6     6
-6.13701266313066947419E-05    10     9     7     3
 3.60814822049979879934E-03    10     9     7     7
 1.69801559313196583599E-04    10     9     8     4
-9.98318282370262710668E-03    10     9     8     8
-1.46112095830139183950E-02    10     9     9     1
-7.76628016160966355708E-03    10     9     9     5
-4.54428856466802363317E-17    10     9     9     9
 2.39715202153736733903E-02    10     9    10     1
 1.27415557784286270077E-02    10     9    10     5
 3.58696768499288734522E-02    10     9    10     9
 6.46157590343499621532E-01    10    10     1     1
 6.53754180079905600209E-01    10    10     2     2
 6.07966690264075793060E-01    10    10     3     3
 6.37205544958459713101E-01    10    10     4     4
-3.28680954214290929616E-02    10    10     5     1
 3.72919735918879613479E-01    10    10     5     5
-4.80123228549440353441E-02    10    10     6     2
 3.17480361580919634434E-01    10    10     6     6
-4.77182179270091849643E-02    10    10     7     3
 3.00188981709017699284E-01    10    10     7     7
-4.79060266775516996329E-02    10    10     8     4
 3.11230865541774814886E-01    10    10     8     8
 2.39715202153736525736E-02    10    10     9     1
 1.27415557784285697618E-02    10    10     9     5
 5.35818331516145329729E-01    10    10     9     9
 1.46112095830139652325E-02    10    10    10     1
 7.76628016160969564946E-03    10    10    10     5
 2.11450624652244943709E-16    10    10    10     9
 6.07557685216003728890E-01    10    10    10    10
 3.42890499478027757640E-02    11     1     4     3
-3.55669855347890253097E-03    11     1     7     4
-3.55669855347889429104E-03    11     1     8     3
 7.38872281205040382784E-03    11     1     8     7
 3.36167755715564356422E-02    11     1    11     1
 8.77296902325476468665E-03    11     2    11     2
 8.31014353930456528552E-02    11     3     4     1
 1.82735161916051003402E-03    11     3     5     4
-1.10474121929160559036E-02    11     3     8     1
 2.95397150729848380346E-02    11     3     8     5
 2.33419648249958699981E-02    11     3     9     4
 2.79711958405005510150E-03    11     3     9     8
-4.08949242857907235837E-02    11     3    10     4
-4.33740578159363433797E-03    11     3    10     8
 6.19974681285801465513E-02    11     3    11     3
 8.31014353930456389774E-02    11     4     3     1
 1.82735161916051588871E-03    11     4     5     3
-1.10474121929160715161E-02    11     4     7     1
 2.95397150729848276263E-02    11     4     7     5
-4.39032541742515741712E-02    11     4     9     3
-4.90594357957281103355E-03    11     4     9     7
-1.70219395822850498579E-02    11     4    10     3
-1.60271160092086964108E-03    11     4    10     7
 6.19974681285801396124E-02    11     4    11     4
 5.67357721147582552690E-03    11     5     4     3
 2.82959596389479066045E-03    11     5     7     4
 2.82959596389479673198E-03    11     5     8     3
 9.09679690699950228849E-03    11     5     8     7
 1.09655944708367120155E-02    11     5    11     1
 1.28229512763378822315E-02    11     5    11     5
 6.85905288030311515585E-04    11     6    11     2
 9.78989759245773227478E-04    11     6    11     6
 7.87000902390201564213E-04    11     7     4     1
 5.46211432937109518659E-03    11     7     5     4
 2.07596701962843924183E-03    11     7     8     1
 1.16526401210945568243E-02    11     7     8     5
 2.79711958405005596887E-03    11     7     9     4
 1.29755231523350660940E-03    11     7     9     8
-4.33740578159364387895E-03    11     7    10     4
-3.03051106803362219413E-03    11     7    10     8
 6.14476046760852219475E-03    11     7    11     3
 5.17362806154767363581E-03    11     7    11     7
 7.87000902390236475523E-04    11     8     3     1
 5.46211432937110125813E-03    11     8     5     3
 2.07596701962843447134E-03    11     8     7     1
 1.16526401210945741715E-02    11     8     7     5
-4.90594357957285787109E-03    11     8     9     3
-2.91799352743593023649E-03    11     8     9     7
-1.60271160092089262617E-03    11     8    10     3
-1.53393387017959018787E-03    11     8    10     7
 6.14476046760854995032E-03    11     8    11     4
 5.17362806154768230943E-03    11     8    11     8
-7.75668722645612897931E-03    11     9     4     3
 4.98232147454686884603E-05    11     9     7     4
 4.98232147454650631593E-05    11     9     8     3
-2.92926792710557215571E-03    11     9     8     7
-9.39216915753382855514E-03    11     9    11     1
-4.99220934366964054496E-03    11     9    11     5
 2.07080346069483701987E-02    11     9    11     9
-2.18489701949631902334E-02    11    10     4     3
 1.40341604890049063969E-04    11    10     7     4
 1.40341604890038736944E-04    11    10     8     3
-8.25113682734275252773E-03    11    10     8     7
-2.64557817013803993345E-02    11    10    11     1
-1.40620125541259851504E-02    11    10    11     5
 5.38259312309992757339E-03    11    10    11     9
 3.39587816932873307052E-02    11    10    11    10
 6.46157590343499621532E-01    11    11     1     1
 6.06203752975454923657E-01    11    11     2     2
 6.46361331163492258689E-01    11    11     3     3
 6.46361331163492258689E-01    11    11     4     4
-3.28680954214293150062E-02    11    11     5     1
 3.72919735918879502456E-01    11    11     5     5
-4.77068941233608420638E-02    11    11     6     2
 2.99523218670456226054E-01    11    11     6     6
-4.79648366680720319999E-02    11    11     7     3
 3.14688495080627739231E-01    11    11     7     7
-4.79648366680719417943E-02    11    11     8     4
 3.14688495080627794742E-01    11    11     8     8
-9.39216915753386671906E-03    11    11     9     1
-4.99220934366965615747E-03    11    11     9     5
 5.66141616002106218275E-01    11    11     9     9
-2.64557817013805068873E-02    11    11    10     1
-1.40620125541260285185E-02    11    11    10     5
-1.07651862461999158621E-02    11    11    10     9
 5.39640121829428554001E-01    11    11    10    10
 6.07557685216002951734E-01    11    11    11    11
 3.42890499478027757640E-02    12     1     4     2
-3.55669855347887651012E-03    12     1     6     4
-3.55669855347891337299E-03    12     1     8     2
 7.38872281205039775631E-03    12     1     8     6
 3.36167755715564495200E-02    12     1    12     1
 8.31014353930455418329E-02    12     2     4     1
 1.82735161916045885967E-03    12     2     5     4
-1.10474121929160645772E-02    12     2     8     1
 2.95397150729847235429E-02    12     2     8     5
 3.66930591870684164046E-02    12     2     9     4
 3.84096075112391310141E-03    12     2     9     8
-2.95103636325644534677E-02    12     2    10     4
-3.44731596898277406829E-03    12     2    10     8
 4.44515300820704228890E-02    12     2    11     3
 4.77294989154788181634E-03    12     2    11     7
 6.19974681285798481789E-02    12     2    12     2
 8.77296902325479244222E-03    12     3    11     2
 6.85905288030318779739E-04    12     3    11     6
 8.77296902325481672835E-03    12     3    12     3
 8.31014353930456667330E-02    12     4     2     1
 1.82735161916034892157E-03    12     4     5     2
-1.10474121929160194744E-02    12     4     6     1
 2.95397150729848276263E-02    12     4     6     5
 2.37450609048379703003E-02    12     4     9     2
 2.35774380135659114566E-03    12     4     9     6
 4.06621966555845079649E-02    12     4    10     2
 4.59107950800716462653E-03    12     4    10     6
 6.19974681285801604291E-02    12     4    12     4
 5.67357721147575960741E-03    12     5     4     2
 2.82959596389480236983E-03    12     5     6     4
 2.82959596389478762468E-03    12     5     8     2
 9.09679690699949361488E-03    12     5     8     6
 1.09655944708366755863E-02    12     5    12     1
 1.28229512763378631496E-02    12     5    12     5
 7.87000902390261195332E-04    12     6     4     1
 5.46211432937110559493E-03    12     6     5     4
 2.07596701962843447134E-03    12     6     8     1
 1.16526401210945845799E-02    12     6     8     5
 3.84096075112396774520E-03    12     6     9     4
 2.78742246301887227830E-03    12     6     9     8
-3.44731596898280529331E-03    12     6    10     4
-1.76008958774828585918E-03    12     6    10     8
 4.77294989154793992958E-03    12     6    11     3
 3.21564854305613628815E-03    12     6    11     7
 6.14476046760853954198E-03    12     6    12     2
 5.17362806154768144207E-03    12     6    12     6
 6.85905288030302299866E-04    12     7    11     2
 9.78989759245770842233E-04    12     7    11     6
 6.85905288030308154558E-04    12     7    12     3
 9.78989759245770191712E-04    12     7    12     7
 7.87000902390200696851E-04    12     8     2     1
 5.46211432937107957408E-03    12     8     5     2
 2.07596701962843924183E-03    12     8     6     1
 1.16526401210945759063E-02    12     8     6     5
 2.35774380135655645119E-03    12     8     9     2
 1.97572341375027880558E-03    12     8     9     6
 4.59107950800710391120E-03    12     8    10     2
 2.63896880174834804964E-03    12     8    10     6
 6.14476046760853867462E-03    12     8    12     4
 5.17362806154768404415E-03    12     8    12     8
 2.28001068485952328169E-02    12     9     4     2
-1.46451002415378170709E-04    12     9     6     4
-1.46451002415408257319E-04    12     9     8     2
 8.61032806613295370601E-03    12     9     8     6
 2.76074636091378673719E-02    12     9    12     1
 1.46741647720436321073E-02    12     9    12     5
 3.53075573045425888941E-02    12     9    12     9
 4.20699691016036044638E-03    12    10     4     2
-2.70226327772414832127E-05    12    10     6     4
-2.70226327772463214649E-05    12    10     8     2
 1.58874797430698096005E-03    12    10     8     6
 5.09403376362524938636E-03    12    10    12     1
 2.70762616443506395902E-03    12    10    12     5
 3.04644523639617526012E-03    12    10    12     9
 1.93592589956931397654E-02    12    10    12    10
 2.00787890940189138467E-02    12    11     3     2
-1.28971272355557563076E-04    12    11     6     3
-1.28971272355592745436E-04    12    11     7     2
 7.58263820508574357820E-03    12    11     7     6
 3.16015425000233662889E-02    12    11    12    11
 6.46157590343499843577E-01    12    12     1     1
 6.46361331163492702778E-01    12    12     2     2
 6.06203752975454257523E-01    12    12     3     3
 6.46361331163492147667E-01    12    12     4     4
-3.28680954214293705173E-02    12    12     5     1
 3.72919735918879391434E-01    12    12     5     5
-4.79648366680720597555E-02    12    12     6     2
 3.14688495080627628209E-01    12    12     6     6
-4.77068941233608212471E-02    12    12     7     3
 2.99523218670456059520E-01    12    12     7     7
-4.79648366680718862831E-02    12    12     8     4
 3.14688495080627683720E-01    12    12     8     8
 2.76074636091378396163E-02    12    12     9     1
 1.46741647720436980268E-02    12    12     9     5
 5.36942570606917524145E-01    12    12     9     9
 5.09403376362519127313E-03    12    12    10     1
 2.70762616443494816623E-03    12    12    10     5
-6.09289047279227679449E-03    12    12    10     9
 5.68839167224616693019E-01    12    12    10    10
 5.44354600215955941600E-01    12    12    11    11
 6.07557685216002507644E-01    12    12    12    12
 3.42890499478027688252E-02    13     1     3     2
-3.55669855347887520908E-03    13     1     6     3
-3.55669855347892204661E-03    13     1     7     2
 7.38872281205039775631E-03    13     1     7     6
 2.43123614687285848068E-02    13     1    12    11
 3.36167755715564495200E-02    13     1    13     1
 8.31014353930455418329E-02    13     2     3     1
 1.82735161916046471436E-03    13     2     5     3
-1.10474121929160871286E-02    13     2     7     1
 2.95397150729847131345E-02    13     2     7     5
-4.70870257298337674401E-02    13     2     9     3
-5.15486338540656861829E-03    13     2     9     7
 2.32727630206158156087E-04    13     2    10     3
-2.53673726413472988474E-04    13     2    10     7
 4.44515300820704228890E-02    13     2    11     4
 4.77294989154790263303E-03    13     2    11     8
 6.19974681285798481789E-02    13     2    13     2
 8.31014353930456667330E-02    13     3     2     1
 1.82735161916034913841E-03    13     3     5     2
-1.10474121929160246786E-02    13     3     6     1
 2.95397150729848449735E-02    13     3     6     5
 7.21019498718305194840E-03    13     3     9     2
 1.06498282844890595523E-03    13     3     9     6
 4.65323032148494963867E-02    13     3    10     2
 5.05002756990370789414E-03    13     3    10     6
 4.44515300820705408502E-02    13     3    12     4
 4.77294989154791043928E-03    13     3    12     8
 6.19974681285801604291E-02    13     3    13     3
 8.77296902325479070750E-03    13     4    11     2
 6.85905288030319647101E-04    13     4    11     6
 8.77296902325481499363E-03    13     4    12     3
 6.85905288030307287196E-04    13     4    12     7
 8.77296902325481499363E-03    13     4    13     4
 5.67357721147576047477E-03    13     5     3     2
 2.82959596389480453824E-03    13     5     6     3
 2.82959596389478415523E-03    13     5     7     2
 9.09679690699949188015E-03    13     5     7     6
 1.29227227549988301497E-02    13     5    12    11
 1.09655944708366755863E-02    13     5    13     1
 1.28229512763378631496E-02    13     5    13     5
 7.87000902390261412173E-04    13     6     3     1
 5.46211432937110819702E-03    13     6     5     3
 2.07596701962843230294E-03    13     6     7     1
 1.16526401210945793757E-02    13     6     7     5
-5.15486338540665969127E-03    13     6     9     3
-3.27327572898377912661E-03    13     6     9     7
-2.53673726413483722076E-04    13     6    10     3
 3.91542266285278914989E-04    13     6    10     7
 4.77294989154793906222E-03    13     6    11     4
 3.21564854305613975760E-03    13     6    11     8
 6.14476046760853954198E-03    13     6    13     2
 5.17362806154768144207E-03    13     6    13     6
 7.87000902390166110802E-04    13     7     2     1
 5.46211432937107523727E-03    13     7     5     2
 2.07596701962844227760E-03    13     7     6     1
 1.16526401210945550896E-02    13     7     6     5
 1.06498282844890487103E-03    13     7     9     2
 1.30571064417056901088E-04    13     7     9     6
 5.05002756990366452605E-03    13     7    10     2
 3.29402345792787322812E-03    13     7    10     6
 4.77294989154789482677E-03    13     7    12     4
 3.21564854305613325239E-03    13     7    12     8
 6.14476046760851178641E-03    13     7    13     3
 5.17362806154767190109E-03    13     7    13     7
 6.85905288030306636675E-04    13     8    11     2
 9.78989759245772143276E-04    13     8    11     6
 6.85905288030313358728E-04    13     8    12     3
 9.78989759245771059074E-04    13     8    12     7
 6.85905288030312274526E-04    13     8    13     4
 9.78989759245772143276E-04    13     8    13     8
-1.50434196221390769493E-02    13     9     3     2
 9.66277876699137716230E-05    13     9     6     3
 9.66277876699392097165E-05    13     9     7     2
-5.68106013902736853988E-03    13     9     7     6
-9.59330800208767729698E-03    13     9    12    11
-1.82152944516040075917E-02    13     9    13     1
-9.68195542837396554148E-03    13     9    13     5
 2.59846325388626009367E-02    13     9    13     9
 1.76419732848028879002E-02    13    10     3     2
-1.13318972112791172034E-04    13    10     6     3
-1.13318972112822749423E-04    13    10     7     2
 6.66238885303579910641E-03    13    10     7     6
 1.12504262818437054949E-02    13    10    12    11
 2.13617479377552314801E-02    13    10    13     1
 1.13543863896909524164E-02    13    10    13     5
-8.42903835949607334321E-03    13    10    13     9
 2.86821837613731416006E-02    13    10    13    10
 2.00787890940189173161E-02    13    11     4     2
-1.28971272355559162274E-04    13    11     6     4
-1.28971272355584071819E-04    13    11     8     2
 7.58263820508574531293E-03    13    11     8     6
 2.43123614687285848068E-02    13    11    12     1
 1.29227227549988370886E-02    13    11    12     5
 1.45398089645245864876E-02    13    11    12     9
 2.68283529521466841683E-03    13    11    12    10
 3.16015425000233662889E-02    13    11    13    11
 2.00787890940189416022E-02    13    12     4     3
-1.28971272355578379758E-04    13    12     7     4
-1.28971272355569841666E-04    13    12     8     3
 7.58263820508574271084E-03    13    12     8     7
 2.43123614687285813374E-02    13    12    11     1
 1.29227227549988422928E-02    13    12    11     5
-4.94650096243687189407E-03    13    12    11     9
-1.39332615770582871756E-02    13    12    11    10
 3.16015425000233524111E-02    13    12    13    12
 6.46157590343499843577E-01    13    13     1     1
 6.46361331163492702778E-01    13    13     2     2
 6.46361331163492147667E-01    13    13     3     3
 6.06203752975454368546E-01    13    13     4     4
-3.28680954214293705173E-02    13    13     5     1
 3.72919735918879391434E-01    13    13     5     5
-4.79648366680720597555E-02    13    13     6     2
 3.14688495080627628209E-01    13    13     6     6
-4.79648366680719903665E-02    13    13     7     3
 3.14688495080627628209E-01    13    13     7     7
-4.77068941233607796137E-02    13    13     8     4
 2.99523218670456170543E-01    13    13     8     8
-1.82152944516040422862E-02    13    13     9     1
-9.68195542837405054293E-03    13    13     9     5
 5.55588420138277472304E-01    13    13     9     9
 2.13617479377551412745E-02    13    13    10     1
 1.13543863896910443567E-02    13    13    10     5
 1.68580767189922611782E-02    13    13    10     9
 5.50193317693256744860E-01    13    13    10    10
 5.44354600215955941600E-01    13    13    11    11
 5.44354600215955719555E-01    13    13    12    12
 6.07557685216002507644E-01    13    13    13    13
-4.80037017205845462087E-02    14     1     2     1
 2.00310021272278281079E-02    14     1     5     2
 1.49840202969340786920E-02    14     1     6     1
 7.76136373454974336922E-03    14     1     6     5
 4.02566647562558135604E-04    14     1     9     2
 2.35539107598452647843E-03    14     1     9     6
 1.13394628754407930139E-03    14     1    10     2
 6.63464542454943618371E-03    14     1    10     6
 1.04207512520627953480E-03    14     1    12     4
 6.09711327373385712086E-03    14     1    12     8
 1.04207512520628018532E-03    14     1    13     3
 6.09711327373385104933E-03    14     1    13     7
 4.62923213712326739322E-02    14     1    14     1
-2.38060984646855849922E-01    14     2     1     1
-2.52699346149916570514E-01    14     2     2     2
-2.24810033531457592604E-01    14     2     3     3
-2.24810033531457620359E-01    14     2     4     4
 5.56640451148334020059E-02    14     2     5     1
-1.40947791280184447915E-02    14     2     5     5
 6.35060096881906455124E-02    14     2     6     2
-1.00096304575841444501E-02    14     2     6     6
 5.19992386524285865601E-02    14     2     7     3
-1.45454351553331757974E-02    14     2     7     7
 5.19992386524285726823E-02    14     2     8     4
-1.45454351553331757974E-02    14     2     8     8
 1.43201519157755831173E-03    14     2     9     1
 3.17530208089534474875E-03    14     2     9     5
-4.72568334289251087976E-02    14     2     9     9
 4.03368813593471542411E-03    14     2    10     1
 8.94416372608902894570E-03    14     2    10     5
 6.97393396077154118645E-03    14     2    10     9
-3.00885591422383226468E-02    14     2    10    10
-4.97326766375047121804E-02    14     2    11    11
-3.31427061096197239642E-02    14     2    12    12
-3.31427061096197239642E-02    14     2    13    13
 1.81105617636305088469E-01    14     2    14     2
-1.39446563092279832152E-02    14     3     3     2
 5.75338551788084039129E-03    14     3     6     3
 5.75338551788084993227E-03    14     3     7     2
 2.26790234887454342921E-03    14     3     7     6
 8.29498526394264155959E-03    14     3    12    11
 3.70688287044069813767E-03    14     3    13     1
 8.21951677703833955002E-03    14     3    13     5
-6.21476442133257062084E-03    14     3    13     9
 7.28828355828995029519E-03    14     3    13    10
 2.01369461116673829915E-02    14     3    14     3
-1.39446563092279832152E-02    14     4     4     2
 5.75338551788083952393E-03    14     4     6     4
 5.75338551788085253436E-03    14     4     8     2
 2.26790234887454603130E-03    14     4     8     6
 3.70688287044069770398E-03    14     4    12     1
 8.21951677703833955002E-03    14     4    12     5
 9.41922092212982460524E-03    14     4    12     9
 1.73800208826475400571E-03    14     4    12    10
 8.29498526394264155959E-03    14     4    13    11
 2.01369461116673829915E-02    14     4    14     4
 4.65792962290305714856E-02    14     5     2     1
 2.05691664721877618197E-03    14     5     5     2
-5.75253675292473898306E-03    14     5     6     1
 1.66779942693203071802E-02    14     5     6     5
 1.01025623532007991640E-02    14     5     9     2
 1.75472827919681312499E-03    14     5     9     6
 2.84568111751347073424E-02    14     5    10     2
 4.94270359924600319323E-03    14     5    10     6
 2.61512695918992045530E-02    14     5    12     4
 4.54225083552845746576E-03    14     5    12     8
 2.61512695918992045530E-02    14     5    13     3
 4.54225083552844358797E-03    14     5    13     7
-2.30260357307441286545E-03    14     5    14     1
 1.91412551330830196794E-02    14     5    14     5
 1.29222298074800207024E-01    14     6     1     1
 1.36784243618420731092E-01    14     6     2     2
 1.22021639029256792619E-01    14     6     3     3
 1.22021639029256806497E-01    14     6     4     4
-1.71400990975663636284E-02    14     6     5     1
 3.42125966859867930436E-02    14     6     5     5
-2.16702148960706622582E-02    14     6     6     2
 1.92900898477493046301E-02    14     6     6     6
-1.92599443369006161075E-02    14     6     7     3
 2.19761051391637145247E-02    14     6     7     7
-1.92599443369005987603E-02    14     6     8     4
 2.19761051391637179941E-02    14     6     8     8
 1.76392585990342077619E-03    14     6     9     1
 8.12616615290097030200E-04    14     6     9     5
 6.98148617760666889698E-02    14     6     9     9
 4.96861126586417827661E-03    14     6    10     1
 2.28897152728394686141E-03    14     6    10     5
 2.87290651697303485099E-03    14     6    10     9
 7.68873186362613730838E-02    14     6    10    10
 6.87949401466185772591E-02    14     6    11    11
 7.56291652359367128078E-02    14     6    12    12
 7.56291652359367128078E-02    14     6    13    13
-4.33914546900392855688E-02    14     6    14     2
 2.70818302385226680751E-02    14     6    14     6
 7.38130229458157718914E-03    14     7     3     2
-1.20513527958497190101E-03    14     7     6     3
-1.20513527958498382724E-03    14     7     7     2
-1.34300764570720885041E-03    14     7     7     6
 3.41711254465899491595E-03    14     7    12    11
 4.56605948963448911998E-03    14     7    13     1
 2.10352140757388708994E-03    14     7    13     5
-2.56016723243004864358E-03    14     7    13     9
 3.00240258223521483752E-03    14     7    13    10
-2.23375111161400923335E-03    14     7    14     3
 2.68161704918422859334E-03    14     7    14     7
 7.38130229458158412803E-03    14     8     4     2
-1.20513527958497081681E-03    14     8     6     4
-1.20513527958498209251E-03    14     8     8     2
-1.34300764570720559780E-03    14     8     8     6
 4.56605948963449779360E-03    14     8    12     1
 2.10352140757389186043E-03    14     8    12     5
 3.88024052481873195364E-03    14     8    12     9
 7.15968570103294528646E-04    14     8    12    10
 3.41711254465900272220E-03    14     8    13    11
-2.23375111161400663126E-03    14     8    14     4
 2.68161704918423162911E-03    14     8    14     8
 1.73139657196261544103E-02    14     9     2     1
 4.57496067188560128630E-03    14     9     5     2
-5.90637713945955391236E-04    14     9     6     1
 1.20016681832932400192E-02    14     9     6     5
 1.37344401500381716602E-02    14     9     9     2
 3.34900028400216898464E-03    14     9     9     6
 1.78940739349596131258E-02    14     9    10     2
 4.09166320014595422117E-03    14     9    10     6
 1.91232196060445204522E-02    14     9    12     4
 4.44837876148207033572E-03    14     9    12     8
 5.21036920912431710667E-03    14     9    13     3
 8.74130228110318158695E-04    14     9    13     7
 7.20324032653929264419E-03    14     9    14     1
 8.90851191546931236998E-03    14     9    14     5
 1.65117853791817113807E-02    14     9    14     9
 4.87698304598985499236E-02    14    10     2     1
 1.28867100664088705952E-02    14    10     5     2
-1.66370325775303017427E-03    14    10     6     1
 3.38061962241085131597E-02    14    10     6     5
 1.78940739349596131258E-02    14    10     9     2
 4.09166320014595335380E-03    14    10     9     6
 5.77856702232940541708E-02    14    10    10     2
 1.34217650253931099213E-02    14    10    10     6
 3.18016950041787524461E-02    14    10    12     4
 6.86174500234680920241E-03    14    10    12     8
 3.67409497147858574162E-02    14    10    13     3
 8.13065276759122358696E-03    14    10    13     7
 2.02900257038750343741E-02    14    10    14     1
 2.50934201212456645114E-02    14    10    14     5
 1.96071087682577402389E-02    14    10    14     9
 6.47801262031475616476E-02    14    10    14    10
 7.38179590721889898608E-03    14    11    11     2
 1.89640314114693383195E-03    14    11    11     6
 7.38179590721892847638E-03    14    11    12     3
 1.89640314114692450781E-03    14    11    12     7
 7.38179590721892847638E-03    14    11    13     4
 1.89640314114692884462E-03    14    11    13     8
 9.55099002940633379222E-03    14    11    14    11
 4.48185489392586636215E-02    14    12     4     1
 1.18426420664369119740E-02    14    12     5     4
-1.52891173036413092166E-03    14    12     8     1
 3.10672529642322704790E-02    14    12     8     5
 2.92134112076089524912E-02    14    12     9     4
 6.60428673202913523593E-03    14    12     9     8
-2.28827869555907406629E-02    14    12    10     4
-4.82234536755506756206E-03    14    12    10     8
 3.51855930119518850452E-02    14    12    11     3
 7.83706612917907038951E-03    14    12    11     7
 4.99491848263895754645E-02    14    12    12     2
 1.16298724114729835899E-02    14    12    12     6
 5.61934386720437523133E-02    14    12    14    12
 4.48185489392586636215E-02    14    13     3     1
 1.18426420664369171781E-02    14    13     5     3
-1.52891173036414458261E-03    14    13     7     1
 3.10672529642322531318E-02    14    13     7     5
-3.71026855600456242912E-02    14    13     9     3
-8.16663486706424232575E-03    14    13     9     7
 6.60346478893849403967E-04    14    13    10     3
 4.21536511925247334501E-04    14    13    10     7
 3.51855930119518850452E-02    14    13    11     4
 7.83706612917909120619E-03    14    13    11     8
 4.99491848263895754645E-02    14    13    13     2
 1.16298724114729835899E-02    14    13    13     6
 5.61934386720437523133E-02    14    13    14    13
 7.71417510296756425703E-01    14    14     1     1
 8.05363793405615702170E-01    14    14     2     2
 7.39357794470517970531E-01    14    14     3     3
 7.39357794470517859509E-01    14    14     4     4
-6.94080169770401045337E-02    14    14     5     1
 3.70757519738880547688E-01    14    14     5     5
-8.77933533986215569600E-02    14    14     6     2
 3.24949763386031709178E-01    14    14     6     6
-8.11230397567087035959E-02    14    14     7     3
 3.05202898522184129515E-01    14    14     7     7
-8.11230397567086064514E-02    14    14     8     4
 3.05202898522184185026E-01    14    14     8     8
 9.76828967541298887056E-03    14    14     9     1
 4.77390605022054350520E-03    14    14     9     5
 5.29717213773078454686E-01    14    14     9     9
 2.75152347571678071447E-02    14    14    10     1
 1.34470977054566322162E-02    14    14    10     5
 1.68479514063075985764E-02    14    14    10     9
 5.71193122856717194757E-01    14    14    10    10
 5.23735957526255568872E-01    14    14    11    11
 5.63814773709216954245E-01    14    14    12    12
 5.63814773709216954245E-01    14    14    13    13
-1.61948367054762121242E-01    14    14    14     2
 1.06416222691595591110E-01    14    14    14     6
 6.81078091932113771634E-01    14    14    14    14
-4.80037017205850041757E-02    15     1     3     1
 2.00310021272278350468E-02    15     1     5     3
 1.49840202969342122657E-02    15     1     7     1
 7.76136373454961846913E-03    15     1     7     5
-1.18330961532121890084E-03    15     1     9     3
-6.92346702075424206418E-03    15     1     9     7
-2.18340200266428061159E-04    15     1    10     3
-1.27749420462494774064E-03    15     1    10     7
 1.04207512520603038514E-03    15     1    11     4
 6.09711327373385538614E-03    15     1    11     8
 1.04207512520595340678E-03    15     1    13     2
 6.09711327373386232503E-03    15     1    13     6
 1.86461486827531816579E-02    15     1    14    13
 4.62923213712329723046E-02    15     1    15     1
-1.39446563092282468932E-02    15     2     3     2
 5.75338551788088028993E-03    15     2     6     3
 5.75338551788088809619E-03    15     2     7     2
 2.26790234887449355591E-03    15     2     7     6
 8.29498526394250972060E-03    15     2    12    11
 3.70688287044050211391E-03    15     2    13     1
 8.21951677703828577359E-03    15     2    13     5
-6.21476442133247607841E-03    15     2    13     9
 7.28828355828983493608E-03    15     2    13    10
 2.01369461116674385026E-02    15     2    14     3
-2.23375111161405086671E-03    15     2    14     7
 2.01369461116674940138E-02    15     2    15     2
-2.38060984646856571567E-01    15     3     1     1
-2.24810033531459174672E-01    15     3     2     2
-2.52699346149916348470E-01    15     3     3     3
-2.24810033531458258738E-01    15     3     4     4
 5.56640451148334644560E-02    15     3     5     1
-1.40947791280184205054E-02    15     3     5     5
 5.19992386524286490102E-02    15     3     6     2
-1.45454351553331879404E-02    15     3     6     6
 6.35060096881908259236E-02    15     3     7     3
-1.00096304575842450640E-02    15     3     7     7
 5.19992386524286420713E-02    15     3     8     4
-1.45454351553332469210E-02    15     3     8     8
-4.20928399245187098016E-03    15     3     9     1
-9.33352404284807854462E-03    15     3     9     5
-2.83410237395667931326E-02    15     3     9     9
-7.76682533455731846823E-04    15     3    10     1
-1.72218959629960328278E-03    15     3    10     5
 3.94711385531919863728E-03    15     3    10     9
-4.90043688315970477065E-02    15     3    10    10
-3.31427061096196892698E-02    15     3    11    11
-4.97326766375048717750E-02    15     3    12    12
-3.31427061096197170253E-02    15     3    13    13
 1.40831725412968122857E-01    15     3    14     2
-3.89239524668106851024E-02    15     3    14     6
-1.52988588313757889470E-01    15     3    14    14
 1.81105617636306143181E-01    15     3    15     3
-1.39446563092280855639E-02    15     4     4     3
 5.75338551788087248368E-03    15     4     7     4
 5.75338551788087508576E-03    15     4     8     3
 2.26790234887452044413E-03    15     4     8     7
 3.70688287044060749836E-03    15     4    11     1
 8.21951677703829097776E-03    15     4    11     5
-3.20445650079721408576E-03    15     4    11     9
-9.02628564655460173538E-03    15     4    11    10
 8.29498526394257043592E-03    15     4    13    12
 2.01369461116674836054E-02    15     4    15     4
 4.65792962290305784245E-02    15     5     3     1
 2.05691664721885120876E-03    15     5     5     3
-5.75253675292478148379E-03    15     5     7     1
 1.66779942693202516690E-02    15     5     7     5
-2.96956025649640110997E-02    15     5     9     3
-5.15787101992216945323E-03    15     5     9     7
-5.47932994637918401731E-03    15     5    10     3
-9.51712533099593940150E-04    15     5    10     7
 2.61512695918992149613E-02    15     5    11     4
 4.54225083552848001717E-03    15     5    11     8
 2.61512695918991351640E-02    15     5    13     2
 4.54225083552848001717E-03    15     5    13     6
 2.30603770230894677962E-02    15     5    14    13
-2.30260357307456161799E-03    15     5    15     1
 1.91412551330829815155E-02    15     5    15     5
 7.38130229458160407735E-03    15     6     3     2
-1.20513527958497558730E-03    15     6     6     3
-1.20513527958498816404E-03    15     6     7     2
-1.34300764570720950093E-03    15     6     7     6
 3.41711254465900662533E-03    15     6    12    11
 4.56605948963451427347E-03    15     6    13     1
 2.10352140757388882467E-03    15     6    13     5
-2.56016723243005861824E-03    15     6    13     9
 3.00240258223522784795E-03    15     6    13    10
-2.23375111161401140175E-03    15     6    14     3
 2.68161704918423119542E-03    15     6    14     7
-2.23375111161405563720E-03    15     6    15     2
 2.68161704918423509855E-03    15     6    15     6
 1.29222298074800595602E-01    15     7     1     1
 1.22021639029257472631E-01    15     7     2     2
 1.36784243618420897626E-01    15     7     3     3
 1.22021639029257125686E-01    15     7     4     4
-1.71400990975664087312E-02    15     7     5     1
 3.42125966859866056935E-02    15     7     5     5
-1.92599443369007305993E-02    15     7     6     2
 2.19761051391637804442E-02    15     7     6     6
-2.16702148960707836889E-02    15     7     7     3
 1.92900898477492560579E-02    15     7     7     7
-1.92599443369006716187E-02    15     7     8     4
 2.19761051391637214636E-02    15     7     8     8
-5.18490650771966706672E-03    15     7     9     1
-2.38861579881226911842E-03    15     7     9     5
 7.76072144476091518861E-02    15     7     9     9
-9.56701027863508931745E-04    15     7    10     1
-4.40739131263447264999E-04    15     7    10     5
 1.62601039556256685842E-03    15     7    10     9
 6.90949659647188685341E-02    15     7    10    10
 7.56291652359366989300E-02    15     7    11    11
 6.87949401466186188925E-02    15     7    12    12
 7.56291652359366989300E-02    15     7    13    13
-3.89239524668108238803E-02    15     7    14     2
 2.17185961401540270077E-02    15     7    14     6
 9.42168544296668464266E-02    15     7    14    14
-4.33914546900397227192E-02    15     7    15     3
 2.70818302385228033835E-02    15     7    15     7
 7.38130229458160147527E-03    15     8     4     3
-1.20513527958498361040E-03    15     8     7     4
-1.20513527958498295987E-03    15     8     8     3
-1.34300764570721123566E-03    15     8     8     7
 4.56605948963450126304E-03    15     8    11     1
 2.10352140757390270245E-03    15     8    11     5
-1.32007329238867723853E-03    15     8    11     9
-3.71837115233851836504E-03    15     8    11    10
 3.41711254465900142116E-03    15     8    13    12
-2.23375111161404739726E-03    15     8    15     4
 2.68161704918424073640E-03    15     8    15     8
-5.08928949763449642307E-02    15     9     3     1
-1.34476986246576252215E-02    15     9     5     3
 1.73612814254603636636E-03    15     9     7     1
-3.52778588270459964038E-02    15     9     7     5
 6.22695853098518548041E-02    15     9     9     3
 1.44470581151015728394E-02    15     9     9     7
 1.01277051882164431662E-02    15     9    10     3
 2.31580347612135063751E-03    15     9    10     7
-3.44237804167330935234E-02    15     9    11     4
-7.47841696013942097698E-03    15     9    11     8
-3.71026855600453675521E-02    15     9    13     2
-8.16663486706423712158E-03    15     9    13     6
-3.84288700667041391301E-02    15     9    14    13
-2.11732978662646648127E-02    15     9    15     1
-2.61857952505688655609E-02    15     9    15     5
 6.96932952852312714853E-02    15     9    15     9
-9.39058107649989870502E-03    15    10     3     1
-2.48132287003684573468E-03    15    10     5     3
 3.20344364166124306523E-04    15    10     7     1
-6.50934857753080169801E-03    15    10     7     5
 1.01277051882163945939E-02    15    10     9     3
 2.31580347612135584168E-03    15    10     9     7
 9.25052506348010561421E-03    15    10    10     3
 2.32370719429356598767E-03    15    10    10     7
-1.38581627591948912392E-02    15    10    11     4
-3.30830740003618811729E-03    15    10    11     8
 6.60346478893879761628E-04    15    10    13     2
 4.21536511925266850140E-04    15    10    13     6
 2.62145513154306416745E-03    15    10    14    13
-3.90682373958999799163E-03    15    10    15     1
-4.83171243190990730432E-03    15    10    15     5
 1.10972502919109896474E-02    15    10    15     9
 1.15986162970973076536E-02    15    10    15    10
 4.48185489392584346380E-02    15    11     4     1
 1.18426420664369570768E-02    15    11     5     4
-1.52891173036408842094E-03    15    11     8     1
 3.10672529642321872123E-02    15    11     8     5
 1.79794659540011003696E-02    15    11     9     4
 3.71825610558217372476E-03    15    11     9     8
-3.24620414830723569288E-02    15    11    10     4
-7.28328151427199387002E-03    15    11    10     8
 4.99491848263896032201E-02    15    11    11     3
 1.16298724114729055273E-02    15    11    11     7
 3.51855930119516352450E-02    15    11    12     2
 7.83706612917909294092E-03    15    11    12     6
 3.70914586132310569733E-02    15    11    14    12
 5.61934386720434539408E-02    15    11    15    11
 7.38179590721887036314E-03    15    12    11     2
 1.89640314114692992882E-03    15    12    11     6
 7.38179590721889811872E-03    15    12    12     3
 1.89640314114692147204E-03    15    12    12     7
 7.38179590721889811872E-03    15    12    13     4
 1.89640314114692580885E-03    15    12    13     8
 9.55099002940630950609E-03    15    12    14    11
 9.55099002940628348524E-03    15    12    15    12
 4.48185489392583374935E-02    15    13     2     1
 1.18426420664368425850E-02    15    13     5     2
-1.52891173036406933898E-03    15    13     6     1
 3.10672529642321906818E-02    15    13     6     5
 5.21036920912425725871E-03    15    13     9     2
 8.74130228110332036483E-04    15    13     9     6
 3.67409497147855174104E-02    15    13    10     2
 8.13065276759127736339E-03    15    13    10     6
 3.51855930119517462673E-02    15    13    12     4
 7.83706612917907732840E-03    15    13    12     8
 4.99491848263895685256E-02    15    13    13     3
 1.16298724114729037926E-02    15    13    13     7
 1.86461486827533204358E-02    15    13    14     1
 2.30603770230893810600E-02    15    13    14     5
 3.48343965007232676465E-03    15    13    14     9
 3.83603405852273038334E-02    15    13    14    10
 5.61934386720434261853E-02    15    13    15    13
 3.30029994675468951737E-02    15    14     3     2
-3.33515682095611746757E-03    15    14     6     3
-3.33515682095616734087E-03    15    14     7     2
 9.87343243192390605800E-03    15    14     7     6
 2.00394080914808071781E-02    15    14    12    11
 2.52859787272244201928E-02    15    14    13     1
 1.23576276751380231128E-02    15    14    13     5
-1.50139146084876974607E-02    15    14    13     9
 1.76073716665751979493E-02    15    14    13    10
-4.47988937049999865619E-03    15    14    14     3
 6.09968413096387794547E-03    15    14    14     7
-4.47988937050020248620E-03    15    14    15     2
 6.09968413096389702743E-03    15    14    15     6
 3.05465786236157783862E-02    15    14    15    14
 7.71417510296757980015E-01    15    15     1     1
 7.39357794470520857111E-01    15    15     2     2
 8.05363793405616701371E-01    15    15     3     3
 7.39357794470519635865E-01    15    15     4     4
-6.94080169770402155560E-02    15    15     5     1
 3.70757519738880325644E-01    15    15     5     5
-8.11230397567090782962E-02    15    15     6     2
 3.05202898522183685426E-01    15    15     6     6
-8.77933533986219871714E-02    15    15     7     3
 3.24949763386032042245E-01    15    15     7     7
-8.11230397567089811517E-02    15    15     8     4
 3.05202898522184074004E-01    15    15     8     8
-2.87130371285068894394E-02    15    15     9     1
-1.40324812452070346591E-02    15    15     9     5
 5.75414899505394261681E-01    15    15     9     9
-5.29803036815128160913E-03    15    15    10     1
-2.58922493795714706022E-03    15    15    10     5
 9.53561975258823690815E-03    15    15    10     9
 5.25495437124401054696E-01    15    15    10    10
 5.63814773709216954245E-01    15    15    11    11
 5.23735957526255568872E-01    15    15    12    12
 5.63814773709216732200E-01    15    15    13    13
-1.52988588313757944981E-01    15    15    14     2
 9.42168544296672072491E-02    15    15    14     6
 6.19984934684873589816E-01    15    15    14    14
-1.61948367054763203710E-01    15    15    15     3
 1.06416222691595660499E-01    15    15    15     7
 6.81078091932112106299E-01    15    15    15    15
-4.80037017205849625423E-02    16     1     4     1
 2.00310021272278385163E-02    16     1     5     4
 1.49840202969342122657E-02    16     1     8     1
 7.76136373454962107121E-03    16     1     8     5
 7.80742967758802633091E-04    16     1     9     4
 4.56807594476972556041E-03    16     1     9     8
-9.15606087277314188884E-04    16     1    10     4
-5.35715121992445808541E-03    16     1    10     8
 1.04207512520604621449E-03    16     1    11     3
 6.09711327373384064099E-03    16     1    11     7
 1.04207512520596836877E-03    16     1    12     2
 6.09711327373385365141E-03    16     1    12     6
 1.86461486827532059440E-02    16     1    14    12
 1.86461486827532406385E-02    16     1    15    11
 4.62923213712329653657E-02    16     1    16     1
-1.39446563092282243418E-02    16     2     4     2
 5.75338551788087335104E-03    16     2     6     4
 5.75338551788088462674E-03    16     2     8     2
 2.26790234887449745904E-03    16     2     8     6
 3.70688287044051208857E-03    16     2    12     1
 8.21951677703828577359E-03    16     2    12     5
 9.41922092212968062319E-03    16     2    12     9
 1.73800208826472711750E-03    16     2    12    10
 8.29498526394251145533E-03    16     2    13    11
 2.01369461116674211554E-02    16     2    14     4
-2.23375111161404219309E-03    16     2    14     8
 2.01369461116674662582E-02    16     2    16     2
-1.39446563092280612778E-02    16     3     4     3
 5.75338551788086554478E-03    16     3     7     4
 5.75338551788086814687E-03    16     3     8     3
 2.26790234887452217885E-03    16     3     8     7
 3.70688287044061573830E-03    16     3    11     1
 8.21951677703829444721E-03    16     3    11     5
-3.20445650079721408576E-03    16     3    11     9
-9.02628564655460173538E-03    16     3    11    10
 8.29498526394257390537E-03    16     3    13    12
 2.01369461116674627887E-02    16     3    15     4
-2.23375111161403655524E-03    16     3    15     8
 2.01369461116674523804E-02    16     3    16     3
-2.38060984646856294011E-01    16     4     1     1
-2.24810033531459091405E-01    16     4     2     2
-2.24810033531458147715E-01    16     4     3     3
-2.52699346149916015403E-01    16     4     4     4
 5.56640451148333673115E-02    16     4     5     1
-1.40947791280182661150E-02    16     4     5     5
 5.19992386524286351324E-02    16     4     6     2
-1.45454351553331029390E-02    16     4     6     6
 5.19992386524286490102E-02    16     4     7     3
-1.45454351553331671237E-02    16     4     7     7
 6.35060096881907704125E-02    16     4     8     4
-1.00096304575841670015E-02    16     4     8     8
 2.77726880087453753196E-03    16     4     9     1
 6.15822196195268695834E-03    16     4     9     5
-4.04202316882531845210E-02    16     4     9     9
-3.25700560247842597211E-03    16     4    10     1
-7.22197412978952974633E-03    16     4    10     5
-1.09210478160909688072E-02    16     4    10     9
-3.69251608829103197817E-02    16     4    10    10
-3.31427061096195227363E-02    16     4    11    11
-3.31427061096195504919E-02    16     4    12    12
-4.97326766375047885083E-02    16     4    13    13
 1.40831725412968178368E-01    16     4    14     2
-3.89239524668107406136E-02    16     4    14     6
-1.52988588313757584158E-01    16     4    14    14
 1.40831725412968372657E-01    16     4    15     3
-3.89239524668109349026E-02    16     4    15     7
-1.52988588313758500092E-01    16     4    15    15
 1.81105617636305837870E-01    16     4    16     4
 4.65792962290305714856E-02    16     5     4     1
 2.05691664721887939801E-03    16     5     5     4
-5.75253675292476066711E-03    16     5     8     1
 1.66779942693202655468E-02    16     5     8     5
 1.95930402117631963232E-02    16     5     9     4
 3.40314274072538039753E-03    16     5     9     8
-2.29774812287555883772E-02    16     5    10     4
-3.99099106614636198187E-03    16     5    10     8
 2.61512695918991976141E-02    16     5    11     3
 4.54225083552847568036E-03    16     5    11     7
 2.61512695918991247557E-02    16     5    12     2
 4.54225083552848782342E-03    16     5    12     6
 2.30603770230894712656E-02    16     5    14    12
 2.30603770230894157545E-02    16     5    15    11
-2.30260357307459544510E-03    16     5    16     1
 1.91412551330829260043E-02    16     5    16     5
 7.38130229458159800582E-03    16     6     4     2
-1.20513527958497233469E-03    16     6     6     4
-1.20513527958498339356E-03    16     6     8     2
-1.34300764570720993461E-03    16     6     8     6
 4.56605948963451080402E-03    16     6    12     1
 2.10352140757389055939E-03    16     6    12     5
 3.88024052481873802517E-03    16     6    12     9
 7.15968570103295070747E-04    16     6    12    10
 3.41711254465900662533E-03    16     6    13    11
-2.23375111161400879967E-03    16     6    14     4
 2.68161704918422946070E-03    16     6    14     8
-2.23375111161404956567E-03    16     6    16     2
 2.68161704918423032806E-03    16     6    16     6
 7.38130229458158846484E-03    16     7     4     3
-1.20513527958498187567E-03    16     7     7     4
-1.20513527958498035779E-03    16     7     8     3
-1.34300764570721492194E-03    16     7     8     7
 4.56605948963448911998E-03    16     7    11     1
 2.10352140757389879933E-03    16     7    11     5
-1.32007329238867311856E-03    16     7    11     9
-3.71837115233850708934E-03    16     7    11    10
 3.41711254465899274754E-03    16     7    13    12
-2.23375111161404349414E-03    16     7    15     4
 2.68161704918423553223E-03    16     7    15     8
-2.23375111161404045837E-03    16     7    16     3
 2.68161704918423249647E-03    16     7    16     7
 1.29222298074800762135E-01    16     8     1     1
 1.22021639029257639164E-01    16     8     2     2
 1.22021639029257292219E-01    16     8     3     3
 1.36784243618421036404E-01    16     8     4     4
-1.71400990975664122007E-02    16     8     5     1
 3.42125966859867167158E-02    16     8     5     5
-1.92599443369007548854E-02    16     8     6     2
 2.19761051391638359553E-02    16     8     6     6
-1.92599443369007028437E-02    16     8     7     3
 2.19761051391637388108E-02    16     8     7     7
-2.16702148960707385861E-02    16     8     8     4
 1.92900898477493254468E-02    16     8     8     8
 3.42098064781617972052E-03    16     8     9     1
 1.57599918352215192206E-03    16     8     9     5
 7.26311943948161481410E-02    16     8     9     9
-4.01191023800085300871E-03    16     8    10     1
-1.84823239602058264630E-03    16     8    10     5
-4.49891691253556311181E-03    16     8    10     9
 7.40709860175119694237E-02    16     8    10    10
 7.56291652359368377079E-02    16     8    11    11
 7.56291652359368377079E-02    16     8    12    12
 6.87949401466187437926E-02    16     8    13    13
-3.89239524668108308192E-02    16     8    14     2
 2.17185961401540686411E-02    16     8    14     6
 9.42168544296669574489E-02    16     8    14    14
-3.89239524668110251082E-02    16     8    15     3
 2.17185961401542559912E-02    16     8    15     7
 9.42168544296672627603E-02    16     8    15    15
-4.33914546900397019025E-02    16     8    16     4
 2.70818302385227860363E-02    16     8    16     8
 3.35789292567190145178E-02    16     9     4     1
 8.87273795277196582199E-03    16     9     5     4
-1.14549042860008043303E-03    16     9     8     1
 2.32761906437528379166E-02    16     9     8     5
 3.12761401001080130424E-02    16     9     9     4
 7.36008956498902019300E-03    16     9     9     8
-2.80217791231760424142E-02    16     9    10     4
-6.40746667626729618505E-03    16     9    10     8
 1.79794659540011142473E-02    16     9    11     3
 3.71825610558216635218E-03    16     9    11     7
 2.92134112076087824883E-02    16     9    12     2
 6.60428673202910661300E-03    16     9    12     6
 3.14793096195938662540E-02    16     9    14    12
 1.69441882945547545036E-02    16     9    15    11
 1.39700575397253487497E-02    16     9    16     1
 1.72772833350996433965E-02    16     9    16     5
 3.57327867090800124772E-02    16     9    16     9
-3.93792493833980614126E-02    16    10     4     1
-1.04053871963721844551E-02    16    10     5     4
 1.34335889358684732083E-03    16    10     8     1
-2.72968476465774920192E-02    16    10     8     5
-2.80217791231759903725E-02    16    10     9     4
-6.40746667626729791978E-03    16    10     9     8
 4.02439702732239543148E-02    16    10    10     4
 9.41067574440616026743E-03    16    10    10     8
-3.24620414830723152955E-02    16    10    11     3
-7.28328151427196264500E-03    16    10    11     7
-2.28827869555905498433E-02    16    10    12     2
-4.82234536755506495997E-03    16    10    12     6
-2.21969175221260438258E-02    16    10    14    12
-3.45911052822686013175E-02    16    10    15    11
-1.63832019642850719443E-02    16    10    16     1
-2.02617076893354744471E-02    16    10    16     5
-3.07043590601685408015E-02    16    10    16     9
 4.55591248732486187034E-02    16    10    16    10
 4.48185489392584346380E-02    16    11     3     1
 1.18426420664369588115E-02    16    11     5     3
-1.52891173036410988814E-03    16    11     7     1
 3.10672529642321733345E-02    16    11     7     5
-3.44237804167330935234E-02    16    11     9     3
-7.47841696013940362975E-03    16    11     9     7
-1.38581627591949363421E-02    16    11    10     3
-3.30830740003618117839E-03    16    11    10     7
 4.99491848263895893423E-02    16    11    11     4
 1.16298724114729367524E-02    16    11    11     8
 3.51855930119516352450E-02    16    11    13     2
 7.83706612917909641036E-03    16    11    13     6
 3.70914586132310430955E-02    16    11    14    13
 1.86461486827532232913E-02    16    11    15     1
 2.30603770230893775905E-02    16    11    15     5
-3.49627492696660477356E-02    16    11    15     9
-1.61634230631009477575E-02    16    11    15    10
 5.61934386720434261853E-02    16    11    16    11
 4.48185489392583374935E-02    16    12     2     1
 1.18426420664368373808E-02    16    12     5     2
-1.52891173036406933898E-03    16    12     6     1
 3.10672529642321768040E-02    16    12     6     5
 1.91232196060443469798E-02    16    12     9     2
 4.44837876148207033572E-03    16    12     9     6
 3.18016950041784610126E-02    16    12    10     2
 6.86174500234679272254E-03    16    12    10     6
 4.99491848263895546478E-02    16    12    12     4
 1.16298724114729298135E-02    16    12    12     8
 3.51855930119517393284E-02    16    12    13     3
 7.83706612917904436866E-03    16    12    13     7
 1.86461486827533204358E-02    16    12    14     1
 2.30603770230893706517E-02    16    12    14     5
 2.14846817721494019737E-02    16    12    14     9
 3.19696501507256980457E-02    16    12    14    10
 3.70914586132309251343E-02    16    12    15    13
 5.61934386720434123075E-02    16    12    16    12
 7.38179590721886776106E-03    16    13    11     2
 1.89640314114693166354E-03    16    13    11     6
 7.38179590721889551663E-03    16    13    12     3
 1.89640314114692320677E-03    16    13    12     7
 7.38179590721889638399E-03    16    13    13     4
 1.89640314114692754358E-03    16    13    13     8
 9.55099002940630603664E-03    16    13    14    11
 9.55099002940628175051E-03    16    13    15    12
 9.55099002940627654634E-03    16    13    16    13
 3.30029994675468743570E-02    16    14     4     2
-3.33515682095611573285E-03    16    14     6     4
-3.33515682095615736621E-03    16    14     8     2
 9.87343243192390085383E-03    16    14     8     6
 2.52859787272244132539E-02    16    14    12     1
 1.23576276751380300517E-02    16    14    12     5
 2.27553884613722785801E-02    16    14    12     9
 4.19874562791315922294E-03    16    14    12    10
 2.00394080914808071781E-02    16    14    13    11
-4.47988937049996829853E-03    16    14    14     4
 6.09968413096389008854E-03    16    14    14     8
-4.47988937050016518965E-03    16    14    16     2
 6.09968413096389962952E-03    16    14    16     6
 3.05465786236156326694E-02    16    14    16    14
 3.30029994675469298682E-02    16    15     4     3
-3.33515682095614825892E-03    16    15     7     4
-3.33515682095613958530E-03    16    15     8     3
 9.87343243192389044549E-03    16    15     8     7
 2.52859787272243889678E-02    16    15    11     1
 1.23576276751380855629E-02    16    15    11     5
-7.74147385288452734298E-03    16    15    11     9
-2.18061172944882288027E-02    16    15    11    10
 2.00394080914807759530E-02    16    15    13    12
-4.47988937050018340424E-03    16    15    15     4
 6.09968413096389269062E-03    16    15    15     8
-4.47988937050017559799E-03    16    15    16     3
 6.09968413096388054756E-03    16    15    16     7
 3.05465786236157749167E-02    16    15    16    15
 7.71417510296757313881E-01    16    16     1     1
 7.39357794470520301999E-01    16    16     2     2
 7.39357794470519302799E-01    16    16     3     3
 8.05363793405615924215E-01    16    16     4     4
-6.94080169770399380003E-02    16    16     5     1
 3.70757519738880159110E-01    16    16     5     5
-8.11230397567090089073E-02    16    16     6     2
 3.05202898522183518892E-01    16    16     6     6
-8.11230397567090505406E-02    16    16     7     3
 3.05202898522183796448E-01    16    16     7     7
-8.77933533986218206380E-02    16    16     8     4
 3.24949763386031931223E-01    16    16     8     8
 1.89447474530935709713E-02    16    16     9     1
 9.25857519498649549072E-03    16    16     9     5
 5.46233391666218870419E-01    16    16     9     9
-2.22172043890173434577E-02    16    16    10     1
-1.08578727674994990338E-02    16    16    10     5
-2.63835711588950722062E-02    16    16    10     9
 5.54676944963575779823E-01    16    16    10    10
 5.63814773709216510156E-01    16    16    11    11
 5.63814773709216288111E-01    16    16    12    12
 5.23735957526255346828E-01    16    16    13    13
-1.52988588313757944981E-01    16    16    14     2
 9.42168544296674570493E-02    16    16    14     6
 6.19984934684872035504E-01    16    16    14    14
-1.52988588313758056003E-01    16    16    15     3
 9.42168544296670129601E-02    16    16    15     7
 6.19984934684873034705E-01    16    16    15    15
-1.61948367054762898398E-01    16    16    16     4
 1.06416222691595951932E-01    16    16    16     8
 6.81078091932111218121E-01    16    16    16    16
-1.97908773335668891624E-01    17     1     1     1
-1.91769250403159924323E-01    17     1     2     2
-1.91769250403159119411E-01    17     1     3     3
-1.91769250403159063900E-01    17     1     4     4
 4.81569639151849249181E-02    17     1     5     1
-1.18768176402028503846E-02    17     1     5     5
 4.65438096585281887996E-02    17     1     6     2
-1.11174506126557482572E-02    17     1     6     6
 4.65438096585282026774E-02    17     1     7     3
-1.11174506126557898905E-02    17     1     7     7
 4.65438096585281818607E-02    17     1     8     4
-1.11174506126557846863E-02    17     1     8     8
 4.69704538826097434083E-17    17     1     9     1
-1.10600877726587225659E-17    17     1     9     5
-2.30643831151918499156E-02    17     1     9     9
 1.23831591796595501093E-16    17     1    10     1
-2.47558375421210999864E-17    17     1    10     5
 5.98019253047684471410E-16    17     1    10     9
-2.30643831151903927479E-02    17     1    10    10
-2.30643831151905835675E-02    17     1    11    11
-2.30643831151915272570E-02    17     1    12    12
-2.30643831151915272570E-02    17     1    13    13
 1.34198715581398592134E-01    17     1    14     2
-3.39820170538454313647E-02    17     1    14     6
-1.26517789405246716683E-01    17     1    14    14
 1.34198715581398814178E-01    17     1    15     3
-3.39820170538456395315E-02    17     1    15     7
-1.26517789405247549350E-01    17     1    15    15
 1.34198715581398786423E-01    17     1    16     4
-3.39820170538456325926E-02    17     1    16     8
-1.26517789405247438328E-01    17     1    16    16
 1.21966807345172095767E-01    17     1    17     1
-3.41738444079373593354E-02    17     2     2     1
 1.95211041009604666097E-02    17     2     5     2
 1.28370190804623779401E-02    17     2     6     1
 8.73577121522933416897E-03    17     2     6     5
 3.71902918581361145722E-03    17     2     9     2
 2.25586419086080914795E-03    17     2     9     6
 1.04757295818107103169E-02    17     2    10     2
 6.35429894631982152692E-03    17     2    10     6
 9.62699674182574197112E-03    17     2    12     4
 5.83948017892916681343E-03    17     2    12     8
 9.62699674182574370584E-03    17     2    13     3
 5.83948017892915727245E-03    17     2    13     7
 4.82998625543049203701E-02    17     2    14     1
 9.32616760006967776553E-04    17     2    14     5
 9.55271290945075568501E-03    17     2    14     9
 2.69079999677888509479E-02    17     2    14    10
 2.47279414761452202842E-02    17     2    15    13
 2.47279414761452098759E-02    17     2    16    12
 5.28111710164243866594E-02    17     2    17     2
-3.41738444079369360629E-02    17     3     3     1
 1.95211041009604943652E-02    17     3     5     3
 1.28370190804623605929E-02    17     3     7     1
 8.73577121522946427323E-03    17     3     7     5
-1.09317625339312510246E-02    17     3     9     3
-6.63091640618411123920E-03    17     3     9     7
-2.01709103857497301301E-03    17     3    10     3
-1.22351377638685201825E-03    17     3    10     7
 9.62699674182593799487E-03    17     3    11     4
 5.83948017892919717109E-03    17     3    11     8
 9.62699674182584258508E-03    17     3    13     2
 5.83948017892919977317E-03    17     3    13     6
 2.47279414761454353899E-02    17     3    14    13
 4.82998625543050799647E-02    17     3    15     1
 9.32616760007035972870E-04    17     3    15     5
-2.80793679918616249924E-02    17     3    15     9
-5.18110792925062513259E-03    17     3    15    10
 2.47279414761454006955E-02    17     3    16    11
 5.28111710164244976817E-02    17     3    17     3
-3.41738444079369499407E-02    17     4     4     1
 1.95211041009604943652E-02    17     4     5     4
 1.28370190804623710012E-02    17     4     8     1
 8.73577121522948162047E-03    17     4     8     5
 7.21273334811761007712E-03    17     4     9     4
 4.37505221532327737144E-03    17     4     9     8
-8.45863854323581319805E-03    17     4    10     4
-5.13078516993306730370E-03    17     4    10     8
 9.62699674182593626015E-03    17     4    11     3
 5.83948017892919283428E-03    17     4    11     7
 9.62699674182584085036E-03    17     4    12     2
 5.83948017892919977317E-03    17     4    12     6
 2.47279414761454353899E-02    17     4    14    12
 2.47279414761454006955E-02    17     4    15    11
 4.82998625543050660869E-02    17     4    16     1
 9.32616760007030551859E-04    17     4    16     5
 1.85266550824107374684E-02    17     4    16     9
-2.17268920385385796989E-02    17     4    16    10
 5.28111710164245254373E-02    17     4    17     4
 1.43163020894293890883E-01    17     5     1     1
 1.38718017251109521082E-01    17     5     2     2
 1.38718017251109271282E-01    17     5     3     3
 1.38718017251109271282E-01    17     5     4     4
-1.96976130914939193128E-02    17     5     5     1
 2.92387499540405562670E-02    17     5     5     5
-2.33030968213423089752E-02    17     5     6     2
 1.65061793355766664448E-02    17     5     6     6
-2.33030968213423193836E-02    17     5     7     3
 1.65061793355767184865E-02    17     5     7     7
-2.33030968213423020363E-02    17     5     8     4
 1.65061793355767219560E-02    17     5     8     8
-2.45195786810807672587E-17    17     5     9     1
-5.73089542223424598963E-18    17     5     9     5
 8.09905398108442114991E-02    17     5     9     9
-6.34935816331287070467E-17    17     5    10     1
-1.80817082492687776245E-17    17     5    10     5
-1.00721774863170795234E-16    17     5    10     9
 8.09905398108440033322E-02    17     5    10    10
 8.09905398108452939665E-02    17     5    11    11
 8.09905398108453355999E-02    17     5    12    12
 8.09905398108453355999E-02    17     5    13    13
-4.18801895968366408307E-02    17     5    14     2
 2.49554870123177598151E-02    17     5    14     6
 1.04710211008711195912E-01    17     5    14    14
-4.18801895968367310363E-02    17     5    15     3
 2.49554870123178673680E-02    17     5    15     7
 1.04710211008711487346E-01    17     5    15    15
-4.18801895968367032808E-02    17     5    16     4
 2.49554870123178812458E-02    17     5    16     8
 1.04710211008711417957E-01    17     5    16    16
-3.48307895222010679981E-02    17     5    17     1
 2.93244915684825538382E-02    17     5    17     5
 1.49518839970271752438E-02    17     6     2     1
-7.08406504158253392395E-03    17     6     5     2
-4.90647157935006957702E-03    17     6     6     1
-1.47158571168292222342E-02    17     6     6     5
 4.76016675079254708482E-04    17     6     9     2
-1.15052984738392861247E-03    17     6     9     6
 1.34083969644137562631E-03    17     6    10     2
-3.24080262746291028128E-03    17     6    10     6
 1.23220624283421563948E-03    17     6    12     4
-2.97823613065158893098E-03    17     6    12     8
 1.23220624283421477212E-03    17     6    13     3
-2.97823613065158806362E-03    17     6    13     7
-1.13790142848485802823E-02    17     6    14     1
 3.46108060138768493588E-03    17     6    14     5
-1.29663968000365086540E-03    17     6    14     9
-3.65236355352565765162E-03    17     6    14    10
-3.35645281363550120751E-03    17     6    15    13
-3.35645281363549990647E-03    17     6    16    12
-1.06570729092977864449E-02    17     6    17     2
 8.89352375175892287396E-03    17     6    17     6
 1.49518839970272012646E-02    17     7     3     1
-7.08406504158253565867E-03    17     7     5     3
-4.90647157935009126106E-03    17     7     7     1
-1.47158571168291910092E-02    17     7     7     5
-1.39920957706044716932E-03    17     7     9     3
 3.38188232772617270588E-03    17     7     9     7
-2.58177314977061636223E-04    17     7    10     3
 6.24013238084747097825E-04    17     7    10     7
 1.23220624283422561414E-03    17     7    11     4
-2.97823613065161278343E-03    17     7    11     8
 1.23220624283425553812E-03    17     7    13     2
-2.97823613065159803828E-03    17     7    13     6
-3.35645281363546824777E-03    17     7    14    13
-1.13790142848486583449E-02    17     7    15     1
 3.46108060138771182410E-03    17     7    15     5
 3.81135946121138402889E-03    17     7    15     9
 7.03258874324732955775E-04    17     7    15    10
-3.35645281363539582306E-03    17     7    16    11
-1.06570729092978124658E-02    17     7    17     3
 8.89352375175892287396E-03    17     7    17     7
 1.49518839970272307549E-02    17     8     4     1
-7.08406504158253392395E-03    17     8     5     4
-4.90647157935009473051E-03    17     8     8     1
-1.47158571168291858050E-02    17     8     8     5
 9.23192901981203899175E-04    17     8     9     4
-2.23135248034224192501E-03    17     8     9     8
-1.08266238146433502361E-03    17     8    10     4
 2.61678938937815819613E-03    17     8    10     8
 1.23220624283424578030E-03    17     8    11     3
-2.97823613065161321711E-03    17     8    11     7
 1.23220624283427201799E-03    17     8    12     2
-2.97823613065159673724E-03    17     8    12     6
-3.35645281363544309428E-03    17     8    14    12
-3.35645281363537630742E-03    17     8    15    11
-1.13790142848486531407E-02    17     8    16     1
 3.46108060138774348280E-03    17     8    16     5
-2.51471978120774075291E-03    17     8    16     9
 2.94910467920085498164E-03    17     8    16    10
-1.06570729092977881797E-02    17     8    17     4
 8.89352375175892287396E-03    17     8    17     8
 1.26492409814601264547E-16    17     9     1     1
 7.59633829486337005393E-03    17     9     2     2
-2.23287751232545093882E-02    17     9     3     3
 1.47324368283913813282E-02    17     9     4     4
-3.20643745750461139342E-17    17     9     5     1
 6.25778618376812057372E-18    17     9     5     5
 3.05423938373347320790E-04    17     9     6     2
 2.72552252534854610316E-03    17     9     6     6
-8.97767078357905069785E-04    17     9     7     3
-8.01143619459683195561E-03    17     9     7     7
 5.92343139984469711778E-04    17     9     8     4
 5.28591366924829452606E-03    17     9     8     8
 2.91082346960844610961E-02    17     9     9     1
 1.57386276796504173681E-02    17     9     9     5
-2.59028913715891595526E-02    17     9     9     9
-3.96731164020986924161E-17    17     9    10     1
 1.12943885959622576209E-16    17     9    10     5
-1.57884260670964476914E-02    17     9    10     9
 2.59028913715895620085E-02    17     9    10    10
-1.01488906521316878812E-02    17     9    11    11
 2.98317805665906099488E-02    17     9    12    12
-1.96828899144586809411E-02    17     9    13    13
 5.61607951295281428855E-03    17     9    14     2
 1.28042507174444693784E-03    17     9    14     6
 8.67165010714578826656E-03    17     9    14    14
-1.65079768240229581011E-02    17     9    15     3
-3.76369803178633289750E-03    17     9    15     7
-2.54895605848575353136E-02    17     9    15    15
 1.08918973110700510049E-02    17     9    16     4
 2.48327296004196554011E-03    17     9    16     8
 1.68179104777120974612E-02    17     9    16    16
-6.44239903248989740321E-17    17     9    17     1
 8.25912473910794718703E-18    17     9    17     5
 3.54775182195115543204E-02    17     9    17     9
 3.41674358456064700054E-16    17    10     1     1
 2.13973006967764986519E-02    17    10     2     2
-4.12002840929568629053E-03    17    10     3     3
-1.72772722874801817894E-02    17    10     4     4
-8.57695614438021988867E-17    17    10     5     1
 1.82125033996825198466E-17    17    10     5     5
 8.60315535682159172187E-04    17    10     6     2
 7.67722852339996781473E-03    17    10     6     6
-1.65652878285986384244E-04    17    10     7     3
-1.47824251616153305722E-03    17    10     7     7
-6.94662657396432725414E-04    17    10     8     4
-6.19898600723843389015E-03    17    10     8     8
-4.16341346046814988411E-17    17    10     9     1
 1.16046686277244186407E-16    17    10     9     5
-1.57884260670959584993E-02    17    10     9     9
 2.91082346960843639516E-02    17    10    10     1
 1.57386276796507053322E-02    17    10    10     5
 2.59028913715893885361E-02    17    10    10     9
 1.57884260670970687224E-02    17    10    10    10
-2.85873083310689973802E-02    17    10    11    11
 5.50445704055817913725E-03    17    10    12    12
 2.30828512905115156018E-02    17    10    13    13
 1.58193247076576053167E-02    17    10    14     2
 3.60669038375157919446E-03    17    10    14     6
 2.44262298067084542008E-02    17    10    14    14
-3.04599482593836349414E-03    17    10    15     3
-6.94464552102399168727E-04    17    10    15     7
-4.70324561783592998143E-03    17    10    15    15
-1.27733298817194560609E-02    17    10    16     4
-2.91222583164898020727E-03    17    10    16     8
-1.97229841888715527742E-02    17    10    16    16
-1.65455389017789037721E-16    17    10    17     1
 2.26597894786487692245E-17    17    10    17     5
 1.82325259875683101330E-16    17    10    17     9
 3.54775182195120331041E-02    17    10    17    10
 1.96637133941860338393E-02    17    11     4     3
 7.90613655523968021123E-04    17    11     7     4
 7.90613655523978212623E-04    17    11     8     3
 7.05522736185814139387E-03    17    11     8     7
 2.91082346960843327266E-02    17    11    11     1
 1.57386276796506012488E-02    17    11    11     5
-1.01488906521317780868E-02    17    11    11     9
-2.85873083310692610581E-02    17    11    11    10
 2.62711940024318892084E-02    17    11    13    12
 1.45376592846515276941E-02    17    11    15     4
 3.31448003711734768065E-03    17    11    15     8
 1.45376592846515294288E-02    17    11    16     3
 3.31448003711733727231E-03    17    11    16     7
 2.24472417818540083412E-02    17    11    16    15
 3.54775182195125535212E-02    17    11    17    11
 1.96637133941859887365E-02    17    12     4     2
 7.90613655523971707410E-04    17    12     6     4
 7.90613655523947638122E-04    17    12     8     2
 7.05522736185812491400E-03    17    12     8     6
 2.91082346960842806849E-02    17    12    12     1
 1.57386276796505422682E-02    17    12    12     5
 2.98317805665903636181E-02    17    12    12     9
 5.50445704055808806426E-03    17    12    12    10
 2.62711940024318649223E-02    17    12    13    11
 1.45376592846515519802E-02    17    12    14     4
 3.31448003711735071641E-03    17    12    14     8
 1.45376592846514166718E-02    17    12    16     2
 3.31448003711735245114E-03    17    12    16     6
 2.24472417818541193635E-02    17    12    16    14
 3.54775182195124424989E-02    17    12    17    12
 1.96637133941859922059E-02    17    13     3     2
 7.90613655523973225293E-04    17    13     6     3
 7.90613655523938964505E-04    17    13     7     2
 7.05522736185812317927E-03    17    13     7     6
 2.62711940024318683917E-02    17    13    12    11
 2.91082346960842806849E-02    17    13    13     1
 1.57386276796505422682E-02    17    13    13     5
-1.96828899144585803271E-02    17    13    13     9
 2.30828512905111721265E-02    17    13    13    10
 1.45376592846515519802E-02    17    13    14     3
 3.31448003711734030807E-03    17    13    14     7
 1.45376592846514149371E-02    17    13    15     2
 3.31448003711735808899E-03    17    13    15     6
 2.24472417818541158940E-02    17    13    15    14
 3.54775182195124424989E-02    17    13    17    13
 1.28532671623435595931E-01    17    14     2     1
-3.12522924020520401905E-03    17    14     5     2
-1.95069140552477197914E-02    17    14     6     1
 4.23324845194543372684E-02    17    14     6     5
 2.44216076314580469997E-02    17    14     9     2
 2.53036781761720739117E-03    17    14     9     6
 6.87905753673914016622E-02    17    14    10     2
 7.12751841286649295143E-03    17    14    10     6
 6.32172336788887206938E-02    17    14    12     4
 6.55005419929013867758E-03    17    14    12     8
 6.32172336788887206938E-02    17    14    13     3
 6.55005419929011092200E-03    17    14    13     7
-1.89058571532511286717E-02    17    14    14     1
 3.90288061069944958170E-02    17    14    14     5
 1.83636452129866956096E-02    17    14    14     9
 5.17265586732619728205E-02    17    14    14    10
 4.75357260727677366496E-02    17    14    15    13
 4.75357260727677297107E-02    17    14    16    12
-1.00152827052110062617E-02    17    14    17     2
 6.08426264014727460200E-03    17    14    17     6
 1.00637102577652903790E-01    17    14    17    14
 1.28532671623435928998E-01    17    15     3     1
-3.12522924020505786860E-03    17    15     5     3
-1.95069140552478793860E-02    17    15     7     1
 4.23324845194543927795E-02    17    15     7     5
-7.17851896248384996335E-02    17    15     9     3
-7.43779592029237233974E-03    17    15     9     7
-1.32455550735972472226E-02    17    15    10     3
-1.37239639545820146099E-03    17    15    10     7
 6.32172336788887900827E-02    17    15    11     4
 6.55005419929021240333E-03    17    15    11     8
 6.32172336788886374270E-02    17    15    13     2
 6.55005419929015168801E-03    17    15    13     6
 4.75357260727678684886E-02    17    15    14    13
-1.89058571532517601110E-02    17    15    15     1
 3.90288061069946207171E-02    17    15    15     5
-5.39783364678834698402E-02    17    15    15     9
-9.95989607609958430001E-03    17    15    15    10
 4.75357260727671676603E-02    17    15    16    11
-1.00152827052109386075E-02    17    15    17     3
 6.08426264014731276591E-03    17    15    17     7
 1.00637102577653556046E-01    17    15    17    15
 1.28532671623435845731E-01    17    16     4     1
-3.12522924020504225609E-03    17    16     5     4
-1.95069140552478377526E-02    17    16     8     1
 4.23324845194543789018E-02    17    16     8     5
 4.73635819933802618142E-02    17    16     9     4
 4.90742810267513849404E-03    17    16     9     8
-5.55450202937947112858E-02    17    16    10     4
-5.75512201740841552317E-03    17    16    10     8
 6.32172336788887762049E-02    17    16    11     3
 6.55005419929018378039E-03    17    16    11     7
 6.32172336788886096715E-02    17    16    12     2
 6.55005419929015775954E-03    17    16    12     6
 4.75357260727678684886E-02    17    16    14    12
 4.75357260727671676603E-02    17    16    15    11
-1.89058571532516664360E-02    17    16    16     1
 3.90288061069945305115E-02    17    16    16     5
 3.56146912548972044421E-02    17    16    16     9
-4.17666625971609625778E-02    17    16    16    10
-1.00152827052108345240E-02    17    16    17     4
 6.08426264014730929647E-03    17    16    17     8
 1.00637102577653528290E-01    17    16    17    16
 8.01055521040065721117E-01    17    17     1     1
 7.84050664473086689199E-01    17    17     2     2
 7.84050664473085801021E-01    17    17     3     3
 7.84050664473085689998E-01    17    17     4     4
-7.29685499880904225867E-02    17    17     5     1
 3.74159504409416199255E-01    17    17     5     5
-8.69375653741333437319E-02    17    17     6     2
 3.14165735674666879440E-01    17    17     6     6
-8.69375653741333159763E-02    17    17     7     3
 3.14165735674667101485E-01    17    17     7     7
-8.69375653741332049540E-02    17    17     8     4
 3.14165735674667156996E-01    17    17     8     8
-7.92595684704724964238E-17    17    17     9     1
-4.51990652678356032299E-18    17    17     9     5
 5.70683188308602984407E-01    17    17     9     9
-2.01712469759718862005E-16    17    17    10     1
-2.21844715360015056555E-17    17    17    10     5
-2.81857388036922758543E-15    17    17    10     9
 5.70683188308596323068E-01    17    17    10    10
 5.70683188308591549109E-01    17    17    11    11
 5.70683188308594435689E-01    17    17    12    12
 5.70683188308594435689E-01    17    17    13    13
-1.51222496098499720185E-01    17    17    14     2
 9.87894099560921723491E-02    17    17    14     6
 6.48816989065615579158E-01    17    17    14    14
-1.51222496098500275297E-01    17    17    15     3
 9.87894099560922417380E-02    17    17    15     7
 6.48816989065617688581E-01    17    17    15    15
-1.51222496098499914474E-01    17    17    16     4
 9.87894099560923250047E-02    17    17    16     8
 6.48816989065617022447E-01    17    17    16    16
-1.22953600309649760391E-01    17    17    17     1
 1.08153408600034847686E-01    17    17    17     5
 4.88866173510790138215E-17    17    17    17     9
 1.37405661363827319132E-16    17    17    17    10
 6.67489769724436299292E-01    17    17    17    17
-5.75359016909933484668E-18    18     1     1     1
-1.04754457064566296361E-03    18     1     2     2
-6.08063417778673537262E-02    18     1     3     3
 6.18538863485129930542E-02    18     1     4     4
 2.15783596294342031035E-18    18     1     5     1
 2.27995926705357214925E-04    18     1     6     2
-6.43680550779550728199E-05    18     1     6     6
 1.32343755403769997026E-02    18     1     7     3
-3.73634312689349965680E-03    18     1     7     7
-1.34623714670823423079E-02    18     1     8     4
 3.80071118197145051479E-03    18     1     8     8
 3.42284646886629254081E-02    18     1     9     1
-2.13927624856915903073E-03    18     1     9     5
-1.10200967303999575880E-02    18     1     9     9
-1.27247121597645115182E-02    18     1    10     1
 7.95293471117316575804E-04    18     1    10     5
-1.39821016077816828727E-02    18     1    10     9
 1.10200967303999645269E-02    18     1    10    10
 2.63312545423922093890E-04    18     1    11    11
 1.52843831948634330253E-02    18     1    12    12
-1.55476957402873594560E-02    18     1    13    13
 3.94607021696544136256E-04    18     1    14     2
-1.26403808279327070901E-04    18     1    14     6
-5.05538029934819309504E-04    18     1    14    14
 2.29055737594415949332E-02    18     1    15     3
-7.33730419080821753830E-03    18     1    15     7
-2.93447353853209039198E-02    18     1    15    15
-2.33001807811381057844E-02    18     1    16     4
 7.46370799908753837504E-03    18     1    16     8
 2.98502734152556632730E-02    18     1    16    16
 9.81614803583658046549E-03    18     1    17     9
-3.64923344969750361802E-03    18     1    17    10
-1.93867311362316142367E-18    18     1    17    17
 8.66644609010669142446E-02    18     1    18     1
-2.17442370739944932853E-03    18     2     2     1
 3.56442322261102677479E-04    18     2     5     2
 4.53836498047444807710E-04    18     2     6     1
-2.33965132327073791580E-04    18     2     6     5
 6.00130769140823708274E-03    18     2     9     2
-1.52675648918218997106E-03    18     2     9     6
-3.24953443583537006714E-03    18     2    10     2
 6.69530359354083052202E-04    18     2    10     6
 6.08853625179159221176E-03    18     2    12     4
-1.62261177800171094675E-03    18     2    12     8
-7.39674234668332482995E-03    18     2    13     3
 1.70293608547229932335E-03    18     2    13     7
 7.42262559434733932597E-04    18     2    14     1
-3.97084858561102605531E-04    18     2    14     5
-6.06804380837564351185E-04    18     2    14     9
-5.65384086520425772253E-05    18     2    14    10
 3.09718794641425420114E-04    18     2    15    13
-7.96126052889698128390E-04    18     2    16    12
 6.08270777698358892753E-04    18     2    17     2
-2.15107665868787136616E-04    18     2    17     6
-1.22096619641605397266E-03    18     2    17    14
 1.85585617123055698907E-02    18     2    18     2
-1.26217780920323791038E-01    18     3     3     1
 2.06902448629434597416E-02    18     3     5     3
 2.63436401513060906854E-02    18     3     7     1
-1.35808672958085355914E-02    18     3     7     5
 6.08217292719152036184E-02    18     3     9     3
-7.01397728940514764845E-03    18     3     9     7
 7.70655193483018099987E-03    18     3    10     3
-4.27113250616487484610E-04    18     3    10     7
-3.45107261567230427790E-02    18     3    11     4
 1.47858658181760499462E-03    18     3    11     8
-4.14261161991547680050E-02    18     3    13     2
 3.18396184809493229886E-03    18     3    13     6
-1.38335857791309618098E-02    18     3    14    13
 4.30857761499214148015E-02    18     3    15     1
-2.30494036254708031808E-02    18     3    15     5
 1.45783795999886740119E-02    18     3    15     9
 2.97828296724804084117E-03    18     3    15    10
-1.44006744300065343128E-02    18     3    16    11
 3.53080163256630982782E-02    18     3    17     3
-1.24862565435237670569E-02    18     3    17     7
-7.08728677699486664388E-02    18     3    17    15
 1.17346905633656989343E-01    18     3    18     3
 1.28392204627723216515E-01    18     4     4     1
-2.10466871852045510349E-02    18     4     5     4
-2.67974766493535160317E-02    18     4     8     1
 1.38148324281356024712E-02    18     4     8     5
 4.28997676047144435585E-02    18     4     9     4
-5.22008811442601153296E-03    18     4     9     8
-4.52473689853943872308E-02    18     4    10     4
 4.87328116353626886875E-03    18     4    10     8
 3.53375799473632165593E-02    18     4    11     3
-1.56135007009325626343E-03    18     4    11     7
 4.19074685034063060263E-02    18     4    12     2
-3.18152266728988523600E-03    18     4    12     6
 1.40909556353652244687E-02    18     4    14    12
 1.46297118320206226416E-02    18     4    15    11
-4.38280387093561013545E-02    18     4    16     1
 2.34464884840318958659E-02    18     4    16     5
 9.61402001705312543589E-03    18     4    16     9
-1.16898828092379773735E-02    18     4    16    10
-3.59162871033613662064E-02    18     4    17     4
 1.27013642093925255977E-02    18     4    17     8
 7.20938339663648175559E-02    18     4    17    16
 1.20781007263689899034E-01    18     4    18     4
 9.74022935256306337985E-18    18     5     1     1
 3.23535578723501912341E-04    18     5     2     2
 1.87801221336442412946E-02    18     5     3     3
-1.91036577123677164813E-02    18     5     4     4
-1.67384834476653523789E-18    18     5     5     1
 1.69759652014229951390E-18    18     5     5     5
-3.06275431836584155357E-05    18     5     6     2
 1.09658796772792789835E-04    18     5     6     6
-1.77782302617817376811E-03    18     5     7     3
 6.36531414735568012997E-03    18     5     7     7
 1.80845056936182317121E-03    18     5     8     4
-6.47497294412847056166E-03    18     5     8     8
-1.40540427699552845225E-02    18     5     9     1
-6.42737796729984326577E-03    18     5     9     5
 7.79962845013218615542E-03    18     5     9     9
 5.22470553544673171897E-03    18     5    10     1
 2.38943041470953115163E-03    18     5    10     5
 9.89602906042138900922E-03    18     5    10     9
-7.79962845013218615542E-03    18     5    10    10
-1.86363157312359581548E-04    18     5    11    11
-1.08177371692683137877E-02    18     5    12    12
 1.10041003265806940775E-02    18     5    13    13
-3.25182319631002334425E-05    18     5    14     2
 5.54700902948063295761E-05    18     5    14     6
 2.53209248861227260562E-04    18     5    14    14
-1.88757097518163041543E-03    18     5    15     3
 3.21984702458655248566E-03    18     5    15     7
 1.46979217486498982270E-02    18     5    15    15
 1.92008920714472133828E-03    18     5    16     4
-3.27531711488136161384E-03    18     5    16     8
-1.49511309975110650433E-02    18     5    16    16
-1.41044772953346624421E-18    18     5    17     1
 1.85636449634602786779E-18    18     5    17     5
-1.01434602546927703226E-02    18     5    17     9
 3.77091444851536481547E-03    18     5    17    10
 6.80830457525520290845E-18    18     5    17    17
-2.09987058961603988150E-02    18     5    18     1
 9.48261141095742277063E-03    18     5    18     5
 6.62591418857708201046E-04    18     6     2     1
-3.14619670994936158999E-05    18     6     5     2
-1.07267808001452829257E-04    18     6     6     1
 2.19515567456560190245E-04    18     6     6     5
-2.41705376644483918916E-03    18     6     9     2
-2.20286526298887078363E-04    18     6     9     6
 1.30480514788549272452E-03    18     6    10     2
 1.19448244779853977805E-04    18     6    10     6
-2.45404131825457949567E-03    18     6    12     4
-2.23408944596241557145E-04    18     6    12     8
 2.97456615486570282933E-03    18     6    13     3
 2.71700759938135684608E-04    18     6    13     7
-1.27894395769091034909E-04    18     6    14     1
 1.81449235304477105805E-04    18     6    14     5
-1.34259429487654496221E-03    18     6    14     9
 7.57958424209149127238E-04    18     6    14    10
 1.69002917507496863876E-03    18     6    15    13
-1.34758708625607576646E-03    18     6    16    12
-8.75599470746122899309E-05    18     6    17     2
 2.55967002959737371991E-05    18     6    17     6
 4.56707831018563794028E-04    18     6    17    14
-4.18488248249880654545E-03    18     6    18     2
 1.42387565281374686363E-03    18     6    18     6
 3.84611418006892136212E-02    18     7     3     1
-1.82625845053684576942E-03    18     7     5     3
-6.22652551297068947850E-03    18     7     7     1
 1.27421199960013990793E-02    18     7     7     5
-2.42831062150900660324E-02    18     7     9     3
-2.24166945128939426243E-03    18     7     9     7
-3.06521522601916869902E-03    18     7    10     3
-2.84533433505142490001E-04    18     7    10     7
 1.37154108880182881713E-02    18     7    11     4
 1.27463780347126078366E-03    18     7    11     8
 1.64992568271101064381E-02    18     7    13     2
 1.52853516982122969795E-03    18     7    13     6
 1.07176503343049574213E-02    18     7    14    13
-7.42382764278571617711E-03    18     7    15     1
 1.05325009803226479072E-02    18     7    15     5
-1.52744746025690984748E-02    18     7    15     9
-2.02638506597530411793E-03    18     7    15    10
 9.15992936525402388914E-03    18     7    16    11
-5.08255230093858194340E-03    18     7    17     3
 1.48579998426541797125E-03    18     7    17     7
 2.65103111063118984658E-02    18     7    17    15
-2.98179142965016019673E-02    18     7    18     3
 1.04120482411843920389E-02    18     7    18     7
-3.91237332195469092455E-02    18     8     4     1
 1.85772041763633045421E-03    18     8     5     4
 6.33379332097213157415E-03    18     8     8     1
-1.29616355634579651784E-02    18     8     8     5
-1.71346286496244469555E-02    18     8     9     4
-1.58083638485243091650E-03    18     8     9     8
 1.80563518619428695078E-02    18     8    10     4
 1.66802636945523850842E-03    18     8    10     8
-1.40452155088555564327E-02    18     8    11     3
-1.30512622522498209637E-03    18     8    11     7
-1.66899770428839584746E-02    18     8    12     2
-1.54633856340940329874E-03    18     8    12     6
-1.08499585403290556285E-02    18     8    14    12
-9.37006324804883806989E-03    18     8    15    11
 7.55172203855478813006E-03    18     8    16     1
-1.07139502156271167188E-02    18     8    16     5
-1.07198466440844158987E-02    18     8    16     9
 1.14311489480628161036E-02    18     8    16    10
 5.17011224801320994071E-03    18     8    17     4
-1.51139668456139685503E-03    18     8    17     8
-2.69670189373304551583E-02    18     8    17    16
-3.07089752541104335504E-02    18     8    18     4
 1.07244970272609534134E-02    18     8    18     8
 1.36194653054265285563E-01    18     9     1     1
 1.16063146471720765596E-01    18     9     2     2
 1.35478006281066626348E-01    18     9     3     3
 1.29130875718303894661E-01    18     9     4     4
-2.69874815025013051195E-02    18     9     5     1
 9.01545039455854506361E-03    18     9     5     5
-2.41114460949348186070E-02    18     9     6     2
 9.21615342643797991196E-03    18     9     6     6
-3.08274267990438881337E-02    18     9     7     3
 5.35044824794413727970E-03    18     9     7     7
-2.86318298797472586825E-02    18     9     8     4
 6.61422948180279482444E-03    18     9     8     8
-2.82322076101861789768E-03    18     9     9     1
 3.07336166860675734716E-03    18     9     9     5
 4.13526263177472971910E-02    18     9     9     9
-3.58205200076579721377E-03    18     9    10     1
 3.89942630987793375022E-03    18     9    10     5
 6.01970235066636902808E-04    18     9    10     9
 4.45911305252934264676E-02    18     9    10    10
 4.45573788167279508099E-02    18     9    11    11
 4.45877978443336986381E-02    18     9    12    12
 4.45778532172954114476E-02    18     9    13    13
-4.81544144139488053402E-02    18     9    14     2
 1.68847551161957626364E-02    18     9    14     6
 7.21239624900711084887E-02    18     9    14    14
-5.96396415220785125477E-02    18     9    15     3
 1.73511436018130675574E-02    18     9    15     7
 7.30144306821958327669E-02    18     9    15    15
-5.58848765269078090467E-02    18     9    16     4
 1.71986712872947110353E-02    18     9    16     8
 7.27233176928206298539E-02    18     9    16    16
-4.47225269895232119266E-02    18     9    17     1
 2.07813712810500268724E-02    18     9    17     5
 1.52431914288947249758E-03    18     9    17     9
 1.93402886199491746456E-03    18     9    17    10
 8.16009383145342714894E-02    18     9    17    17
-5.54148945564479286641E-03    18     9    18     1
 4.91108438170216880965E-04    18     9    18     5
 4.80573372016151190156E-02    18     9    18     9
-5.06314780279507603566E-02    18    10     1     1
-4.35081308559238100209E-02    18    10     2     2
-3.96279913967043928569E-02    18    10     3     3
-5.83818229321214562932E-02    18    10     4     4
 1.00328173395998320599E-02    18    10     5     1
-3.35156754195272982982E-03    18    10     5     5
 9.08840265996111243418E-03    18    10     6     2
-3.35436026996933141925E-03    18    10     6     6
 7.74618633734706039939E-03    18    10     7     3
-4.12693732425028700361E-03    18    10     7     7
 1.42335043997385973791E-02    18    10     8     4
-3.92849908993036080283E-04    18    10     8     8
-3.58205200076568185466E-03    18    10     9     1
 3.89942630987784788141E-03    18    10     9     5
-1.65771180791755116946E-02    18    10     9     9
 2.82322076101861833136E-03    18    10    10     1
-3.07336166860675561244E-03    18    10    10     5
-1.61925210377306680667E-03    18    10    10     9
-1.53731776090422107839E-02    18    10    10    10
-1.65651357548661816443E-02    18    10    11    11
-1.65590563872847450211E-02    18    10    12    12
-1.65884397217404278013E-02    18    10    13    13
 1.81151801056655195610E-02    18    10    14     2
-6.28571099142173541491E-03    18    10    14     6
-2.68292177754535059175E-02    18    10    14    14
 1.58198103044942597895E-02    18    10    15     3
-6.19250133736611290541E-03    18    10    15     7
-2.66512540505866278584E-02    18    10    15    15
 2.69139936489538461606E-02    18    10    16     4
-6.64301044097096674707E-03    18    10    16     8
-2.75114039886618748365E-02    18    10    16    16
 1.66259657911992757284E-02    18    10    17     1
-7.72564502211357893163E-03    18    10    17     5
 1.93402886199449766148E-03    18    10    17     9
-1.52431914288946685973E-03    18    10    17    10
-3.03358173223315444322E-02    18    10    17    17
-1.72074486822739007585E-02    18    10    18     1
 1.52499130691975421509E-03    18    10    18     5
-1.48042101452643664466E-02    18    10    18     9
 1.37387745579101213517E-02    18    10    18    10
 1.46416699883735373705E-04    18    11     4     3
-5.06484074999637249323E-05    18    11     7     4
-5.06484074999637249323E-05    18    11     8     3
-2.91531229437967754421E-05    18    11     8     7
 6.74576152155604631027E-05    18    11    11     1
-7.34344447028894507226E-05    18    11    11     5
-1.60237624949042829076E-03    18    11    11     9
 5.95979072912018932075E-04    18    11    11    10
-2.29404367545361728189E-07    18    11    13    12
-8.66155649384506173783E-05    18    11    15     4
 3.51725758508924207966E-06    18    11    15     8
-8.66155649384505631682E-05    18    11    16     3
 3.51725758508925351461E-06    18    11    16     7
 6.71544452665501995437E-06    18    11    16    15
-3.64218539430134039827E-05    18    11    17    11
 5.25950051630077672349E-03    18    11    18    11
 8.49898337941843405596E-03    18    12     4     2
-2.93996500315909028989E-03    18    12     6     4
-2.93996500315909375933E-03    18    12     8     2
-1.69223802718039876246E-03    18    12     8     6
 3.91568141467089902985E-03    18    12    12     1
-4.26261570915314070424E-03    18    12    12     5
-1.61758576329317903947E-03    18    12    12     9
 5.92939389121284791094E-04    18    12    12    10
-1.33161306636319063014E-05    18    12    13    11
-5.02773418193044625141E-03    18    12    14     4
 2.04164646386165518372E-04    18    12    14     8
-5.02773418193047227226E-03    18    12    16     2
 2.04164646386171129118E-04    18    12    16     6
 3.89808344694934276551E-04    18    12    16    14
-2.11416273932694661133E-03    18    12    17    12
 7.45265840931082484272E-03    18    12    18    12
-8.64540007930216652943E-03    18    13     3     2
 2.99061341065905324232E-03    18    13     6     3
 2.99061341065905714545E-03    18    13     7     2
 1.72139115012419547691E-03    18    13     7     6
 1.35455350311793082672E-05    18    13    12    11
-3.98313902988645281156E-03    18    13    13     1
 4.33605015385603743266E-03    18    13    13     5
-1.61261344977402568644E-03    18    13    13     9
 6.07631056349064273270E-04    18    13    13    10
 5.11434974686889465972E-03    18    13    14     3
-2.07681903971255224202E-04    18    13    14     7
 5.11434974686892501738E-03    18    13    15     2
-2.07681903971260563898E-04    18    13    15     6
-3.96523789221580312027E-04    18    13    15    14
 2.15058459326994888192E-03    18    13    17    13
 7.52889743505359004816E-03    18    13    18    13
 1.31489296405540496450E-03    18    14     2     1
-1.04426166286212019642E-04    18    14     5     2
-2.29293880035192357758E-04    18    14     6     1
 3.49065812246506076890E-04    18    14     6     5
-4.06106985448605271177E-03    18    14     9     2
-4.33822868989980933545E-04    18    14     9     6
 2.23103742521445908009E-03    18    14    10     2
 2.18889865150296913454E-04    18    14    10     6
-4.10505842687218513998E-03    18    14    12     4
-4.47633708262007814268E-04    18    14    12     8
 5.04186466577351884849E-03    18    14    13     3
 5.16476592540017465614E-04    18    14    13     7
-3.67571069431564740378E-04    18    14    14     1
 3.66530990507001616999E-04    18    14    14     5
-2.52326491385111402813E-03    18    14    14     9
 1.38241341556034316902E-03    18    14    14    10
 3.12834162639845586931E-03    18    14    15    13
-2.55237615015399673876E-03    18    14    16    12
-3.09599907356817259912E-04    18    14    17     2
 1.06755831015001661729E-04    18    14    17     6
 9.34888883405264560153E-04    18    14    17    14
-7.90634158775202662561E-03    18    14    18     2
 2.69028039141143166663E-03    18    14    18     6
 6.40394085521723416266E-03    18    14    18    14
 7.63249919995187126043E-02    18    15     3     1
-6.06157803274944614186E-03    18    15     5     3
-1.33097172451575578717E-02    18    15     7     1
 2.02620639514640502044E-02    18    15     7     5
-4.28849111738061131160E-02    18    15     9     3
-3.53480761437173105974E-03    18    15     9     7
-5.52806669095544725434E-03    18    15    10     3
-4.00854670280236229790E-04    18    15    10     7
 2.48438638961161022134E-02    18    15    11     4
 1.75084289171527503724E-03    18    15    11     8
 2.95345004604154783012E-02    18    15    13     2
 2.24524860423250911465E-03    18    15    13     6
 1.81729679676228446372E-02    18    15    14    13
-2.13362301727519181049E-02    18    15    15     1
 2.12758571859270537163E-02    18    15    15     5
-2.64412985346145906762E-02    18    15    15     9
-3.39770382196816819048E-03    18    15    15    10
 1.52598372629832099157E-02    18    15    16    11
-1.79712045756018935772E-02    18    15    17     3
 6.19680701841391744916E-03    18    15    17     7
 5.42670684967935940124E-02    18    15    17    15
-5.92286707663166184235E-02    18    15    18     3
 1.99668477219859565042E-02    18    15    18     7
 4.37787980509244528671E-02    18    15    18    15
-7.76398849635740323505E-02    18    16     4     1
 6.16600419903557111362E-03    18    16     5     4
 1.35390111251927468955E-02    18    16     8     1
-2.06111297637105173042E-02    18    16     8     5
-3.01925717893575876194E-02    18    16     9     4
-2.52102975322033000943E-03    18    16     9     8
 3.19739182221566789477E-02    18    16    10     4
 2.59454916368363069923E-03    18    16    10     8
-2.54294420335433174474E-02    18    16    11     3
-1.79761489597046633486E-03    18    16    11     7
-2.98857285618895490709E-02    18    16    12     2
-2.26731948425528892499E-03    18    16    12     6
-1.83881788893817503527E-02    18    16    14    12
-1.56205918174687867495E-02    18    16    15    11
 2.17038012421834382304E-02    18    16    16     1
-2.16423881764340499123E-02    18    16    16     5
-1.86219846850004533412E-02    18    16    16     9
 1.97059795209474433730E-02    18    16    16    10
 1.82808044829589309843E-02    18    16    17     4
-6.30356284942907262037E-03    18    16    17     8
-5.52019573801988544526E-02    18    16    17    16
-6.10127485966879684609E-02    18    16    18     4
 2.05674194663461075427E-02    18    16    18     8
 4.50780308644655527961E-02    18    16    18    16
-1.14573953640121145031E-17    18    17     1     1
 4.90181554632907433289E-04    18    17     2     2
 2.84533450694562407846E-02    18    17     3     3
-2.89435266240891490852E-02    18    17     4     4
 1.85106053147854815617E-18    18    17     5     1
-9.15005120545889173624E-05    18    17     6     2
 6.37651156509714487622E-05    18    17     6     6
-5.31128847855343554085E-03    18    17     7     3
 3.70134457705077529396E-03    18    17     7     7
 5.40278899060801700432E-03    18    17     8     4
-3.76510969270175575516E-03    18    17     8     8
-1.37685089338047180613E-02    18    17     9     1
-3.21266578858310503097E-03    18    17     9     5
 6.04443070638159638680E-03    18    17     9     9
 5.11855599266303716577E-03    18    17    10     1
 1.19433482620630803360E-03    18    17    10     5
 7.66906555953211516857E-03    18    17    10     9
-6.04443070638160159097E-03    18    17    10    10
-1.44424724562103442768E-04    18    17    11    11
-8.38335609671017611966E-03    18    17    12    12
 8.52778082127224681952E-03    18    17    13    13
-2.21573466532268357598E-04    18    17    14     2
 9.27519917526386107175E-05    18    17    14     6
 3.50717569818347627356E-04    18    17    14    14
-1.28615739247864083183E-02    18    17    15     3
 5.38393254963207348873E-03    18    17    15     7
 2.03579427696676286408E-02    18    17    15    15
 1.30831473913186474567E-02    18    17    16     4
-5.47668454138468003417E-03    18    17    16     8
-2.07086603394861130945E-02    18    17    16    16
 5.12307886622361141571E-18    18    17    17     1
-1.82536961586532576045E-18    18    17    17     5
-5.56982329143979829761E-03    18    17    17     9
 2.07062743856569093925E-03    18    17    17    10
-7.86889691440550846180E-18    18    17    17    17
-3.50646883095540665143E-02    18    17    18     1
 1.16148063153568015249E-02    18    17    18     5
 1.11398941481470939961E-03    18    17    18     9
 3.45916307185139887057E-03    18    17    18    10
 2.31975128556778896483E-02    18    17    18    17
 9.90011273687668724719E-01    18    18     1     1
 9.04589394575343486160E-01    18    18     2     2
 9.81624835824122743411E-01    18    18     3     3
 9.84302758379169695502E-01    18    18     4     4
-1.08501868821553507094E-01    18    18     5     1
 3.94730713157450896489E-01    18    18     5     5
-1.13184836808692346199E-01    18    18     6     2
 3.21659775595491415068E-01    18    18     6     6
-1.27160417320347884917E-01    18    18     7     3
 3.31268652959456622042E-01    18    18     7     7
-1.27646239451893378503E-01    18    18     8     4
 3.31602678818262996963E-01    18    18     8     8
-9.48369347491774539183E-03    18    18     9     1
-1.11591829885894435088E-03    18    18     9     5
 6.59899976901817564290E-01    18    18     9     9
-2.94487917182320799170E-02    18    18    10     1
-3.46515264802416600096E-03    18    18    10     5
-1.54041750880848059280E-02    18    18    10     9
 6.24190598113774530731E-01    18    18    10    10
 6.45614152304479271827E-01    18    18    11    11
 6.25603773453276890137E-01    18    18    12    12
 6.24908168365644112185E-01    18    18    13    13
-2.03298585716731511353E-01    18    18    14     2
 1.15686758440195436304E-01    18    18    14     6
 7.11990742748120797323E-01    18    18    14    14
-2.23324543944133896423E-01    18    18    15     3
 1.25899248209926178932E-01    18    18    15     7
 7.55243371400591056997E-01    18    18    15    15
-2.24020690605387484684E-01    18    18    16     4
 1.26254256972831102601E-01    18    18    16     8
 7.56746928567990306824E-01    18    18    16    16
-1.80302916160833381909E-01    18    18    17     1
 1.35485073551453477636E-01    18    18    17     5
-4.51725759969487817430E-03    18    18    17     9
-1.40270010352869962944E-02    18    18    17    10
 7.72102694102093867201E-01    18    18    17    17
 2.67493489481086940338E-03    18    18    18     1
-7.80770195606928191050E-04    18    18    18     5
 1.51209817286082071064E-01    18    18    18     9
-5.62134883406932989169E-02    18    18    18    10
-1.14058468501159956943E-03    18    18    18    17
 1.04685359316733239687E+00    18    18    18    18
 2.14156340404885799449E-16    19     1     1     1
 7.08179157276271342703E-02    19     1     2     2
-3.63161580735887890015E-02    19     1     3     3
-3.45017576540376583183E-02    19     1     4     4
-9.14707648190131666335E-17    19     1     5     1
 2.64488249179357390455E-17    19     1     5     5
-1.54133740712440632514E-02    19     1     6     2
 4.35152033412009899005E-03    19     1     6     6
 7.90413730010818861571E-03    19     1     7     3
-2.23150453794976593586E-03    19     1     7     7
 7.50923677113576621550E-03    19     1     8     4
-2.12001579617036644762E-03    19     1     8     8
 1.27247121597644993751E-02    19     1     9     1
-7.95293471117359293369E-04    19     1     9     5
-1.39821016077817852213E-02    19     1     9     9
 3.42284646886629670415E-02    19     1    10     1
-2.13927624856927438984E-03    19     1    10     5
 1.10200967304000148339E-02    19     1    10     9
 1.39821016077816551171E-02    19     1    10    10
-1.78009090728850419283E-02    19     1    11    11
 9.12848988991480855826E-03    19     1    12    12
 8.67241918297033224927E-03    19     1    13    13
-2.66769048221136909071E-02    19     1    14     2
 8.54536837211523903068E-03    19     1    14     6
 3.41762542656949483422E-02    19     1    14    14
 1.36801921163574504575E-02    19     1    15     3
-4.38215309516254685612E-03    19     1    15     7
-1.75259359093494007653E-02    19     1    15    15
 1.29967127057556038061E-02    19     1    16     4
-4.16321527695256553975E-03    19     1    16     8
-1.66503183563440244896E-02    19     1    16    16
-6.36815673247242726056E-17    19     1    17     1
 2.02604223235991978746E-17    19     1    17     5
 3.64923344969751402636E-03    19     1    17     9
 9.81614803583665852804E-03    19     1    17    10
 1.76099278148331225611E-17    19     1    17    17
-2.68359534207033396611E-17    19     1    18     1
 8.80085469148366396356E-18    19     1    18     5
-1.72074486822736058556E-02    19     1    18     9
 5.54148945564469225245E-03    19     1    18    10
-1.03594971610413710095E-17    19     1    18    17
-6.02433475607530924401E-02    19     1    18    18
 8.66644609010668726112E-02    19     1    19     1
 1.46999143694532041771E-01    19     2     2     1
-2.40968289531475650389E-02    19     2     5     2
-3.06810380898981001352E-02    19     2     6     1
 1.58169146102573529578E-02    19     2     6     5
 2.39440332217643395141E-02    19     2     9     2
-2.74093515549513576379E-03    19     2     9     6
 6.71472286872837054172E-02    19     2    10     2
-7.64712477282663422029E-03    19     2    10     6
 4.43195406341828981867E-02    19     2    12     4
-2.73970711335469897102E-03    19     2    12     8
 4.41200652580110222467E-02    19     2    13     3
-2.69051532942531698017E-03    19     2    13     7
-5.01797144053007931896E-02    19     2    14     1
 2.68444158256331173729E-02    19     2    14     5
 5.78888709177608189876E-03    19     2    14     9
 1.63305345383074479448E-02    19     2    14    10
 1.64496502878935697833E-02    19     2    15    13
 1.64332925378227572011E-02    19     2    16    12
-4.11213707575909942493E-02    19     2    17     2
 1.45420796219422870238E-02    19     2    17     6
 8.25418637326134074783E-02    19     2    17    14
-1.98267950052405947728E-03    19     2    18     2
 5.14454283739839150942E-04    19     2    18     6
 1.03003781562019218476E-03    19     2    18    14
 1.52565754694129973590E-01    19     2    19     2
-7.53826780164647686222E-02    19     3     3     1
 1.23571025826357192012E-02    19     3     5     3
 1.57335529814227152723E-02    19     3     7     1
-8.11107705332366618611E-03    19     3     7     5
 3.49001195924297721862E-02    19     3     9     3
-3.83757876546572413573E-03    19     3     9     7
 1.23268071067767475552E-02    19     3    10     3
-2.15990397260378648100E-03    19     3    10     7
-2.84657994064813034407E-02    19     3    11     4
 2.82004357575287674040E-03    19     3    11     8
-1.68869432511773720496E-02    19     3    13     2
-3.53694635519768055374E-05    19     3    13     6
-8.90611165532853230054E-03    19     3    14    13
 2.57326754353990293234E-02    19     3    15     1
-1.37660934877886706462E-02    19     3    15     5
 8.82370846767614562534E-03    19     3    15     9
 1.14535055748075085581E-03    19     3    15    10
-7.95660079975780108741E-03    19     3    16    11
 2.10874633246618294058E-02    19     3    17     3
-7.45732851416233515074E-03    19     3    17     7
-4.23283196095648323043E-02    19     3    17    15
 5.90181564563135793722E-02    19     3    18     3
-1.53136921017005683820E-02    19     3    18     7
-3.06609983823030243788E-02    19     3    18    15
 5.37774107727778602484E-02    19     3    19     3
-7.16164656780667596703E-02    19     4     4     1
 1.17397263705116411403E-02    19     4     5     4
 1.49474851084754108838E-02    19     4     8     1
-7.70583755693363559730E-03    19     4     8     5
-1.80538013277946121637E-02    19     4     9     4
 1.46281564868699291530E-03    19     4     9     8
 3.02487687739774954720E-02    19     4    10     4
-3.95379314758288313153E-03    19     4    10     8
-2.74325973830053977676E-02    19     4    11     3
 2.77507657690666525302E-03    19     4    11     7
-1.56542658515296043142E-02    19     4    12     2
-1.29528246327615379797E-04    19     4    12     6
-8.49304948813582247236E-03    19     4    14    12
-7.52718088249429602421E-03    19     4    15    11
 2.44470389699019234608E-02    19     4    16     1
-1.30783223378445178503E-02    19     4    16     5
-5.84445730881016922709E-03    19     4    16     9
 6.10971014041642671716E-03    19     4    16    10
 2.00339074329287727960E-02    19     4    17     4
-7.08475110778002559880E-03    19     4    17     8
-4.02135441230482351682E-02    19     4    17    16
-5.70354769557896018606E-02    19     4    18     4
 1.47992378179607319416E-02    19     4    18     8
 2.96309605666828200510E-02    19     4    18    16
 5.03433091427450199462E-02    19     4    19     4
-4.08008958689834996373E-16    19     5     1     1
-2.18722104920159206298E-02    19     5     2     2
 1.12162952762101825882E-02    19     5     3     3
 1.06559152158048914966E-02    19     5     4     4
 7.57079498750782928959E-17    19     5     5     1
-6.66449562228454519751E-17    19     5     5     5
 2.07053602577274460661E-03    19     5     6     2
-7.41334320874052939143E-03    19     5     6     6
-1.06179224333886076774E-03    19     5     7     3
 3.80163890812388683207E-03    19     5     7     7
-1.00874378243375872194E-03    19     5     8     4
 3.61170430061653457282E-03    19     5     8     8
-5.22470553544672998425E-03    19     5     9     1
-2.38943041470945265539E-03    19     5     9     5
 9.89602906042141849952E-03    19     5     9     9
-1.40540427699552723795E-02    19     5    10     1
-6.42737796729959346559E-03    19     5    10     5
-7.79962845013223559504E-03    19     5    10     9
-9.89602906042149482735E-03    19     5    10    10
 1.25988437524404053164E-02    19     5    11    11
-6.46081710478259990671E-03    19     5    12    12
-6.13802664765870139435E-03    19     5    13    13
 2.19835363124889267977E-03    19     5    14     2
-3.74998476435263418047E-03    19     5    14     6
-1.71178885842139666407E-02    19     5    14    14
-1.12733843059069122235E-03    19     5    15     3
 1.92303088952188241945E-03    19     5    15     7
 8.77822993409376438334E-03    19     5    15    15
-1.07101520065830337243E-03    19     5    16     4
 1.82695387483084955606E-03    19     5    16     8
 8.33965865011977725008E-03    19     5    16    16
 9.79057730135903272732E-17    19     5    17     1
-5.85456235050584758033E-17    19     5    17     5
-3.77091444851553698678E-03    19     5    17     9
-1.01434602546932560452E-02    19     5    17    10
-2.35174300746445676824E-16    19     5    17    17
 1.32136049359859198959E-17    19     5    18     1
 4.73010647044370211810E-18    19     5    18     5
 1.52499130691961001620E-03    19     5    18     9
-4.91108438170164405580E-04    19     5    18    10
-2.57399188948352375231E-17    19     5    18    17
 1.75840579710073649511E-02    19     5    18    18
-2.09987058961607249430E-02    19     5    19     1
 9.48261141095723542049E-03    19     5    19     5
-4.47936484779767329911E-02    19     6     2     1
 2.12694619122876611358E-03    19     6     5     2
 7.25170345988436146345E-03    19     6     6     1
-1.48400701914381764196E-02    19     6     6     5
-9.55915604132059372466E-03    19     6     9     2
-8.82512542373450306794E-04    19     6     9     6
-2.68061386543279461803E-02    19     6    10     2
-2.47490838199494181046E-03    19     6    10     6
-1.76348593254248529882E-02    19     6    12     4
-1.63601516922217229445E-03    19     6    12     8
-1.75545589067213937684E-02    19     6    13     3
-1.62869146479610333450E-03    19     6    13     7
 8.64613763978438858160E-03    19     6    14     1
-1.22666443173058570953E-02    19     6    14     5
-6.01718977998868392865E-03    19     6    14     9
-1.68820160661436527438E-02    19     6    14    10
-1.15527141687425741190E-02    19     6    15    13
-1.15976468441760204031E-02    19     6    16    12
 5.91937863724818248701E-03    19     6    17     2
-1.73043230356128619786E-03    19     6    17     6
-3.08751508962390522339E-02    19     6    17    14
 5.14454283739847174038E-04    19     6    18     2
-1.80392390749275116678E-04    19     6    18     6
-3.46740258274021531139E-04    19     6    18    14
-3.89562988729084194728E-02    19     6    19     2
 1.36164049613589216436E-02    19     6    19     6
 2.29706452400487391718E-02    19     7     3     1
-1.09071995837553125525E-03    19     7     5     3
-3.71874837667972909377E-03    19     7     7     1
 7.61014115366268756313E-03    19     7     7     5
-1.39291764152253017689E-02    19     7     9     3
-1.28649422065844963418E-03    19     7     9     7
-4.94008620568285768127E-03    19     7    10     3
-4.53525457004401693750E-04    19     7    10     7
 1.13533293087118222764E-02    19     7    11     4
 1.04964549273203191712E-03    19     7    11     8
 6.69216753916730688889E-03    19     7    13     2
 6.24529763158088667939E-04    19     7    13     6
 4.63177877157844569006E-03    19     7    14    13
-4.43382861562994882998E-03    19     7    15     1
 6.29046180592387257219E-03    19     7    15     5
-8.80153327017311332137E-03    19     7    15     9
-2.95013575845090667699E-03    19     7    15    10
 7.23996528312308585545E-03    19     7    16    11
-3.03551845714474227006E-03    19     7    17     3
 8.87383544490047393959E-04    19     7    17     7
 1.58330960318890344440E-02    19     7    17    15
-1.53136921017005527695E-02    19     7    18     3
 5.36971625416787605445E-03    19     7    18     7
 1.03213710572538901883E-02    19     7    18    15
-1.33232670589055988974E-02    19     7    19     3
 4.62823237298833414788E-03    19     7    19     7
 2.18230032379280354526E-02    19     8     4     1
-1.03622623285315527790E-03    19     8     5     4
-3.53295508320466532942E-03    19     8     8     1
 7.22992903777561288919E-03    19     8     8     5
 7.19239067273672819797E-03    19     8     9     4
 6.66065582301950879877E-04    19     8     9     8
-1.20885637711484715540E-02    19     8    10     4
-1.11435852344138981371E-03    19     8    10     8
 1.09426917862575617119E-02    19     8    11     3
 1.01148540606410910526E-03    19     8    11     7
 6.20122959800961139065E-03    19     8    12     2
 5.79045972064105678168E-04    19     8    12     6
 4.31274888561955678512E-03    19     8    14    12
 6.96586807259763542838E-03    19     8    15    11
-4.21230902415455164128E-03    19     8    16     1
 5.97618251138198192107E-03    19     8    16     5
 4.65600074386509320268E-03    19     8    16     9
-7.50476371693562394755E-03    19     8    16    10
-2.88386018010344802320E-03    19     8    17     4
 8.43048759071299302383E-04    19     8    17     8
 1.50420548643503057540E-02    19     8    17    16
 1.47992378179607284722E-02    19     8    18     4
-5.18932386341859879647E-03    19     8    18     8
-9.97463079897986312772E-03    19     8    18    16
-1.24322061012967551713E-02    19     8    19     4
 4.31578358691177103867E-03    19     8    19     8
 5.06314780279504619842E-02    19     9     1     1
 5.08371659339091550023E-02    19     9     2     2
 5.47173053931281974660E-02    19     9     3     3
 3.59634738577113560742E-02    19     9     4     4
-1.00328173395997366502E-02    19     9     5     1
 3.35156754195253293871E-03    19     9     5     5
-1.16236596047367187617E-02    19     9     6     2
 1.89507139883897455894E-03    19     9     6     6
-1.29658759273507690618E-02    19     9     7     3
 1.12249434455807210048E-03    19     9     7     7
-6.47855786495923641893E-03    19     9     8     4
 4.85658175981525455644E-03    19     9     8     8
-3.58205200076569703349E-03    19     9     9     1
 3.89942630987778499768E-03    19     9     9     5
 1.53731776090419991476E-02    19     9     9     9
 2.82322076101858884106E-03    19     9    10     1
-3.07336166860671007595E-03    19     9    10     5
-1.61925210377304729104E-03    19     9    10     9
 1.65771180791751855665E-02    19     9    10    10
 1.65766188210611023490E-02    19     9    11    11
 1.65826981886425944834E-02    19     9    12    12
 1.65533148541868561920E-02    19     9    13    13
-2.24508092670766754018E-02    19     9    14     2
 6.46177085508400743386E-03    19     9    14     6
 2.71653661010139470255E-02    19     9    14    14
-2.47461790682480184400E-02    19     9    15     3
 6.55498050913970627118E-03    19     9    15     7
 2.73433298258810263126E-02    19     9    15    15
-1.36519957237887078899E-02    19     9    16     4
 6.10447140553490533860E-03    19     9    16     8
 2.64831798878061575042E-02    19     9    16    16
-1.66259657911996469593E-02    19     9    17     1
 7.72564502211320683345E-03    19     9    17     5
 1.93402886199467633800E-03    19     9    17     9
-1.52431914288953342974E-03    19     9    17    10
 3.03358173223346079539E-02    19     9    17    17
-1.72074486822738383085E-02    19     9    18     1
 1.52499130691978999376E-03    19     9    18     5
 1.48042101452643438952E-02    19     9    18     9
 2.73160175219851371342E-03    19     9    18    10
 3.45916307185123884232E-03    19     9    18    17
 4.63116557107196083476E-02    19     9    18    18
 5.54148945564475210041E-03    19     9    19     1
-4.91108438170286703585E-04    19     9    19     5
 1.37387745579100259419E-02    19     9    19     9
 1.36194653054265479852E-01    19    10     1     1
 1.37718205842340679634E-01    19    10     2     2
 1.18303346032994069481E-01    19    10     3     3
 1.24650476595756939946E-01    19    10     4     4
-2.69874815025010761360E-02    19    10     5     1
 9.01545039455850169552E-03    19    10     5     5
-3.16023557542158689548E-02    19    10     6     2
 4.90440067768535461340E-03    19    10     6     6
-2.48863750501067994281E-02    19    10     7     3
 8.77010585617926663460E-03    19    10     7     7
-2.70819719694034150015E-02    19    10     8     4
 7.50632462232061516139E-03    19    10     8     8
 2.82322076101858927474E-03    19    10     9     1
-3.07336166860671007595E-03    19    10     9     5
 4.45911305252935930010E-02    19    10     9     9
 3.58205200076567795153E-03    19    10    10     1
-3.89942630987790772937E-03    19    10    10     5
-6.01970235066759851335E-04    19    10    10     9
 4.13526263177473110688E-02    19    10    10    10
 4.45913077688434578150E-02    19    10    11    11
 4.45608887412378487647E-02    19    10    12    12
 4.45708333682759555439E-02    19    10    13    13
-6.09648738946741361455E-02    19    10    14     2
 1.74049582206730092671E-02    19    10    14     6
 7.31171780866531895171E-02    19    10    14    14
-4.94796467865450048662E-02    19    10    15     3
 1.69385697350559680241E-02    19    10    15     7
 7.22267098945296726065E-02    19    10    15    15
-5.32344117817156459171E-02    19    10    16     4
 1.70910420495743557712E-02    19    10    16     8
 7.25178228839046812304E-02    19    10    16    16
-4.47225269895242943941E-02    19    10    17     1
 2.07813712810491386940E-02    19    10    17     5
-1.52431914288953820023E-03    19    10    17     9
-1.93402886199493936545E-03    19    10    17    10
 8.16009383145434724627E-02    19    10    17    17
 5.54148945564478072334E-03    19    10    18     1
-4.91108438170231842955E-04    19    10    18     5
 3.15869608915065325228E-02    19    10    18     9
-1.48042101452643785897E-02    19    10    18    10
-1.11398941481466061051E-03    19    10    18    17
 1.24574674245301150743E-01    19    10    18    18
 1.72074486822737446334E-02    19    10    19     1
-1.52499130691993180740E-03    19    10    19     5
 1.48042101452643508341E-02    19    10    19     9
 4.80573372016150912600E-02    19    10    19    10
-9.89831440498248338322E-03    19    11     4     3
 3.42402104366809189456E-03    19    11     7     4
 3.42402104366809189456E-03    19    11     8     3
 1.97085972443036654134E-03    19    11     8     7
-4.56038610994571706747E-03    19    11    11     1
 4.96444205067998745040E-03    19    11    11     5
-6.01720606009571766862E-04    19    11    11     9
-1.61934072554799184107E-03    19    11    11    10
 1.55085899197544382802E-05    19    11    13    12
 5.85553488643609284375E-03    19    11    15     4
-2.37779716713696774762E-04    19    11    15     8
 5.85553488643608850694E-03    19    11    16     3
-2.37779716713697072917E-04    19    11    16     7
-4.53989069189136753429E-04    19    11    16    15
 2.46225302050051943550E-03    19    11    17    11
-4.40166220353413535269E-05    19    11    18    11
 8.23453705747600669951E-03    19    11    19    11
 5.07595778412879908292E-03    19    12     4     2
-1.75587332939023451489E-03    19    12     6     4
-1.75587332939023733382E-03    19    12     8     2
-1.01067720728417785939E-03    19    12     8     6
 2.33861306342820346460E-03    19    12    12     1
-2.54581711996555194732E-03    19    12    12     5
-6.04760289800350143291E-04    19    12    12     9
-1.60413121174524694705E-03    19    12    12    10
-7.95296496995880170216E-06    19    12    13    11
-3.00277872281789473194E-03    19    12    14     4
 1.21935892777176124822E-04    19    12    14     8
-3.00277872281790991077E-03    19    12    16     2
 1.21935892777179838214E-04    19    12    16     6
 2.32810280152317375813E-04    19    12    16    14
-1.26266876101789951581E-03    19    12    17    12
 1.31023692194005120758E-03    19    12    18    12
 6.04137916446596985598E-03    19    12    19    12
 4.82235662085363052387E-03    19    13     3     2
-1.66814771427784892290E-03    19    13     6     3
-1.66814771427785130814E-03    19    13     7     2
-9.60182517146209823893E-04    19    13     7     6
-7.55562494988285047841E-06    19    13    12    11
 2.22177304651744551497E-03    19    13    13     1
-2.41862493071452484134E-03    19    13    13     5
-5.90068622572511680517E-04    19    13    13     9
-1.60910352526442046624E-03    19    13    13    10
-2.85275616361820808647E-03    19    13    14     3
 1.15843823936500239834E-04    19    13    14     7
-2.85275616361822369899E-03    19    13    15     2
 1.15843823936502923234E-04    19    13    15     6
 2.21178789036743103993E-04    19    13    15    14
-1.19958425948273896509E-03    19    13    17    13
-1.26622029990470586283E-03    19    13    18    13
 5.96514013872320811999E-03    19    13    19    13
-8.88916631603889340063E-02    19    14     2     1
 7.05959789305931652292E-03    19    14     5     2
 1.55011205520207244468E-02    19    14     6     1
-2.35981493940956681132E-02    19    14     6     5
-1.68868885457292214336E-02    19    14     9     2
-1.38949970721886787231E-03    19    14     9     6
-4.73646320239468274216E-02    19    14    10     2
-3.89261728873148979760E-03    19    14    10     6
-3.17334469946102259996E-02    19    14    12     4
-2.33414833013911903262E-03    19    14    12     8
-3.15981449382680551485E-02    19    14    13     3
-2.31988712941420772637E-03    19    14    13     7
 2.48491737233424436759E-02    19    14    14     1
-2.47788605131053357722E-02    19    14    14     5
-1.04113793274662295996E-02    19    14    14     9
-2.92011005084600351600E-02    19    14    14    10
-1.94266911832647846958E-02    19    14    15    13
-1.95107208387982934694E-02    19    14    16    12
 2.09301071886251327525E-02    19    14    17     2
-7.21709190816904704036E-03    19    14    17     6
-6.32019715580077467987E-02    19    14    17    14
 1.03003781562021907298E-03    19    14    18     2
-3.46740258274027223200E-04    19    14    18     6
-7.50112414638061668522E-04    19    14    18    14
-7.75254990460857301704E-02    19    14    19     2
 2.61260846617508285528E-02    19    14    19     6
 5.71032389918543770158E-02    19    14    19    14
 4.55845622903238503754E-02    19    15     3     1
-3.62023465935332449533E-03    19    15     5     3
-7.94913460105321247051E-03    19    15     7     1
 1.21013745580459599477E-02    19    15     7     5
-2.46459926618990896041E-02    19    15     9     3
-2.00924424264936054771E-03    19    15     9     7
-8.54079070462706452238E-03    19    15    10     3
-7.91632543349598074602E-04    19    15    10     7
 2.01654553521369850344E-02    19    15    11     4
 1.60722541430679947451E-03    19    15    11     8
 1.23116386156143543806E-02    19    15    13     2
 7.79412002124406280007E-04    19    15    13     6
 7.54493783335224727643E-03    19    15    14    13
-1.27429127454952544063E-02    19    15    15     1
 1.27068554056060083884E-02    19    15    15     5
-1.51914965649947719672E-02    19    15    15     9
-5.28306688769621893981E-03    19    15    15    10
 1.24225689118097858132E-02    19    15    16    11
-1.07331749790926470750E-02    19    15    17     3
 3.70099921574567952351E-03    19    15    17     7
 3.24106233017480913072E-02    19    15    17    15
-3.06609983823030382566E-02    19    15    18     3
 1.03213710572538988619E-02    19    15    18     7
 2.23284962775035095150E-02    19    15    18    15
-2.62031698675212268435E-02    19    15    19     3
 8.84951733117637570625E-03    19    15    19     7
 1.97283817961473317837E-02    19    15    19    15
 4.33071008700649795475E-02    19    16     4     1
-3.43936323370595950152E-03    19    16     5     4
-7.55198595096763687640E-03    19    16     8     1
 1.14967748360496821447E-02    19    16     8     5
 1.28559922512127330213E-02    19    16     9     4
 9.86159591314512452842E-04    19    16     9     8
-2.12331300890754616495E-02    19    16    10     4
-1.80541040450102547102E-03    19    16    10     8
 1.94218083789957016161E-02    19    16    11     3
 1.55473632801467914234E-03    19    16    11     7
 1.14326895861309157237E-02    19    16    12     2
 7.12661715107448042079E-04    19    16    12     6
 7.00412227145489566654E-03    19    16    14    12
 1.19657830054460435909E-02    19    16    15    11
-1.21062609778473592725E-02    19    16    16     1
 1.20720051074992961587E-02    19    16    16     5
 7.91218677792112148883E-03    19    16    16     9
-1.31023807373103727547E-02    19    16    16    10
-1.01969322095320814869E-02    19    16    17     4
 3.51609269242346162559E-03    19    16    17     8
 3.07913482562589824187E-02    19    16    17    16
 2.96309605666828304593E-02    19    16    18     4
-9.97463079897985618882E-03    19    16    18     8
-2.15783838628654106584E-02    19    16    18    16
-2.44190920371497519059E-02    19    16    19     4
 8.24894558681619864682E-03    19    16    19     8
 1.84291489826059404211E-02    19    16    19    16
 1.55483982666213078504E-16    19    17     1     1
-3.31380993229111256437E-02    19    17     2     2
 1.69935593402343390612E-02    19    17     3     3
 1.61445399826770710772E-02    19    17     4     4
-1.04657073393123923276E-17    19    17     5     1
 2.14529558990379125337E-17    19    17     5     5
 6.18577551093875931121E-03    19    17     6     2
-4.31075938253391161004E-03    19    17     6     6
-3.17212952336791203720E-03    19    17     7     3
 2.21060190129602649953E-03    19    17     7     7
-3.01364598757079653335E-03    19    17     8     4
 2.10015748123804557243E-03    19    17     8     8
-5.11855599266315339224E-03    19    17     9     1
-1.19433482620653831814E-03    19    17     9     5
 7.66906555953200414627E-03    19    17     9     9
-1.37685089338050320462E-02    19    17    10     1
-3.21266578858376726166E-03    19    17    10     5
-6.04443070638162154029E-03    19    17    10     9
-7.66906555953231552913E-03    19    17    10    10
 9.76364945190023349186E-03    19    17    11    11
-5.00690020635465287552E-03    19    17    12    12
-4.75674924554401763049E-03    19    17    13    13
 1.49791918359033649627E-02    19    17    14     2
-6.27038020106354416355E-03    19    17    14     6
-2.37098143597717116171E-02    19    17    14    14
-7.68148416877286171339E-03    19    17    15     3
 3.21551568164088735075E-03    19    17    15     7
 1.21586375049020957440E-02    19    17    15    15
-7.29770766712987094260E-03    19    17    16     4
 3.05486451942209996657E-03    19    17    16     8
 1.15511768548695534231E-02    19    17    16    16
-7.47452178235901812545E-17    19    17    17     1
 3.72627779605268641655E-17    19    17    17     5
-2.07062743856527026881E-03    19    17    17     9
-5.56982329143851200015E-03    19    17    17    10
 1.62049554394273175264E-16    19    17    17    17
-1.90091751492801854617E-18    19    17    18     1
-2.88903136352351520482E-17    19    17    18     5
 3.45916307185092832682E-03    19    17    18     9
-1.11398941481455175662E-03    19    17    18    10
 9.74709820426376926971E-17    19    17    18    17
 2.56875932699997672204E-02    19    17    18    18
-3.50646883095531575192E-02    19    17    19     1
 1.16148063153587721708E-02    19    17    19     5
-1.11398941481439259574E-03    19    17    19     9
-3.45916307185048337025E-03    19    17    19    10
 2.31975128556711207573E-02    19    17    19    17
-1.78719188446511327005E-16    19    18     1     1
-1.54609930802560718854E-03    19    18     2     2
 4.60225320501505066884E-02    19    18     3     3
-4.44764327421254060391E-02    19    18     4     4
 3.23991157595650633256E-17    19    18     5     1
-5.73852568086278049991E-17    19    18     5     5
 2.80489538426168807331E-04    19    18     6     2
-1.92849919498130532121E-04    19    18     6     6
-8.34929470891182176628E-03    19    18     7     3
 5.74053785219338918999E-03    19    18     7     7
 8.06880517048572630523E-03    19    18     8     4
-5.54768793269537138779E-03    19    18     8     8
-2.94487917182321527754E-02    19    18     9     1
-3.46515264802395696678E-03    19    18     9     5
 1.54041750880847486821E-02    19    18     9     9
 9.48369347491777661685E-03    19    18    10     1
 1.11591829885886542097E-03    19    18    10     5
 1.78546893940217180075E-02    19    18    10     9
-1.54041750880849447058E-02    19    18    10    10
 4.01607784594253721527E-04    19    18    11    11
-1.19546054009224203551E-02    19    18    12    12
 1.15529976163278938484E-02    19    18    13    13
 4.01920462270681207520E-04    19    18    14     2
-2.04964404827750475797E-04    19    18    14     6
-8.68079135341183688937E-04    19    18    14    14
-1.19639128356415231497E-02    19    18    15     3
 6.10114812247813595447E-03    19    18    15     7
 2.58399959310026579307E-02    19    18    15    15
 1.15619923733709436403E-02    19    18    16     4
-5.89618371765045484051E-03    19    18    16     8
-2.49719167956617034421E-02    19    18    16    16
 2.78039975700515677095E-17    19    18    17     1
-2.75879941352869039909E-17    19    18    17     5
-1.40270010352872651765E-02    19    18    17     9
 4.51725759969497531882E-03    19    18    17    10
-1.99769120310761283351E-17    19    18    17    17
-6.02433475607527316176E-02    19    18    18     1
 1.75840579710079027154E-02    19    18    18     5
 4.95091631498668395539E-03    19    18    18     9
 1.33175715203906752659E-02    19    18    18    10
 2.56875932699967175765E-02    19    18    18    17
-1.79948626605826726938E-16    19    18    18    18
-2.67493489481083774467E-03    19    18    19     1
 7.80770195606941201476E-04    19    18    19     5
 1.33175715203906110812E-02    19    18    19     9
-4.95091631498675074224E-03    19    18    19    10
 1.14058468501156595916E-03    19    18    19    17
 5.71343633335058345701E-02    19    18    19    18
 9.90011273687667614496E-01    19    19     1     1
 1.00908859794374872187E+00    19    19     2     2
 9.32053156694966244977E-01    19    19     3     3
 9.29375234139918959819E-01    19    19     4     4
-1.08501868821553659750E-01    19    19     5     1
 3.94730713157451784667E-01    19    19     5     5
-1.32142825578596884162E-01    19    19     6     2
 3.34694295986648626684E-01    19    19     6     6
-1.18167245066941151155E-01    19    19     7     3
 3.25085418622683697265E-01    19    19     7     7
-1.17681422935395352258E-01    19    19     8     4
 3.24751392763877488878E-01    19    19     8     8
 9.48369347491772110570E-03    19    19     9     1
 1.11591829885894326668E-03    19    19     9     5
 6.24190598113773642552E-01    19    19     9     9
 2.94487917182320174669E-02    19    19    10     1
 3.46515264802413824538E-03    19    19    10     5
 1.54041750880849082767E-02    19    19    10     9
 6.59899976901817453268E-01    19    19    10    10
 6.18469910444453985221E-01    19    19    11    11
 6.38480289295655811799E-01    19    19    12    12
 6.39175894383288589751E-01    19    19    13    13
-2.30463961127436001153E-01    19    19    14     2
 1.29540083975106024017E-01    19    19    14     6
 7.70663285729676683644E-01    19    19    14    14
-2.10438002900034698550E-01    19    19    15     3
 1.19327594205375614456E-01    19    19    15     7
 7.27410657077210864863E-01    19    19    15    15
-2.09741856238780333133E-01    19    19    16     4
 1.18972585442470954464E-01    19    19    16     8
 7.25907099909809616634E-01    19    19    16    16
-1.80302916160831078196E-01    19    19    17     1
 1.35485073551451590257E-01    19    19    17     5
 4.51725759969511322933E-03    19    19    17     9
 1.40270010352876277337E-02    19    19    17    10
 7.72102694102084763372E-01    19    19    17    17
-2.67493489481084078044E-03    19    19    18     1
 7.80770195606949658253E-04    19    19    18     5
 1.24574674245300734410E-01    19    19    18     9
-4.63116557107198442700E-02    19    19    18    10
 1.14058468501150567752E-03    19    19    18    17
 9.32584866500318909743E-01    19    19    18    18
 6.02433475607529952955E-02    19    19    19     1
-1.75840579710087839549E-02    19    19    19     5
 5.62134883406929797278E-02    19    19    19     9
 1.51209817286082265353E-01    19    19    19    10
-2.56875932699954512284E-02    19    19    19    17
-2.06716127111360394402E-16    19    19    19    18
 1.04685359316733106461E+00    19    19    19    19
 6.13368233871342885544E-02    20     1     4     3
-1.33498337743215463036E-02    20     1     7     4
-1.33498337743215393647E-02    20     1     8     3
 3.76893941959549052742E-03    20     1     8     7
 3.65172027199771112582E-02    20     1    11     1
-2.28232218866964483434E-03    20     1    11     5
-5.95606026122297120551E-03    20     1    11     9
-1.67769795697074730612E-02    20     1    11    10
 1.54177259344001997554E-02    20     1    13    12
-2.31054046532892000398E-02    20     1    15     4
 7.40131568732341638822E-03    20     1    15     8
-2.31054046532891792232E-02    20     1    16     3
 7.40131568732341031669E-03    20     1    16     7
 2.96007422753182154740E-02    20     1    16    15
 1.04725196123876488491E-02    20     1    17    11
 2.67378083654252389576E-04    20     1    18    11
-1.80757546039022019835E-02    20     1    19    11
 8.66644609010670669003E-02    20     1    20     1
 6.74337692302943818301E-03    20     2    11     2
-1.66295583403939400448E-03    20     2    11     6
 6.74337692302944078510E-03    20     2    12     3
-1.66295583403940029285E-03    20     2    12     7
 6.74337692302944078510E-03    20     2    13     4
-1.66295583403939855813E-03    20     2    13     8
-5.52982911760925696307E-04    20     2    14    11
-5.52982911760950849797E-04    20     2    15    12
-5.52982911760948572973E-04    20     2    16    13
 1.85292337502388146375E-02    20     2    20     2
 1.27318919544734815430E-01    20     3     4     1
-2.08707489694250278300E-02    20     3     5     4
-2.65734651368721118414E-02    20     3     8     1
 1.36993483641918885330E-02    20     3     8     5
 2.35636669247652058568E-02    20     3     9     4
-4.96493809162086921494E-04    20     3     9     8
-3.80269056954820744432E-02    20     3    10     4
 3.14521190805006501529E-03    20     3    10     8
 5.51581044149764485041E-02    20     3    11     3
-6.50900210788639237147E-03    20     3    11     7
 4.16713505689175964242E-02    20     3    12     2
-3.18309043980757227013E-03    20     3    12     6
 1.39637981362868736357E-02    20     3    14    12
 1.28578323127648171120E-02    20     3    15    11
-4.34616614803040590687E-02    20     3    16     1
 2.32504893078252922178E-02    20     3    16     5
 1.10898791413139782835E-02    20     3    16     9
-1.21532506333406984528E-02    20     3    16    10
-3.56160475732740372523E-02    20     3    17     4
 1.25951881001882919076E-02    20     3    17     8
 7.14911709246648374716E-02    20     3    17    16
 6.43425935569559570570E-02    20     3    18     4
-1.79562814268697905351E-02    20     3    18     8
-3.68970929613786427503E-02    20     3    18    16
-5.71068051382366340119E-02    20     3    19     4
 1.47990923092652902626E-02    20     3    19     8
 2.96166890042676191064E-02    20     3    19    16
 1.19078620429706710793E-01    20     3    20     3
 1.27318919544734815430E-01    20     4     3     1
-2.08707489694250278300E-02    20     4     5     3
-2.65734651368721395970E-02    20     4     7     1
 1.36993483641918815941E-02    20     4     7     5
-4.22668813741368665227E-02    20     4     9     3
 2.36858206384483278503E-03    20     4     9     7
-1.46561486966734419446E-02    20     4    10     3
 2.12807026573580545734E-03    20     4    10     7
 5.51581044149764485041E-02    20     4    11     4
-6.50900210788637502424E-03    20     4    11     8
 4.16713505689175964242E-02    20     4    13     2
-3.18309043980757227013E-03    20     4    13     6
 1.39637981362868875135E-02    20     4    14    13
-4.34616614803040660076E-02    20     4    15     1
 2.32504893078253373206E-02    20     4    15     5
-1.62706447074719637302E-02    20     4    15     9
-2.43988547455849594248E-03    20     4    15    10
 1.28578323127648257856E-02    20     4    16    11
-3.56160475732739886801E-02    20     4    17     3
 1.25951881001882814992E-02    20     4    17     7
 7.14911709246646986937E-02    20     4    17    15
-6.26253549019146621424E-02    20     4    18     3
 1.75107022084151145447E-02    20     4    18     7
 3.60049564599069366055E-02    20     4    18    15
-5.89849257195547010957E-02    20     4    19     3
 1.53237229166841258665E-02    20     4    19     7
 3.06950622559449305682E-02    20     4    19    15
 1.19078620429706710793E-01    20     4    20     4
-1.89439621069169457368E-02    20     5     4     3
 1.79333296136496367704E-03    20     5     7     4
 1.79333296136495803919E-03    20     5     8     3
-6.42084588950058657991E-03    20     5     8     7
-1.49937875839249307175E-02    20     5    11     1
-6.85715431073756053609E-03    20     5    11     5
 4.21548541729092635794E-03    20     5    11     9
 1.18741432457850765170E-02    20     5    11    10
-1.09121123685385606333E-02    20     5    13    12
 1.90403836426086023152E-03    20     5    15     4
-3.24793734512312083987E-03    20     5    15     8
 1.90403836426085741260E-03    20     5    16     3
-3.24793734512311737042E-03    20     5    16     7
-1.48261481302109990321E-02    20     5    16    15
-1.08217180575247776120E-02    20     5    17    11
-2.36960900341794372236E-05    20     5    18    11
 1.60194396891402712248E-03    20     5    19    11
-2.09987058961607214735E-02    20     5    20     1
 9.48261141095741930118E-03    20     5    20     5
-2.71460067295639260673E-03    20     6    11     2
-2.47581933998949985792E-04    20     6    11     6
-2.71460067295639867826E-03    20     6    12     3
-2.47581933998946570556E-04    20     6    12     7
-2.71460067295639867826E-03    20     6    13     4
-2.47581933998947654758E-04    20     6    13     8
-1.51897428355655429721E-03    20     6    14    11
-1.51897428355654388887E-03    20     6    15    12
-1.51897428355654410571E-03    20     6    16    13
-4.17727263142876701491E-03    20     6    20     2
 1.42120727338498334044E-03    20     6    20     6
-3.87966812822653078774E-02    20     7     4     1
 1.84219094200818700978E-03    20     7     5     4
 6.28084644690107482545E-03    20     7     8     1
-1.28532837352318945329E-02    20     7     8     5
-9.35185431576208113513E-03    20     7     9     4
-8.70866438271735614565E-04    20     7     9     8
 1.51510198691701299112E-02    20     7    10     4
 1.40287163958167579447E-03    20     7    10     8
-2.20256336804480860880E-02    20     7    11     3
-2.03276892543006147684E-03    20     7    11     7
-1.65964323345352549044E-02    20     7    12     2
-1.53760505743217841881E-03    20     7    12     6
-1.07849841520204162842E-02    20     7    14    12
-1.38229327191334554897E-02    20     7    15    11
 7.48859397997557983684E-03    20     7    16     1
-1.06243877458521464308E-02    20     7    16     5
-6.35547620197960457661E-03    20     7    16     9
 9.79435171531737799877E-03    20     7    16    10
 5.12689307930082761172E-03    20     7    17     4
-1.49876227641550967620E-03    20     7    17     8
-2.67415901487056857644E-02    20     7    17    16
-1.79562814268697974740E-02    20     7    18     4
 6.38341596582397627357E-03    20     7    18     8
 1.23630672658167073408E-02    20     7    18    16
 1.47990923092653041404E-02    20     7    19     4
-5.18798473276168691654E-03    20     7    19     8
-9.97067789603954708622E-03    20     7    19    16
-3.02672497008410201769E-02    20     7    20     3
 1.05696068239370458142E-02    20     7    20     7
-3.87966812822652870607E-02    20     8     3     1
 1.84219094200818223929E-03    20     8     5     3
 6.28084644690108002962E-03    20     8     7     1
-1.28532837352318945329E-02    20     8     7     5
 1.68119477684844434440E-02    20     8     9     3
 1.56050648919462331063E-03    20     8     9     7
 5.86250752229595939458E-03    20     8    10     3
 5.39700553670392898717E-04    20     8    10     7
-2.20256336804480826186E-02    20     8    11     4
-2.03276892543007188519E-03    20     8    11     8
-1.65964323345352549044E-02    20     8    13     2
-1.53760505743218037038E-03    20     8    13     6
-1.07849841520204162842E-02    20     8    14    13
 7.48859397997556942850E-03    20     8    15     1
-1.06243877458521551044E-02    20     8    15     5
 1.11086491540534470363E-02    20     8    15     9
 3.59434517672095003166E-03    20     8    15    10
-1.38229327191334537550E-02    20     8    16    11
 5.12689307930082414227E-03    20     8    17     3
-1.49876227641550143627E-03    20     8    17     7
-2.67415901487056857644E-02    20     8    17    15
 1.75107022084151041363E-02    20     8    18     3
-6.22717448232243831613E-03    20     8    18     7
-1.20627485432951014888E-02    20     8    18    15
 1.53237229166841206623E-02    20     8    19     3
-5.37452164818573094318E-03    20     8    19     7
-1.03319866195670326953E-02    20     8    19    15
-3.02672497008410062991E-02    20     8    20     4
 1.05696068239370423447E-02    20     8    20     8
-3.31190709638583139288E-03    20     9     4     3
 1.14565360613222986044E-03    20     9     7     4
 1.14565360613222986044E-03    20     9     8     3
 6.59435944370115301703E-04    20     9     8     7
-1.52587344691596242703E-03    20     9    11     1
 1.66106775199694974877E-03    20     9    11     5
-1.71162070832750153916E-03    20     9    11     9
-5.64654336785089323489E-06    20     9    11    10
 5.18906622973746775584E-06    20     9    13    12
 1.95922121182175862364E-03    20     9    15     4
-7.95594379952502863676E-05    20     9    15     8
 1.95922121182175688892E-03    20     9    16     3
-7.95594379952504218928E-05    20     9    16     7
-1.51901582270646244186E-04    20     9    16    15
 8.23852720579212644166E-04    20     9    17    11
 4.91452015732800253506E-03    20     9    18    11
 2.82813262626350212306E-03    20     9    19    11
-6.04802166266393392141E-03    20     9    20     1
 5.35999300647410073170E-04    20     9    20     5
 5.59198509402676711272E-03    20     9    20     9
-9.32895156460778092467E-03    20    10     4     3
 3.22706727283774948492E-03    20    10     7     4
 3.22706727283774905124E-03    20    10     8     3
 1.85749352441180932451E-03    20    10     8     7
-4.29806726629925091310E-03    20    10    11     1
 4.67888142780990053810E-03    20    10    11     5
-5.64654336785093473951E-06    20    10    11     9
-1.72552124220927286316E-03    20    10    11    10
 1.46165173460300160688E-05    20    10    13    12
 5.51871754173989970821E-03    20    10    15     4
-2.24102344046741376376E-04    20    10    15     8
 5.51871754173989623876E-03    20    10    16     3
-2.24102344046742541894E-04    20    10    16     7
-4.27875076911594259300E-04    20    10    16    15
 2.32062129249969951658E-03    20    10    17    11
-1.87397298998683687309E-03    20    10    18    11
 7.73377035230716092934E-03    20    10    19    11
-1.70360156582476315879E-02    20    10    20     1
 1.50979824278887507158E-03    20    10    20     5
 9.38373719102273112086E-04    20    10    20     9
 7.90205247975003625960E-03    20    10    20    10
 1.45301514403210652038E-01    20    11     1     1
 1.23944573692802373355E-01    20    11     2     2
 1.41090832693810536158E-01    20    11     3     3
 1.41090832693810508403E-01    20    11     4     4
-2.87920402475684115984E-02    20    11     5     1
 9.61828211298701440946E-03    20    11     5     5
-2.57654432464035666739E-02    20    11     6     2
 9.80837489464982462128E-03    20    11     6     6
-3.16966704470756990841E-02    20    11     7     3
 6.39437227691830485654E-03    20    11     7     7
-3.16966704470756782674E-02    20    11     8     4
 6.39437227691829791765E-03    20    11     8     8
-1.52587344691593423777E-03    20    11     9     1
 1.66106775199695235086E-03    20    11     9     5
 4.75409736019608494817E-02    20    11     9     9
-4.29806726629916677901E-03    20    11    10     1
 4.67888142780990487490E-03    20    11    10     5
 1.12930867357889495482E-05    20    11    10     9
 4.75687746697246310879E-02    20    11    10    10
 4.41177321853060896983E-02    20    11    11    11
 4.75638290039352359950E-02    20    11    12    12
 4.75638290039352359950E-02    20    11    13    13
-5.14457282724538264573E-02    20    11    14     2
 1.80166790224207673532E-02    20    11    14     6
 7.69521757234807174397E-02    20    11    14    14
-6.15889217137270614244E-02    20    11    15     3
 1.84285706275115548913E-02    20    11    15     7
 7.77385938796906206250E-02    20    11    15    15
-6.15889217137270267299E-02    20    11    16     4
 1.84285706275115514219E-02    20    11    16     8
 7.77385938796905651138E-02    20    11    16    16
-4.77129663594593189657E-02    20    11    17     1
 2.21709490849744811358E-02    20    11    17     5
 8.23852720579097068214E-04    20    11    17     9
 2.32062129249937338857E-03    20    11    17    10
 8.70573084033073041343E-02    20    11    17    17
 2.67378083654246914355E-04    20    11    18     1
-2.36960900341757035024E-05    20    11    18     5
 4.03749196202290230873E-02    20    11    18     9
-1.49157874145117008008E-02    20    11    18    10
-5.37502339990637969863E-05    20    11    18    17
 1.45424955533631522497E-01    20    11    18    18
-1.80757546039022332085E-02    20    11    19     1
 1.60194396891403124245E-03    20    11    19     5
 1.30074681419582883352E-02    20    11    19     9
 3.47364192302705709903E-02    20    11    19    10
 3.63371607123083454130E-03    20    11    19    17
 1.85202919996096455240E-04    20    11    19    18
 1.32907287683553171354E-01    20    11    19    19
 5.35609236044706921165E-02    20    11    20    11
 8.57312950050426528237E-03    20    12     3     2
-2.96561360033604799052E-03    20    12     6     3
-2.96561360033605232733E-03    20    12     7     2
-1.70700130886574014989E-03    20    12     7     6
-1.72304840931466487185E-03    20    12    12    11
 3.94984227548736931135E-03    20    12    13     1
-4.29980326517056740676E-03    20    12    13     5
 1.00637422216572514511E-05    20    12    13     9
-1.18021218498982047497E-05    20    12    13    10
-5.07159672063636594863E-03    20    12    14     3
 2.05945802545275536821E-04    20    12    14     7
-5.07159672063639370421E-03    20    12    15     2
 2.05945802545280876516E-04    20    12    15     6
 3.93209078104482675185E-04    20    12    15    14
-2.13260694135289797374E-03    20    12    17    13
-2.25107171881632969757E-03    20    12    18    13
 1.25563542550671380232E-03    20    12    19    13
 7.49110347097137196926E-03    20    12    20    12
 8.57312950050426528237E-03    20    13     4     2
-2.96561360033604755684E-03    20    13     6     4
-2.96561360033605189365E-03    20    13     8     2
-1.70700130886574123409E-03    20    13     8     6
 3.94984227548736931135E-03    20    13    12     1
-4.29980326517057261093E-03    20    13    12     5
-1.52528084514009127119E-05    20    13    12     9
-2.81439549614830262708E-06    20    13    12    10
-1.72304840931466487185E-03    20    13    13    11
-5.07159672063636681599E-03    20    13    14     4
 2.05945802545274235778E-04    20    13    14     8
-5.07159672063639110212E-03    20    13    16     2
 2.05945802545280307310E-04    20    13    16     6
 3.93209078104483000446E-04    20    13    16    14
-2.13260694135289407061E-03    20    13    17    12
 2.21294803578866387112E-03    20    13    18    12
 1.32166758148228149009E-03    20    13    19    12
 7.49110347097137196926E-03    20    13    20    13
-4.57396186880762011667E-03    20    14    11     2
-4.82107885736879630996E-04    20    14    11     6
-4.57396186880763225974E-03    20    14    12     3
-4.82107885736873559464E-04    20    14    12     7
-4.57396186880763139238E-03    20    14    13     4
-4.82107885736875727868E-04    20    14    13     8
-2.84066961471451289237E-03    20    14    14    11
-2.84066961471449641249E-03    20    14    15    12
-2.84066961471449554513E-03    20    14    16    13
-7.89110518167841605564E-03    20    14    20     2
 2.68515138032367249935E-03    20    14    20     6
 6.39284512923810228913E-03    20    14    20    14
-7.69908601211551635313E-02    20    15     4     1
 6.11445994564680656014E-03    20    15     5     4
 1.34258327689115997128E-02    20    15     8     1
-2.04388325577931941057E-02    20    15     8     5
-1.70679512949590272974E-02    20    15     9     4
-1.14318793945810542878E-03    20    15     9     8
 2.70656276749806704029E-02    20    15    10     4
 2.08368560462970789718E-03    20    15    10     8
-3.88612884429950511400E-02    20    15    11     3
-3.22074664618247604245E-03    20    15    11     7
-2.97133647053797016191E-02    20    15    12     2
-2.25653087470875169177E-03    20    15    12     6
-1.82825732664431001018E-02    20    15    14    12
-2.39639124958719411385E-02    20    15    15    11
 2.15223699303298543484E-02    20    15    16     1
-2.14614702425346276504E-02    20    15    16     5
-1.04719886093724325049E-02    20    15    16     9
 1.66589407294270852589E-02    20    15    16    10
 1.81279874578646089944E-02    20    15    17     4
-6.25086868473607570190E-03    20    15    17     8
-5.47405007241683616570E-02    20    15    17    16
-3.68970929613787398949E-02    20    15    18     4
 1.23630672658167246880E-02    20    15    18     8
 2.55775081063345476051E-02    20    15    18    16
 2.96166890042677266592E-02    20    15    19     4
-9.97067789603958004596E-03    20    15    19     8
-2.15871072871779007274E-02    20    15    19    16
-6.01283278845391178091E-02    20    15    20     3
 2.02696980997099339417E-02    20    15    20     7
 4.44339623206847292303E-02    20    15    20    15
-7.69908601211551080201E-02    20    16     3     1
 6.11445994564679354971E-03    20    16     5     3
 1.34258327689116014475E-02    20    16     7     1
-2.04388325577931767585E-02    20    16     7     5
 3.03135741670351108179E-02    20    16     9     3
 2.20115832759039745103E-03    20    16     9     7
 1.02445294702798849612E-02    20    16    10     3
 8.96396330170370469331E-04    20    16    10     7
-3.88612884429950233844E-02    20    16    11     4
-3.22074664618249599177E-03    20    16    11     8
-2.97133647053796842719E-02    20    16    13     2
-2.25653087470875255913E-03    20    16    13     6
-1.82825732664430584684E-02    20    16    14    13
 2.15223699303298439400E-02    20    16    15     1
-2.14614702425346415282E-02    20    16    15     5
 1.86321613902305366350E-02    20    16    15     9
 6.32656412200116851502E-03    20    16    15    10
-2.39639124958719480774E-02    20    16    16    11
 1.81279874578645985861E-02    20    16    17     3
-6.25086868473608697760E-03    20    16    17     7
-5.47405007241682367569E-02    20    16    17    15
 3.60049564599069504833E-02    20    16    18     3
-1.20627485432951118971E-02    20    16    18     7
-2.49278206335471694266E-02    20    16    18    15
 3.06950622559449687321E-02    20    16    19     3
-1.03319866195670535119E-02    20    16    19     7
-2.23341863612588412136E-02    20    16    19    15
-6.01283278845390969924E-02    20    16    20     4
 2.02696980997099235333E-02    20    16    20     8
 4.44339623206846945358E-02    20    16    20    16
-2.87015753664956498048E-02    20    17     4     3
 5.35762477797503688937E-03    20    17     7     4
 5.35762477797503341992E-03    20    17     8     3
-3.73363553832664705340E-03    20    17     8     7
-1.46891610962057161949E-02    20    17    11     1
-3.42748554281819889020E-03    20    17    11     5
 3.26684914050553651399E-03    20    17    11     9
 9.20203270010635891729E-03    20    17    11    10
-8.45649347191176209426E-03    20    17    13    12
 1.29737797940053366935E-02    20    17    15     4
-5.43090260439214270877E-03    20    17    15     8
 1.29737797940053245505E-02    20    17    16     3
-5.43090260439213663723E-03    20    17    16     7
-2.05355478339725276704E-02    20    17    16    15
-5.94225794519222944023E-03    20    17    17    11
-5.37502339990689537229E-05    20    17    18    11
 3.63371607123113898527E-03    20    17    19    11
-3.50646883095537681418E-02    20    17    20     1
 1.16148063153578128687E-02    20    17    20     5
 1.21581610263902031854E-03    20    17    20     9
 3.42470039252220238152E-03    20    17    20    10
 2.31975128556765122778E-02    20    17    20    17
 6.69553877863793191899E-04    20    18     4     3
-1.21468819744377883778E-04    20    18     7     4
-1.21468819744377761805E-04    20    18     8     3
 8.35156000493755736741E-05    20    18     8     7
 4.57590293653774326296E-04    20    18    11     1
 5.38433030779582983642E-05    20    18    11     5
 9.30910834800759319496E-03    20    18    11     9
-3.67496823998936239519E-03    20    18    11    10
 1.73920296167032401632E-04    20    18    13    12
-1.74055704384084696662E-04    20    18    15     4
 8.87618999401233981904E-05    20    18    15     8
-1.74055704384084506927E-04    20    18    16     3
 8.87618999401232762177E-05    20    18    16     7
 3.75930412971058026343E-04    20    18    16    15
 2.17958671589396510643E-04    20    18    17    11
 7.94786737737441899287E-03    20    18    18    11
-9.26014599980715921767E-05    20    18    19    11
 8.91905113309751792182E-04    20    18    20     1
-2.60332664967882299132E-04    20    18    20     5
 7.41746220348929972965E-03    20    18    20     9
-2.85629573723273841312E-03    20    18    20    10
-3.80305821535349133575E-04    20    18    20    17
 2.95568837471780372639E-02    20    18    20    18
-4.52643366462575358344E-02    20    19     4     3
 8.21174476126559395317E-03    20    19     7     4
 8.21174476126558527955E-03    20    19     8     3
-5.64596571064623648645E-03    20    19     8     7
-3.09348086580985455474E-02    20    19    11     1
-3.64000788770440283221E-03    20    19    11     5
 8.02784585707156696233E-03    20    19    11     9
 2.21705317452147929180E-02    20    19    11    10
-1.17576599816555608241E-02    20    19    13    12
 1.17668140816075735694E-02    20    19    15     4
-6.00063512897541610769E-03    20    19    15     8
 1.17668140816075562222E-02    20    19    16     3
-6.00063512897540569935E-03    20    19    16     7
-2.54142964903419886491E-02    20    19    16    15
-1.47348182304167935053E-02    20    19    17    11
-9.26014599980775823937E-05    20    19    18    11
 1.42067013024136466065E-02    20    19    19    11
-6.02961085583970449187E-02    20    19    20     1
 1.75994580521581477084E-02    20    19    20     5
 4.86364140132073460160E-03    20    19    20     9
 1.33485553242946464875E-02    20    19    20    10
 2.57100904103933908251E-02    20    19    20    17
-4.07928399416020712794E-04    20    19    20    18
 5.71283292222838010033E-02    20    19    20    19
 9.90011273687667170407E-01    20    20     1     1
 9.04566524544233141469E-01    20    20     2     2
 9.82975232117199837489E-01    20    20     3     3
 9.82975232117199948512E-01    20    20     4     4
-1.08501868821553951183E-01    20    20     5     1
 3.94730713157452117734E-01    20    20     5     5
-1.13180687783829239668E-01    20    20     6     2
 3.21656922943248380076E-01    20    20     6     6
-1.27405402898552205793E-01    20    20     7     3
 3.31437092214980855154E-01    20    20     7     7
-1.27405402898552067015E-01    20    20     8     4
 3.31437092214980910665E-01    20    20     8     8
-1.03505716355629332620E-02    20    20     9     1
-1.21792130063276939425E-03    20    20     9     5
 6.42580562072018190989E-01    20    20     9     9
-2.91554015991397422192E-02    20    20    10     1
-3.43063029621397484054E-03    20    20    10     5
-8.56172448098429378360E-03    20    20    10     9
 6.21503500676914844014E-01    20    20    10    10
 6.65626605187292552657E-01    20    20    11    11
 6.25253000601381891954E-01    20    20    12    12
 6.25253000601381891954E-01    20    20    13    13
-2.03292640475420588464E-01    20    20    14     2
 1.15683726589465879497E-01    20    20    14     6
 7.11977902048476885000E-01    20    20    14    14
-2.23675589895414528296E-01    20    20    15     3
 1.26078268516743113858E-01    20    20    15     7
 7.56001570334107197979E-01    20    20    15    15
-2.23675589895414222985E-01    20    20    16     4
 1.26078268516743224881E-01    20    20    16     8
 7.56001570334106420823E-01    20    20    16    16
-1.80302916160829218573E-01    20    20    17     1
 1.35485073551452200880E-01    20    20    17     5
-4.93016760881088023788E-03    20    20    17     9
-1.38872539263513138097E-02    20    20    17    10
 7.72102694102075992610E-01    20    20    17    17
 8.91905113309752767964E-04    20    20    18     1
-2.60332664967869397126E-04    20    20    18     5
 1.36374892879103343235E-01    20    20    18     9
-5.05008968662277735184E-02    20    20    18    10
-3.80305821535373961804E-04    20    20    18    17
 9.87739825672974913751E-01    20    20    18    18
-6.02961085583968853241E-02    20    20    19     1
 1.75994580521576481080E-02    20    20    19     5
 4.64862055380516406289E-02    20    20    19     9
 1.24512706637493295037E-01    20    20    19    10
 2.57100904103949312596E-02    20    20    19    17
 8.15856798831860363826E-04    20    20    19    18
 9.32596934722761727876E-01    20    20    19    19
 1.61320690288380474975E-01    20    20    20    11
 1.04685359316732951029E+00    20    20    20    20
 6.13368233871343718211E-02    21     1     4     2
-1.33498337743215133439E-02    21     1     6     4
-1.33498337743215723245E-02    21     1     8     2
 3.76893941959548315485E-03    21     1     8     6
 3.65172027199771112582E-02    21     1    12     1
-2.28232218866966131421E-03    21     1    12     5
 1.75073206367506832570E-02    21     1    12     9
 3.23039029216367398062E-03    21     1    12    10
 1.54177259344001858776E-02    21     1    13    11
-2.31054046532890404453E-02    21     1    14     4
 7.40131568732338429584E-03    21     1    14     8
-2.31054046532892971844E-02    21     1    16     2
 7.40131568732340944933E-03    21     1    16     6
 2.96007422753181738406E-02    21     1    16    14
 1.04725196123876193588E-02    21     1    17    12
 1.55203736377256974049E-02    21     1    18    12
 9.26943351481086634525E-03    21     1    19    12
 1.56557751853775156681E-02    21     1    20    13
 8.66644609010670113891E-02    21     1    21     1
 1.27318919544735009719E-01    21     2     4     1
-2.08707489694250521162E-02    21     2     5     4
-2.65734651368721465359E-02    21     2     8     1
 1.36993483641919423094E-02    21     2     8     5
 3.38260377800298356332E-02    21     2     9     4
-3.02725394308788441078E-03    21     2     9     8
-2.92761186604092484009E-02    21     2    10     4
 9.87217105369910582352E-04    21     2    10     8
 4.16713505689176866298E-02    21     2    11     3
-3.18309043980759872466E-03    21     2    11     7
 5.51581044149765803430E-02    21     2    12     2
-6.50900210788635420756E-03    21     2    12     6
 1.28578323127650148705E-02    21     2    14    12
 1.39637981362868163898E-02    21     2    15    11
-4.34616614803042256021E-02    21     2    16     1
 2.32504893078253616068E-02    21     2    16     5
 1.02483251570284362303E-02    21     2    16     9
-1.28708489153422974555E-02    21     2    16    10
-3.56160475732740927635E-02    21     2    17     4
 1.25951881001883005812E-02    21     2    17     8
 7.14911709246653648275E-02    21     2    17    16
 8.23951215644300183349E-02    21     2    18     4
-2.20260844306098303724E-02    21     2    18     8
-4.45851819143468289242E-02    21     2    18    16
-2.47426854062970900949E-02    21     2    19     4
 7.50285149224970589199E-03    21     2    19     8
 1.58336758284595147117E-02    21     2    19    16
 8.20201529292292758067E-02    21     2    20     3
-2.19127044379835052290E-02    21     2    20     7
-4.43461175211822475339E-02    21     2    20    15
 1.19078620429707002226E-01    21     2    21     2
 6.74337692302941649897E-03    21     3    11     2
-1.66295583403939617288E-03    21     3    11     6
 6.74337692302941996841E-03    21     3    12     3
-1.66295583403940202757E-03    21     3    12     7
 6.74337692302941996841E-03    21     3    13     4
-1.66295583403940072653E-03    21     3    13     8
-5.52982911760937405690E-04    21     3    14    11
-5.52982911760960716037E-04    21     3    15    12
-5.52982911760960390776E-04    21     3    16    13
 1.85292337502387799431E-02    21     3    20     2
-4.17727263142875660656E-03    21     3    20     6
-7.89110518167837789172E-03    21     3    20    14
 1.85292337502387452486E-02    21     3    21     3
 1.27318919544734870941E-01    21     4     2     1
-2.08707489694251735468E-02    21     4     5     2
-2.65734651368720389830E-02    21     4     6     1
 1.36993483641918625121E-02    21     4     6     5
 2.11504328972199513725E-02    21     4     9     2
-2.47558650807560643239E-03    21     4     9     6
 3.94201870109027949218E-02    21     4    10     2
-2.00258220558108789022E-03    21     4    10     6
 5.51581044149764554430E-02    21     4    12     4
-6.50900210788639063675E-03    21     4    12     8
 4.16713505689176103020E-02    21     4    13     3
-3.18309043980761260245E-03    21     4    13     7
-4.34616614803036566128E-02    21     4    14     1
 2.32504893078252748706E-02    21     4    14     5
 4.98008421637550265787E-03    21     4    14     9
 1.56807423779476012848E-02    21     4    14    10
 1.39637981362867504703E-02    21     4    15    13
 1.28578323127647841523E-02    21     4    16    12
-3.56160475732741413357E-02    21     4    17     2
 1.25951881001882919076E-02    21     4    17     6
 7.14911709246643795046E-02    21     4    17    14
 1.72846472002026914361E-02    21     4    18     2
-3.83824917933975502671E-03    21     4    18     6
-7.20025857298968972875E-03    21     4    18    14
 8.42757231348191804265E-02    21     4    19     2
-2.29501420278045153989E-02    21     4    19     6
-4.67621643324834870836E-02    21     4    19    14
 1.19078620429706613648E-01    21     4    21     4
-1.89439621069169734924E-02    21     5     4     2
 1.79333296136495370238E-03    21     5     6     4
 1.79333296136497690430E-03    21     5     8     2
-6.42084588950059265144E-03    21     5     8     6
-1.49937875839249584731E-02    21     5    12     1
-6.85715431073754665831E-03    21     5    12     5
-1.23910524076707839053E-02    21     5    12     9
-2.28635416223577992226E-03    21     5    12    10
-1.09121123685385710417E-02    21     5    13    11
 1.90403836426079019206E-03    21     5    14     4
-3.24793734512311303361E-03    21     5    14     8
 1.90403836426089145654E-03    21     5    16     2
-3.24793734512311693674E-03    21     5    16     6
-1.48261481302109782154E-02    21     5    16    14
-1.08217180575247290397E-02    21     5    17    12
-1.37547612750171430705E-03    21     5    18    12
-8.21493400396942669191E-04    21     5    19    12
-1.38747594147328279050E-03    21     5    20    13
-2.09987058961607665764E-02    21     5    21     1
 9.48261141095744532203E-03    21     5    21     5
-3.87966812822652246107E-02    21     6     4     1
 1.84219094200817378251E-03    21     6     5     4
 6.28084644690105661086E-03    21     6     8     1
-1.28532837352318841245E-02    21     6     8     5
-1.34830543284278573518E-02    21     6     9     4
-1.24764763451241456407E-03    21     6     9     8
 1.16283200934566427476E-02    21     6    10     4
 1.08158798557780985901E-03    21     6    10     8
-1.65964323345352583738E-02    21     6    11     3
-1.53760505743217126308E-03    21     6    11     7
-2.20256336804480236380E-02    21     6    12     2
-2.03276892543008185985E-03    21     6    12     6
-1.38229327191335005925E-02    21     6    14    12
-1.07849841520203642425E-02    21     6    15    11
 7.48859397997556248960E-03    21     6    16     1
-1.06243877458521481655E-02    21     6    16     5
-8.66711881003717418692E-03    21     6    16     9
 7.82319978077831643115E-03    21     6    16    10
 5.12689307930083715270E-03    21     6    17     4
-1.49876227641552420451E-03    21     6    17     8
-2.67415901487057031116E-02    21     6    17    16
-2.20260844306097505751E-02    21     6    18     4
 7.76805952167945908127E-03    21     6    18     8
 1.49791371557535194642E-02    21     6    18    16
 7.50285149224968941212E-03    21     6    19     4
-2.70563047139658202633E-03    21     6    19     8
-5.28065336817375163836E-03    21     6    19    16
-2.19127044379834046151E-02    21     6    20     3
 7.72719227716705224507E-03    21     6    20     7
 1.48993953390625048089E-02    21     6    20    15
-3.02672497008409854824E-02    21     6    21     2
 1.05696068239370093850E-02    21     6    21     6
-2.71460067295639607618E-03    21     7    11     2
-2.47581933998948684750E-04    21     7    11     6
-2.71460067295640171403E-03    21     7    12     3
-2.47581933998945486353E-04    21     7    12     7
-2.71460067295640171403E-03    21     7    13     4
-2.47581933998946570556E-04    21     7    13     8
-1.51897428355655386353E-03    21     7    14    11
-1.51897428355654453939E-03    21     7    15    12
-1.51897428355654410571E-03    21     7    16    13
-4.17727263142877742325E-03    21     7    20     2
 1.42120727338498550885E-03    21     7    20     6
 2.68515138032367423407E-03    21     7    20    14
-4.17727263142876614754E-03    21     7    21     3
 1.42120727338498724357E-03    21     7    21     7
-3.87966812822653148163E-02    21     8     2     1
 1.84219094200824512302E-03    21     8     5     2
 6.28084644690105053932E-03    21     8     6     1
-1.28532837352318997370E-02    21     8     6     5
-8.44524094206303144183E-03    21     8     9     2
-7.79489258990608653230E-04    21     8     9     6
-1.56744533445261277627E-02    21     8    10     2
-1.45562827863744215576E-03    21     8    10     6
-2.20256336804480895575E-02    21     8    12     4
-2.03276892543007015046E-03    21     8    12     8
-1.65964323345352826600E-02    21     8    13     3
-1.53760505743216670943E-03    21     8    13     7
 7.48859397997543758951E-03    21     8    14     1
-1.06243877458521429613E-02    21     8    14     5
-5.30441929807482209086E-03    21     8    14     9
-1.04011797017205965404E-02    21     8    14    10
-1.07849841520203729162E-02    21     8    15    13
-1.38229327191334416119E-02    21     8    16    12
 5.12689307930088832704E-03    21     8    17     2
-1.49876227641552420451E-03    21     8    17     6
-2.67415901487055296393E-02    21     8    17    14
-3.83824917933976500137E-03    21     8    18     2
 1.30121859010544696500E-03    21     8    18     6
 2.45332671801388145505E-03    21     8    18    14
-2.29501420278046160128E-02    21     8    19     2
 8.12219275570756800431E-03    21     8    19     6
 1.56920692689128393749E-02    21     8    19    14
-3.02672497008409854824E-02    21     8    21     4
 1.05696068239370440794E-02    21     8    21     8
 9.73506259381779967543E-03    21     9     4     2
-3.36754904106495748725E-03    21     9     6     4
-3.36754904106496225774E-03    21     9     8     2
-1.93835455169078744314E-03    21     9     8     6
 4.48517216324743200895E-03    21     9    12     1
-4.88256405377707116550E-03    21     9    12     5
-1.72693615873898993068E-03    21     9    12     9
-3.19583604997491477524E-06    21     9    12    10
-1.52528084514134471054E-05    21     9    13    11
-5.75896019336839034425E-03    21     9    14     4
 2.33858041989716048704E-04    21     9    14     8
-5.75896019336841896719E-03    21     9    16     2
 2.33858041989722852073E-04    21     9    16     6
 4.46501477386942557772E-04    21     9    16    14
-2.42164335215742281340E-03    21     9    17    12
 7.44212104570301461598E-03    21     9    18    12
 3.33328404329409633267E-03    21     9    19    12
 2.53479583186842424847E-03    21     9    20    13
 1.77776331706438334157E-02    21     9    21     1
-1.57552328316796098201E-03    21     9    21     5
 8.13719111230544293878E-03    21     9    21     9
 1.79628010185976902564E-03    21    10     4     2
-6.21368509571103158975E-04    21    10     6     4
-6.21368509571104134757E-04    21    10     8     2
-3.57658482212811629219E-04    21    10     8     6
 8.27588465160264017892E-04    21    10    12     1
-9.00913843268501507260E-04    21    10    12     5
-3.19583604999033162191E-06    21    10    12     9
-1.71020579179780463780E-03    21    10    12    10
-2.81439549615254245050E-06    21    10    13    11
-1.06262342979895722805E-03    21    10    14     4
 4.31506776086666379464E-05    21    10    14     8
-1.06262342979896264906E-03    21    10    16     2
 4.31506776086678576739E-05    21    10    16     6
 8.23869093343386428487E-05    21    10    16    14
-4.46833261251332574792E-04    21    10    17    12
-1.36882157295623832667E-03    21    10    18    12
 5.20616946393214190952E-03    21    10    19    12
 4.67711765711074564916E-04    21    10    20    13
 3.28026742661823500144E-03    21    10    21     1
-2.90710110623072998451E-04    21    10    21     5
 5.31101660693994817065E-04    21    10    21     9
 5.35684646147133007588E-03    21    10    21    10
 8.57312950050424446569E-03    21    11     3     2
-2.96561360033604495476E-03    21    11     6     3
-2.96561360033604972525E-03    21    11     7     2
-1.70700130886574470354E-03    21    11     7     6
-1.72304840931468286960E-03    21    11    12    11
 3.94984227548735109675E-03    21    11    13     1
-4.29980326517057347829E-03    21    11    13     5
 1.00637422216626013112E-05    21    11    13     9
-1.18021218499079676514E-05    21    11    13    10
-5.07159672063636681599E-03    21    11    14     3
 2.05945802545271606588E-04    21    11    14     7
-5.07159672063639543893E-03    21    11    15     2
 2.05945802545276919178E-04    21    11    15     6
 3.93209078104471562113E-04    21    11    15    14
-2.13260694135290924944E-03    21    11    17    13
-2.25107171881632839652E-03    21    11    18    13
 1.25563542550671466969E-03    21    11    19    13
 7.49110347097136849981E-03    21    11    20    12
 7.49110347097136416300E-03    21    11    21    11
 1.45301514403210652038E-01    21    12     1     1
 1.41090832693810869225E-01    21    12     2     2
 1.23944573692802095799E-01    21    12     3     3
 1.41090832693810591669E-01    21    12     4     4
-2.87920402475684636401E-02    21    12     5     1
 9.61828211298699532750E-03    21    12     5     5
-3.16966704470756158174E-02    21    12     6     2
 6.39437227691823893705E-03    21    12     6     6
-2.57654432464036291239E-02    21    12     7     3
 9.80837489464988360188E-03    21    12     7     7
-3.16966704470756852063E-02    21    12     8     4
 6.39437227691834128573E-03    21    12     8     8
 4.48517216324745456035E-03    21    12     9     1
-4.88256405377708851273E-03    21    12     9     5
 4.75716045027840400694E-02    21    12     9     9
 8.27588465160206772017E-04    21    12    10     1
-9.00913843268391027058E-04    21    12    10     5
 6.39167210000690855969E-06    21    12    10     9
 4.75381437689016278503E-02    21    12    10    10
 4.75638290039352637506E-02    21    12    11    11
 4.41177321853061035761E-02    21    12    12    12
 4.75638290039353400784E-02    21    12    13    13
-6.15889217137267908075E-02    21    12    14     2
 1.84285706275113259078E-02    21    12    14     6
 7.77385938796903291914E-02    21    12    14    14
-5.14457282724539236018E-02    21    12    15     3
 1.80166790224209651117E-02    21    12    15     7
 7.69521757234808978509E-02    21    12    15    15
-6.15889217137271238744E-02    21    12    16     4
 1.84285706275114646857E-02    21    12    16     8
 7.77385938796912590032E-02    21    12    16    16
-4.77129663594587360986E-02    21    12    17     1
 2.21709490849748731833E-02    21    12    17     5
-2.42164335215760495937E-03    21    12    17     9
-4.46833261251246380719E-04    21    12    17    10
 8.70573084033025856865E-02    21    12    17    17
 1.55203736377256696494E-02    21    12    18     1
-1.37547612750170281451E-03    21    12    18     5
 3.53197178434788081058E-02    21    12    18     9
-1.59260902485728883526E-02    21    12    18    10
-3.12001531082612120621E-03    21    12    18    17
 1.36197095079644531213E-01    21    12    18    18
 9.26943351481094614253E-03    21    12    19     1
-8.21493400396994927735E-04    21    12    19     5
 1.19971653078971476208E-02    21    12    19     9
 3.97916210070207582161E-02    21    12    19    10
-1.86340710371840959612E-03    21    12    19    17
-5.51291063715003692991E-03    21    12    19    18
 1.42135148137540495705E-01    21    12    19    19
 3.85787166625281632837E-02    21    12    20    11
 1.36035334877481761673E-01    21    12    20    20
 5.35609236044707545665E-02    21    12    21    12
 8.57312950050423926152E-03    21    13     4     3
-2.96561360033605189365E-03    21    13     7     4
-2.96561360033605145997E-03    21    13     8     3
-1.70700130886574123409E-03    21    13     8     7
 3.94984227548735543356E-03    21    13    11     1
-4.29980326517057694774E-03    21    13    11     5
 5.18906622974054926171E-06    21    13    11     9
 1.46165173460385829600E-05    21    13    11    10
-1.72304840931466812445E-03    21    13    13    12
-5.07159672063639630629E-03    21    13    15     4
 2.05945802545282855185E-04    21    13    15     8
-5.07159672063639196948E-03    21    13    16     3
 2.05945802545282665450E-04    21    13    16     7
 3.93209078104478772057E-04    21    13    16    15
-2.13260694135290231055E-03    21    13    17    11
 3.81236830276659009894E-05    21    13    18    11
-2.57730300698899182296E-03    21    13    19    11
 1.56557751853775087292E-02    21    13    20     1
-1.38747594147326717799E-03    21    13    20     5
-8.62347645179542023064E-04    21    13    20     9
-2.42905346666050367052E-03    21    13    20    10
-3.14723468786232748323E-03    21    13    20    17
 8.02039898934295731074E-05    21    13    20    18
-5.42208852630636766595E-03    21    13    20    19
 7.49110347097136676509E-03    21    13    21    13
-7.69908601211547333198E-02    21    14     4     1
 6.11445994564677533512E-03    21    14     5     4
 1.34258327689114904252E-02    21    14     8     1
-2.04388325577931628807E-02    21    14     8     5
-2.40288098545982167775E-02    21    14     9     4
-1.87688115758191057664E-03    21    14     9     8
 2.11300605730161718265E-02    21    14    10     4
 1.45806086435977034534E-03    21    14    10     8
-2.97133647053796148829E-02    21    14    11     3
-2.25653087470873521189E-03    21    14    11     7
-3.88612884429948637899E-02    21    14    12     2
-3.22074664618251724213E-03    21    14    12     6
-2.39639124958719584857E-02    21    14    14    12
-1.82825732664429647933E-02    21    14    15    11
 2.15223699303298404706E-02    21    14    16     1
-2.14614702425345894865E-02    21    14    16     5
-1.47950459434395137359E-02    21    14    16     9
 1.29726430303504711161E-02    21    14    16    10
 1.81279874578645326666E-02    21    14    17     4
-6.25086868473593432194E-03    21    14    17     8
-5.47405007241688612574E-02    21    14    17    16
-4.45851819143463917738E-02    21    14    18     4
 1.49791371557534535447E-02    21    14    18     8
 3.18058830784794452362E-02    21    14    18    16
 1.58336758284594175672E-02    21    14    19     4
-5.28065336817374556683E-03    21    14    19     8
-1.04210327490041367027E-02    21    14    19    16
-4.43461175211819005892E-02    21    14    20     3
 1.48993953390624649102E-02    21    14    20     7
 3.16482720622082713824E-02    21    14    20    15
-6.01283278845388471923E-02    21    14    21     2
 2.02696980997097951638E-02    21    14    21     6
 4.44339623206843475911E-02    21    14    21    14
-4.57396186880764353544E-03    21    15    11     2
-4.82107885736873559464E-04    21    15    11     6
-4.57396186880765567850E-03    21    15    12     3
-4.82107885736868463714E-04    21    15    12     7
-4.57396186880765567850E-03    21    15    13     4
-4.82107885736869710546E-04    21    15    13     8
-2.84066961471451636181E-03    21    15    14    11
-2.84066961471449901458E-03    21    15    15    12
-2.84066961471449814722E-03    21    15    16    13
-7.89110518167847330151E-03    21    15    20     2
 2.68515138032368637713E-03    21    15    20     6
 6.39284512923811443219E-03    21    15    20    14
-7.89110518167844728066E-03    21    15    21     3
 2.68515138032368811186E-03    21    15    21     7
 6.39284512923815433083E-03    21    15    21    15
-7.69908601211551774091E-02    21    16     2     1
 6.11445994564694620538E-03    21    16     5     2
 1.34258327689115424669E-02    21    16     6     1
-2.04388325577931802279E-02    21    16     6     5
-1.49055454884248622660E-02    21    16     9     2
-1.23293069738023659473E-03    21    16     9     6
-2.83140932494803133912E-02    21    16    10     2
-2.03187259918559447527E-03    21    16    10     6
-3.88612884429950788956E-02    21    16    12     4
-3.22074664618247907821E-03    21    16    12     8
-2.97133647053797293747E-02    21    16    13     3
-2.25653087470872653827E-03    21    16    13     7
 2.15223699303296357732E-02    21    16    14     1
-2.14614702425347005088E-02    21    16    14     5
-9.19107156713697831529E-03    21    16    14     9
-1.73984785285714142755E-02    21    16    14    10
-1.82825732664430098962E-02    21    16    15    13
-2.39639124958719515468E-02    21    16    16    12
 1.81279874578646020555E-02    21    16    17     2
-6.25086868473598376156E-03    21    16    17     6
-5.47405007241681604291E-02    21    16    17    14
-7.20025857298976258714E-03    21    16    18     2
 2.45332671801388882762E-03    21    16    18     6
 5.90622925174902075468E-03    21    16    18    14
-4.67621643324838826006E-02    21    16    19     2
 1.56920692689128671304E-02    21    16    19     6
 3.29443254291768711228E-02    21    16    19    14
-6.01283278845390276035E-02    21    16    21     4
 2.02696980997099027166E-02    21    16    21     8
 4.44339623206847361692E-02    21    16    21    16
-2.87015753664956636826E-02    21    17     4     2
 5.35762477797502734839E-03    21    17     6     4
 5.35762477797505857341E-03    21    17     8     2
-3.73363553832663057352E-03    21    17     8     6
-1.46891610962056242545E-02    21    17    12     1
-3.42748554281824355933E-03    21    17    12     5
-9.60261865499997639695E-03    21    17    12     9
-1.77184200404399867790E-03    21    17    12    10
-8.45649347191175689009E-03    21    17    13    11
 1.29737797940052777129E-02    21    17    14     4
-5.43090260439217046434E-03    21    17    14     8
 1.29737797940054251644E-02    21    17    16     2
-5.43090260439217913796E-03    21    17    16     6
-2.05355478339725137926E-02    21    17    16    14
-5.94225794519247316888E-03    21    17    17    12
-3.12001531082637360848E-03    21    17    18    12
-1.86340710371815741070E-03    21    17    19    12
-3.14723468786226199742E-03    21    17    20    13
-3.50646883095537403863E-02    21    17    21     1
 1.16148063153579499118E-02    21    17    21     5
-3.57378559159432767495E-03    21    17    21     9
-6.59422565045569581549E-04    21    17    21    10
 2.31975128556764914611E-02    21    17    21    17
 3.88652884821781216540E-02    21    18     4     2
-7.05084516277758224095E-03    21    18     6     4
-7.05084516277761953751E-03    21    18     8     2
 4.84779193429081545208E-03    21    18     8     6
 2.65615350122972958269E-02    21    18    12     1
 3.12541764918873761492E-03    21    18    12     5
 2.08400271938919447179E-02    21    18    12     9
-1.37046675739649608666E-03    21    18    12    10
 1.00954720850898859580E-02    21    18    13    11
-1.01033320640884632935E-02    21    18    14     4
 5.15232151056395186461E-03    21    18    14     8
-1.01033320640886489089E-02    21    18    16     2
 5.15232151056396660976E-03    21    18    16     6
 2.18214611734602881299E-02    21    18    16    14
 1.26517475718923039923E-02    21    18    17    12
 1.25617976043680013715E-02    21    18    18    12
 2.75645531857493649927E-03    21    18    19    12
 4.65556441040273702447E-03    21    18    20    13
 5.17720092042613239114E-02    21    18    21     1
-1.51114114335235954351E-02    21    18    21     5
 1.27349882137316391950E-02    21    18    21     9
-1.79356632788448076138E-03    21    18    21    10
-2.20754385182279043442E-02    21    18    21    17
 4.98821914966879886855E-02    21    18    21    18
 2.32120189905612554770E-02    21    19     4     2
-4.21106746429913622598E-03    21    19     6     4
-4.21106746429915877739E-03    21    19     8     2
 2.89530948657817964811E-03    21    19     8     6
 1.58636891478786332121E-02    21    19    12     1
 1.86663361214137960703E-03    21    19    12     5
 1.03323473396644462813E-02    21    19    12     9
 1.06396128993304570076E-02    21    19    12    10
 6.02944938554214517751E-03    21    19    13    11
-6.03414370247394495766E-03    21    19    14     4
 3.07718762472403975158E-03    21    19    14     8
-6.03414370247405511261E-03    21    19    16     2
 3.07718762472404799152E-03    21    19    16     6
 1.30327135328590706931E-02    21    19    16    14
 7.55616686177988227530E-03    21    19    17    12
 2.75645531857495471387E-03    21    19    18    12
 9.59277107542007637098E-03    21    19    19    12
 2.78050295588576313818E-03    21    19    20    13
 3.09204667650900821840E-02    21    19    21     1
-9.02518372737622261159E-03    21    19    21     5
 5.92637081066897837556E-03    21    19    21     9
 8.03102931405221681649E-03    21    19    21    10
-1.31843997078534679729E-02    21    19    21    17
 1.21427502999575248621E-02    21    19    21    18
 3.68030214727738946845E-02    21    19    21    19
 3.92043537864842916996E-02    21    20     3     2
-7.11235755736147699096E-03    21    20     6     3
-7.11235755736152382850E-03    21    20     7     2
 4.89008463586607707713E-03    21    20     7     6
 2.01868022929551811651E-02    21    20    12    11
 2.67932609380140997202E-02    21    20    13     1
 3.15268415685385477304E-03    21    20    13     5
-7.62971100514772855583E-03    21    20    13     9
 8.94764362788166150997E-03    21    20    13    10
-1.01914747099970011412E-02    21    20    14     3
 5.19727096363860937428E-03    21    20    14     7
-1.01914747099971971650E-02    21    20    15     2
 5.19727096363863019096E-03    21    20    15     6
 2.20118341428152536343E-02    21    20    15    14
 1.27621228915669460147E-02    21    20    17    13
-4.73576840029616471378E-03    21    20    18    13
 2.64158557042059195102E-03    21    20    19    13
 1.26426777054494156316E-02    21    20    20    12
 1.26426777054493913455E-02    21    20    21    11
 5.02384849091184054748E-02    21    20    21    20
 9.90011273687666948362E-01    21    21     1     1
 9.82975232117200836690E-01    21    21     2     2
 9.04566524544231365113E-01    21    21     3     3
 9.82975232117199393400E-01    21    21     4     4
-1.08501868821554159350E-01    21    21     5     1
 3.94730713157451951201E-01    21    21     5     5
-1.27405402898552178037E-01    21    21     6     2
 3.31437092214980522087E-01    21    21     6     6
-1.13180687783829225790E-01    21    21     7     3
 3.21656922943248602120E-01    21    21     7     7
-1.27405402898551983748E-01    21    21     8     4
 3.31437092214980633109E-01    21    21     8     8
 3.04246042601734982547E-02    21    21     9     1
 3.57997363783049303218E-03    21    21     9     5
 6.19358095124954988187E-01    21    21     9     9
 5.61384281948149044261E-03    21    21    10     1
 6.60564361948867023212E-04    21    21    10     5
-4.84577306214984716848E-03    21    21    10     9
 6.44725967623977602727E-01    21    21    10    10
 6.25253000601381891954E-01    21    21    11    11
 6.65626605187292330612E-01    21    21    12    12
 6.25253000601381669910E-01    21    21    13    13
-2.23675589895413778896E-01    21    21    14     2
 1.26078268516743002836E-01    21    21    14     6
 7.56001570334105865712E-01    21    21    14    14
-2.03292640475421476642E-01    21    21    15     3
 1.15683726589465851742E-01    21    21    15     7
 7.11977902048479771580E-01    21    21    15    15
-2.23675589895414111963E-01    21    21    16     4
 1.26078268516743058347E-01    21    21    16     8
 7.56001570334106531845E-01    21    21    16    16
-1.80302916160828913261E-01    21    21    17     1
 1.35485073551452617213E-01    21    21    17     5
 1.44917984934309473227E-02    21    21    17     9
 2.67397656903080099475E-03    21    21    17    10
 7.72102694102072772964E-01    21    21    17    17
 5.17720092042615112615E-02    21    21    18     1
-1.51114114335238313575E-02    21    21    18     5
 1.25739840858618445729E-01    21    21    18     9
-5.26263556849243391289E-02    21    21    18    10
-2.20754385182282061861E-02    21    21    18    17
 9.47089210173954754168E-01    21    21    18    18
 3.09204667650903874954E-02    21    21    19     1
-9.02518372737659210769E-03    21    21    19     5
 4.43607467193547905238E-02    21    21    19     9
 1.35147758657977651309E-01    21    21    19    10
-1.31843997078542503332E-02    21    21    19    17
-2.42855005999152891161E-02    21    21    19    18
 9.73247550221781887458E-01    21    21    19    19
 1.36035334877481650651E-01    21    21    20    11
 9.46376623349092449544E-01    21    21    20    20
 1.61320690288380308441E-01    21    21    21    12
 1.04685359316732951029E+00    21    21    21    21
 6.13368233871343718211E-02    22     1     3     2
-1.33498337743215116091E-02    22     1     6     3
-1.33498337743215792633E-02    22     1     7     2
 3.76893941959548402221E-03    22     1     7     6
 1.54177259344001858776E-02    22     1    12    11
 3.65172027199771112582E-02    22     1    13     1
-2.28232218866966131421E-03    22     1    13     5
-1.15512603755276999085E-02    22     1    13     9
 1.35465892775438277035E-02    22     1    13    10
-2.31054046532890404453E-02    22     1    14     3
 7.40131568732338169375E-03    22     1    14     7
-2.31054046532893214705E-02    22     1    15     2
 7.40131568732341552086E-03    22     1    15     6
 2.96007422753181946573E-02    22     1    15    14
 1.04725196123876193588E-02    22     1    17    13
-1.57877517213799480056E-02    22     1    18    13
 8.80632108909131655627E-03    22     1    19    13
 1.56557751853775156681E-02    22     1    20    12
 1.56557751853774879125E-02    22     1    21    11
 5.22236742437073644951E-02    22     1    21    20
 8.66644609010670113891E-02    22     1    22     1
 1.27318919544735009719E-01    22     2     3     1
-2.08707489694250521162E-02    22     2     5     3
-2.65734651368721604137E-02    22     2     7     1
 1.36993483641919440441E-02    22     2     7     5
-4.47140998219853133544E-02    22     2     9     3
 2.97208031723773411989E-03    22     2     9     7
-1.39328131542086662911E-03    22     2    10     3
-1.14262970246892811912E-03    22     2    10     7
 4.16713505689176866298E-02    22     2    11     4
-3.18309043980758484688E-03    22     2    11     8
 5.51581044149765803430E-02    22     2    13     2
-6.50900210788635420756E-03    22     2    13     6
 1.28578323127650148705E-02    22     2    14    13
-4.34616614803042533577E-02    22     2    15     1
 2.32504893078253720151E-02    22     2    15     5
-1.60699633576894540532E-02    22     2    15     9
-3.52749174460661443428E-03    22     2    15    10
 1.39637981362868250634E-02    22     2    16    11
-3.56160475732740927635E-02    22     2    17     3
 1.25951881001882901728E-02    22     2    17     7
 7.14911709246654064609E-02    22     2    17    15
-8.16272407571587560460E-02    22     2    18     3
 2.17945306062096132160E-02    22     2    18     7
 4.40973515343685840140E-02    22     2    18    15
-2.71689179965824492702E-02    22     2    19     3
 8.15104971853928238212E-03    22     2    19     7
 1.71454753282160518579E-02    22     2    19    15
 8.20201529292292758067E-02    22     2    20     4
-2.19127044379834948207E-02    22     2    20     8
-4.43461175211822197784E-02    22     2    20    16
 1.19078620429707002226E-01    22     2    22     2
 1.27318919544734870941E-01    22     3     2     1
-2.08707489694251700774E-02    22     3     5     2
-2.65734651368720320441E-02    22     3     6     1
 1.36993483641918607774E-02    22     3     6     5
 8.44084359410704997140E-03    22     3     9     2
 6.58671879243085344434E-04    22     3     9     6
 4.39322673570824787093E-02    22     3    10     2
-3.11528737110565185492E-03    22     3    10     6
 4.16713505689176103020E-02    22     3    12     4
-3.18309043980759135209E-03    22     3    12     8
 5.51581044149764554430E-02    22     3    13     3
-6.50900210788640451454E-03    22     3    13     7
-4.34616614803037051851E-02    22     3    14     1
 2.32504893078252852789E-02    22     3    14     5
 6.02231955044370097230E-03    22     3    14     9
 1.53107343899010258509E-02    22     3    14    10
 1.28578323127647858870E-02    22     3    15    13
 1.39637981362867383273E-02    22     3    16    12
-3.56160475732741899080E-02    22     3    17     2
 1.25951881001882676214E-02    22     3    17     6
 7.14911709246646570604E-02    22     3    17    14
-1.97697666625152139452E-02    22     3    18     2
 4.51538222219466205132E-03    22     3    18     6
 8.58022545443969629486E-03    22     3    18    14
 8.37276111258519056824E-02    22     3    19     2
-2.28265744089337675737E-02    22     3    19     6
-4.65287380844042891548E-02    22     3    19    14
 8.20201529292291092732E-02    22     3    21     4
-2.19127044379834462484E-02    22     3    21     8
-4.43461175211821365116E-02    22     3    21    16
 1.19078620429706613648E-01    22     3    22     3
 6.74337692302941736633E-03    22     4    11     2
-1.66295583403939617288E-03    22     4    11     6
 6.74337692302942083578E-03    22     4    12     3
-1.66295583403940159389E-03    22     4    12     7
 6.74337692302942083578E-03    22     4    13     4
-1.66295583403940029285E-03    22     4    13     8
-5.52982911760937730951E-04    22     4    14    11
-5.52982911760962776021E-04    22     4    15    12
-5.52982911760960716037E-04    22     4    16    13
 1.85292337502387799431E-02    22     4    20     2
-4.17727263142875747393E-03    22     4    20     6
-7.89110518167837095282E-03    22     4    20    14
 1.85292337502387452486E-02    22     4    21     3
-4.17727263142876788227E-03    22     4    21     7
-7.89110518167844381121E-03    22     4    21    15
 1.85292337502387452486E-02    22     4    22     4
-1.89439621069169700229E-02    22     5     3     2
 1.79333296136495261817E-03    22     5     6     3
 1.79333296136498145795E-03    22     5     7     2
-6.42084588950059178408E-03    22     5     7     6
-1.09121123685385658375E-02    22     5    12    11
-1.49937875839249584731E-02    22     5    13     1
-6.85715431073754665831E-03    22     5    13     5
 8.17556699037983412859E-03    22     5    13     9
-9.58778908354935947844E-03    22     5    13    10
 1.90403836426078997522E-03    22     5    14     3
-3.24793734512310956417E-03    22     5    14     7
 1.90403836426089752808E-03    22     5    15     2
-3.24793734512311910514E-03    22     5    15     6
-1.48261481302109816849E-02    22     5    15    14
-1.08217180575247290397E-02    22     5    17    13
 1.39917221753589593979E-03    22     5    18    13
-7.80450568517037182072E-04    22     5    19    13
-1.38747594147328604311E-03    22     5    20    12
-1.38747594147327650213E-03    22     5    21    11
-1.52432451472641512791E-02    22     5    21    20
-2.09987058961607665764E-02    22     5    22     1
 9.48261141095744532203E-03    22     5    22     5
-3.87966812822652176718E-02    22     6     3     1
 1.84219094200817139727E-03    22     6     5     3
 6.28084644690106701920E-03    22     6     7     1
-1.28532837352318771856E-02    22     6     7     5
 1.77970952578251212506E-02    22     6     9     3
 1.65035569726231933115E-03    22     6     9     7
 5.23433475356058024695E-04    22     6    10     3
 5.27566390557457343385E-05    22     6    10     7
-1.65964323345352583738E-02    22     6    11     4
-1.53760505743217820197E-03    22     6    11     8
-2.20256336804480236380E-02    22     6    13     2
-2.03276892543008402825E-03    22     6    13     6
-1.38229327191335005925E-02    22     6    14    13
 7.48859397997557463267E-03    22     6    15     1
-1.06243877458521568391E-02    22     6    15     5
 1.16598955000543590133E-02    22     6    15     9
 6.06827986403029890489E-04    22     6    15    10
-1.07849841520203677120E-02    22     6    16    11
 5.12689307930083541798E-03    22     6    17     3
-1.49876227641552030138E-03    22     6    17     7
-2.67415901487057065811E-02    22     6    17    15
 2.17945306062095160715E-02    22     6    18     3
-7.68463455592941456496E-03    22     6    18     7
-1.48163939838306096125E-02    22     6    18    15
 8.15104971853924768765E-03    22     6    19     3
-2.93420802294590016973E-03    22     6    19     7
-5.72139137287326019626E-03    22     6    19    15
-2.19127044379834046151E-02    22     6    20     4
 7.72719227716705051034E-03    22     6    20     8
 1.48993953390624961353E-02    22     6    20    16
-3.02672497008409854824E-02    22     6    22     2
 1.05696068239370111197E-02    22     6    22     6
-3.87966812822653217552E-02    22     7     2     1
 1.84219094200824013569E-03    22     7     5     2
 6.28084644690105227405E-03    22     7     6     1
-1.28532837352318962676E-02    22     7     6     5
-3.32889344005656440811E-03    22     7     9     2
-3.12858854682218450165E-04    22     7     9     6
-1.74908276157525778560E-02    22     7    10     2
-1.62128853924822747753E-03    22     7    10     6
-1.65964323345352895989E-02    22     7    12     4
-1.53760505743217191360E-03    22     7    12     8
-2.20256336804480930269E-02    22     7    13     3
-2.03276892543005974212E-03    22     7    13     7
 7.48859397997544539577E-03    22     7    14     1
-1.06243877458521377571E-02    22     7    14     5
-2.44153034401631881950E-03    22     7    14     9
-1.14175449574993904955E-02    22     7    14    10
-1.38229327191334364078E-02    22     7    15    13
-1.07849841520203642425E-02    22     7    16    12
 5.12689307930088919441E-03    22     7    17     2
-1.49876227641552767396E-03    22     7    17     6
-2.67415901487055296393E-02    22     7    17    14
 4.51538222219468720481E-03    22     7    18     2
-1.54088503935702748719E-03    22     7    18     6
-2.91638861245839889347E-03    22     7    18    14
-2.28265744089338577794E-02    22     7    19     2
 8.08015211958228694866E-03    22     7    19     6
 1.56126399877407687211E-02    22     7    19    14
-2.19127044379834531873E-02    22     7    21     4
 7.72719227716706438813E-03    22     7    21     8
 1.48993953390625377686E-02    22     7    21    16
-3.02672497008409958907E-02    22     7    22     3
 1.05696068239370440794E-02    22     7    22     7
-2.71460067295639564250E-03    22     8    11     2
-2.47581933998949172641E-04    22     8    11     6
-2.71460067295640171403E-03    22     8    12     3
-2.47581933998946191085E-04    22     8    12     7
-2.71460067295640128035E-03    22     8    13     4
-2.47581933998947275287E-04    22     8    13     8
-1.51897428355655538142E-03    22     8    14    11
-1.51897428355654453939E-03    22     8    15    12
-1.51897428355654562360E-03    22     8    16    13
-4.17727263142877568852E-03    22     8    20     2
 1.42120727338498529201E-03    22     8    20     6
 2.68515138032367510143E-03    22     8    20    14
-4.17727263142876614754E-03    22     8    21     3
 1.42120727338498767725E-03    22     8    21     7
 2.68515138032369201498E-03    22     8    21    15
-4.17727263142876528018E-03    22     8    22     4
 1.42120727338498746041E-03    22     8    22     8
-6.42315549743200254335E-03    22     9     3     2
 2.22189543493273716779E-03    22     9     6     3
 2.22189543493273976987E-03    22     9     7     2
 1.27891860732066357624E-03    22     9     7     6
 1.00637422216632738554E-05    22     9    12    11
-2.95929871633148584495E-03    22     9    13     1
 3.22149630178010558737E-03    22     9    13     5
-1.71715605873870146708E-03    22     9    13     9
 8.84237941782408980380E-06    22     9    13    10
 3.79973898154665774146E-03    22     9    14     3
-1.54298603994475831865E-04    22     9    14     7
 3.79973898154668072655E-03    22     9    15     2
-1.54298603994480493934E-04    22     9    15     6
-2.94599895116336401961E-04    22     9    15    14
 1.59779063157820051984E-03    22     9    17    13
 6.61579456142170289207E-03    22     9    18    13
 8.91741754817915784764E-04    22     9    19    13
-1.67244818668888721273E-03    22     9    20    12
-1.67244818668888439381E-03    22     9    21    11
-3.51846953939723107105E-03    22     9    21    20
-1.17296115079799281172E-02    22     9    22     1
 1.03952398252056088350E-03    22     9    22     5
 6.51188015433294773576E-03    22     9    22     9
 7.53267146274792884914E-03    22    10     3     2
-2.60569876326662312402E-03    22    10     6     3
-2.60569876326662746083E-03    22    10     7     2
-1.49983504219901829513E-03    22    10     7     6
-1.18021218499102495582E-05    22    10    12    11
 3.47047880113894677973E-03    22    10    13     1
-3.77796758454144098946E-03    22    10    13     5
 8.84237941783698503339E-06    22    10    13     9
-1.71998589179809852241E-03    22    10    13    10
-4.45609411194087742802E-03    22    10    14     3
 1.80951666438051685581E-04    22    10    14     7
-4.45609411194090258151E-03    22    10    15     2
 1.80951666438056103705E-04    22    10    15     6
 3.45488167577159908505E-04    22    10    15    14
-1.87378803124839008951E-03    22    10    17    13
-3.81036386143241822405E-03    22    10    18    13
 6.03249594821345189871E-03    22    10    19    13
 1.96134170094941625781E-03    22    10    20    12
 1.96134170094941885990E-03    22    10    21    11
 4.12623905844434080842E-03    22    10    21    20
 1.37557482316293354374E-02    22    10    22     1
-1.21908813216577410071E-03    22    10    22     5
-1.46947537979625112402E-03    22    10    22     9
 6.98215741944383135043E-03    22    10    22    10
 8.57312950050424446569E-03    22    11     4     2
-2.96561360033604495476E-03    22    11     6     4
-2.96561360033604929157E-03    22    11     8     2
-1.70700130886574470354E-03    22    11     8     6
 3.94984227548735022939E-03    22    11    12     1
-4.29980326517058041719E-03    22    11    12     5
-1.52528084514103469649E-05    22    11    12     9
-2.81439549615038759868E-06    22    11    12    10
-1.72304840931468265276E-03    22    11    13    11
-5.07159672063636681599E-03    22    11    14     4
 2.05945802545269980284E-04    22    11    14     8
-5.07159672063639110212E-03    22    11    16     2
 2.05945802545275563926E-04    22    11    16     6
 3.93209078104464894270E-04    22    11    16    14
-2.13260694135290491263E-03    22    11    17    12
 2.21294803578866257007E-03    22    11    18    12
 1.32166758148228062272E-03    22    11    19    12
 7.49110347097136849981E-03    22    11    20    13
 1.56557751853774913819E-02    22    11    21     1
-1.38747594147326978008E-03    22    11    21     5
 2.53479583186842294742E-03    22    11    21     9
 4.67711765711074510705E-04    22    11    21    10
-3.14723468786226416583E-03    22    11    21    17
 4.65556441040272141196E-03    22    11    21    18
 2.78050295588575750033E-03    22    11    21    19
 7.49110347097136416300E-03    22    11    22    11
 8.57312950050423926152E-03    22    12     4     3
-2.96561360033605189365E-03    22    12     7     4
-2.96561360033605145997E-03    22    12     8     3
-1.70700130886574123409E-03    22    12     8     7
 3.94984227548735543356E-03    22    12    11     1
-4.29980326517057694774E-03    22    12    11     5
 5.18906622974051707445E-06    22    12    11     9
 1.46165173460384931745E-05    22    12    11    10
-1.72304840931466812445E-03    22    12    13    12
-5.07159672063639630629E-03    22    12    15     4
 2.05945802545282855185E-04    22    12    15     8
-5.07159672063639196948E-03    22    12    16     3
 2.05945802545282665450E-04    22    12    16     7
 3.93209078104478772057E-04    22    12    16    15
-2.13260694135290231055E-03    22    12    17    11
 3.81236830276659009894E-05    22    12    18    11
-2.57730300698899182296E-03    22    12    19    11
 1.56557751853775087292E-02    22    12    20     1
-1.38747594147326717799E-03    22    12    20     5
-8.62347645179540396761E-04    22    12    20     9
-2.42905346666049933371E-03    22    12    20    10
-3.14723468786232748323E-03    22    12    20    17
 8.02039898934296137650E-05    22    12    20    18
-5.42208852630637026804E-03    22    12    20    19
 7.49110347097136676509E-03    22    12    21    13
 7.49110347097136676509E-03    22    12    22    12
 1.45301514403210652038E-01    22    13     1     1
 1.41090832693810869225E-01    22    13     2     2
 1.41090832693810591669E-01    22    13     3     3
 1.23944573692802123555E-01    22    13     4     4
-2.87920402475684636401E-02    22    13     5     1
 9.61828211298697451082E-03    22    13     5     5
-3.16966704470756158174E-02    22    13     6     2
 6.39437227691824761067E-03    22    13     6     6
-3.16966704470756990841E-02    22    13     7     3
 6.39437227691834995935E-03    22    13     7     7
-2.57654432464036083072E-02    22    13     8     4
 9.80837489464986105048E-03    22    13     8     8
-2.95929871633153658561E-03    22    13     9     1
 3.22149630178013637871E-03    22    13     9     5
 4.75520443027833625282E-02    22    13     9     9
 3.47047880113892639672E-03    22    13    10     1
-3.77796758454150994472E-03    22    13    10     5
-1.76847588357724156240E-05    22    13    10     9
 4.75577039689021111024E-02    22    13    10    10
 4.75638290039352498728E-02    22    13    11    11
 4.75638290039353262006E-02    22    13    12    12
 4.41177321853061105150E-02    22    13    13    13
-6.15889217137268185631E-02    22    13    14     2
 1.84285706275113363162E-02    22    13    14     6
 7.77385938796904124581E-02    22    13    14    14
-6.15889217137271585689E-02    22    13    15     3
 1.84285706275114750941E-02    22    13    15     7
 7.77385938796913839033E-02    22    13    15    15
-5.14457282724539166630E-02    22    13    16     4
 1.80166790224209789895E-02    22    13    16     8
 7.69521757234809117287E-02    22    13    16    16
-4.77129663594587360986E-02    22    13    17     1
 2.21709490849748870611E-02    22    13    17     5
 1.59779063157845400631E-03    22    13    17     9
-1.87378803124828839134E-03    22    13    17    10
 8.70573084033029742645E-02    22    13    17    17
-1.57877517213799202500E-02    22    13    18     1
 1.39917221753588206200E-03    22    13    18     5
 3.69723708120414523703E-02    22    13    18     9
-1.10430056716204275102E-02    22    13    18    10
 3.17376554482518957040E-03    22    13    18    17
 1.35876314212501236867E-01    22    13    18    18
 8.80632108909139114938E-03    22    13    19     1
-7.80450568516991211900E-04    22    13    19     5
 1.68802498848495442785E-02    22    13    19     9
 3.81389680384582041572E-02    22    13    19    10
-1.77030896751340766603E-03    22    13    19    17
 5.32770771715383902045E-03    22    13    19    18
 1.42455929004683845562E-01    22    13    19    19
 3.85787166625281424670E-02    22    13    20    11
 1.36035334877481817184E-01    22    13    20    20
 3.85787166625280938947E-02    22    13    21    12
 1.36035334877481789428E-01    22    13    21    21
 5.35609236044707337498E-02    22    13    22    13
-7.69908601211547333198E-02    22    14     3     1
 6.11445994564677186567E-03    22    14     5     3
 1.34258327689114990988E-02    22    14     7     1
-2.04388325577931594113E-02    22    14     7     5
 3.19734967833838479301E-02    22    14     9     3
 2.37611863683830385960E-03    22    14     9     7
 1.24846557449972907390E-03    22    14    10     3
-5.18130054441738593994E-05    22    14    10     7
-2.97133647053796148829E-02    22    14    11     4
-2.25653087470874908968E-03    22    14    11     8
-3.88612884429948637899E-02    22    14    13     2
-3.22074664618251333900E-03    22    14    13     6
-2.39639124958719619551E-02    22    14    14    13
 2.15223699303298682262E-02    22    14    15     1
-2.14614702425345929560E-02    22    14    15     5
 1.96630601765092546951E-02    22    14    15     9
 7.39537799144152833801E-04    22    14    15    10
-1.82825732664429647933E-02    22    14    16    11
 1.81279874578645326666E-02    22    14    17     3
-6.25086868473592564832E-03    22    14    17     7
-5.47405007241688820740E-02    22    14    17    15
 4.40973515343681121692E-02    22    14    18     3
-1.48163939838305332847E-02    22    14    18     7
-3.14837373580833454478E-02    22    14    18    15
 1.71454753282159789995E-02    22    14    19     3
-5.72139137287328621712E-03    22    14    19     7
-1.13572181419990571316E-02    22    14    19    15
-4.43461175211819075281E-02    22    14    20     4
 1.48993953390624631755E-02    22    14    20     8
 3.16482720622082505657E-02    22    14    20    16
-6.01283278845388471923E-02    22    14    22     2
 2.02696980997097916943E-02    22    14    22     6
 4.44339623206843475911E-02    22    14    22    14
-7.69908601211552190424E-02    22    15     2     1
 6.11445994564694967482E-03    22    15     5     2
 1.34258327689115494058E-02    22    15     6     1
-2.04388325577931871668E-02    22    15     6     5
-6.28476431243682985561E-03    22    15     9     2
-3.24277170008526068306E-04    22    15     9     6
-3.13745900432960342363E-02    22    15    10     2
-2.35445719453019741002E-03    22    15    10     6
-2.97133647053797501913E-02    22    15    12     4
-2.25653087470874562023E-03    22    15    12     8
-3.88612884429950788956E-02    22    15    13     3
-3.22074664618246606779E-03    22    15    13     7
 2.15223699303296531204E-02    22    15    14     1
-2.14614702425347143866E-02    22    15    14     5
-3.83711544679107710923E-03    22    15    14     9
-1.92992071523519735654E-02    22    15    14    10
-2.39639124958719793024E-02    22    15    15    13
-1.82825732664430133656E-02    22    15    16    12
 1.81279874578645673611E-02    22    15    17     2
-6.25086868473596814905E-03    22    15    17     6
-5.47405007241682783903E-02    22    15    17    14
 8.58022545443981425606E-03    22    15    18     2
-2.91638861245841624070E-03    22    15    18     6
-6.87806244493253341604E-03    22    15    18    14
-4.65287380844046777328E-02    22    15    19     2
 1.56126399877408172934E-02    22    15    19     6
 3.27552191102631409803E-02    22    15    19    14
-4.43461175211821712061E-02    22    15    21     4
 1.48993953390625412381E-02    22    15    21     8
 3.16482720622084726103E-02    22    15    21    16
-6.01283278845390969924E-02    22    15    22     3
 2.02696980997099270028E-02    22    15    22     7
 4.44339623206848263748E-02    22    15    22    15
-4.57396186880764006599E-03    22    16    11     2
-4.82107885736873396833E-04    22    16    11     6
-4.57396186880765134170E-03    22    16    12     3
-4.82107885736868734764E-04    22    16    12     7
-4.57396186880765220906E-03    22    16    13     4
-4.82107885736870469488E-04    22    16    13     8
-2.84066961471451419341E-03    22    16    14    11
-2.84066961471449814722E-03    22    16    15    12
-2.84066961471449814722E-03    22    16    16    13
-7.89110518167846636262E-03    22    16    20     2
 2.68515138032368420873E-03    22    16    20     6
 6.39284512923811009538E-03    22    16    20    14
-7.89110518167842993342E-03    22    16    21     3
 2.68515138032368377505E-03    22    16    21     7
 6.39284512923813785096E-03    22    16    21    15
-7.89110518167844034176E-03    22    16    22     4
 2.68515138032368637713E-03    22    16    22     8
 6.39284512923814825930E-03    22    16    22    16
-2.87015753664956671520E-02    22    17     3     2
 5.35762477797502648103E-03    22    17     6     3
 5.35762477797506464494E-03    22    17     7     2
-3.73363553832663013984E-03    22    17     7     6
-8.45649347191176035954E-03    22    17    12    11
-1.46891610962056242545E-02    22    17    13     1
-3.42748554281824355933E-03    22    17    13     5
 6.33576951449444335240E-03    22    17    13     9
-7.43019069606234636161E-03    22    17    13    10
 1.29737797940052759782E-02    22    17    14     3
-5.43090260439216786226E-03    22    17    14     7
 1.29737797940054390422E-02    22    17    15     2
-5.43090260439218347477E-03    22    17    15     6
-2.05355478339725276704E-02    22    17    15    14
-5.94225794519247316888E-03    22    17    17    13
 3.17376554482544240635E-03    22    17    18    13
-1.77030896751303882045E-03    22    17    19    13
-3.14723468786225982902E-03    22    17    20    12
-3.14723468786224898699E-03    22    17    21    11
-2.22680272155254162236E-02    22    17    21    20
-3.50646883095537403863E-02    22    17    22     1
 1.16148063153579499118E-02    22    17    22     5
 2.35796948895527656506E-03    22    17    22     9
-2.76527782747672864344E-03    22    17    22    10
 2.31975128556764914611E-02    22    17    22    17
-3.95348423600419135449E-02    22    18     3     2
 7.17231398252195923027E-03    22    18     6     3
 7.17231398252200520044E-03    22    18     7     2
-4.93130753434019124259E-03    22    18     7     6
-1.02693923812569205822E-02    22    18    12    11
-2.70191253059510749779E-02    22    18    13     1
-3.17926095226670011457E-03    22    18    13     5
 1.70703245979340507976E-02    22    18    13     9
-1.25087861482055546364E-02    22    18    13    10
 1.02773877684725518933E-02    22    18    14     3
-5.24108341050407398887E-03    22    18    14     7
 1.02773877684727496518E-02    22    18    15     2
-5.24108341050409393819E-03    22    18    15     6
-2.21973915864313552093E-02    22    18    15    14
-1.28697062434816843213E-02    22    18    17    13
 1.27221880379397196681E-02    22    18    18    13
-2.66385385857687570846E-03    22    18    19    13
-4.73576840029616297906E-03    22    18    20    12
-4.73576840029615170335E-03    22    18    21    11
-2.08620298597674454222E-02    22    18    21    20
-5.26639143175710658373E-02    22    18    22     1
 1.53717440984914750779E-02    22    18    22     5
 1.09965758744549162162E-02    22    18    22     9
-6.93004364271297256667E-03    22    18    22    10
 2.24557443397632033877E-02    22    18    22    17
 5.05887442103267817584E-02    22    18    22    18
 2.20523176556964017880E-02    22    19     3     2
-4.00067729696644558413E-03    22    19     6     3
-4.00067729696647247234E-03    22    19     7     2
 2.75065622406805683833E-03    22    19     7     6
 5.72821059611342432022E-03    22    19    12    11
 1.50711195102199366214E-02    22    19    13     1
 1.77337427556302495990E-03    22    19    13     5
-8.05972051144591560175E-04    22    19    13     9
 1.44093154952883596015E-02    22    19    13    10
-5.73267037913352279360E-03    22    19    14     3
 2.92344750425138893285E-03    22    19    14     7
-5.73267037913363294854E-03    22    19    15     2
 2.92344750425140107591E-03    22    19    15     6
 1.23815829574828971393E-02    22    19    15    14
 7.17865136863684184104E-03    22    19    17    13
-2.66385385857690042827E-03    22    19    18    13
 9.43238064184834940074E-03    22    19    19    13
 2.64158557042061276771E-03    22    19    20    12
 2.64158557042060322673E-03    22    19    21    11
 1.16367255298631573635E-02    22    19    21    20
 2.93756417933071431459E-02    22    19    22     1
-8.57427432478205693578E-03    22    19    22     5
 7.89893495840459465215E-04    22    19    22     9
 9.76944165332897969389E-03    22    19    22    10
-1.25256907025400078537E-02    22    19    22    17
-1.17348219005415747851E-02    22    19    22    18
 3.60964687591351363061E-02    22    19    22    19
 3.92043537864842916996E-02    22    20     4     2
-7.11235755736147699096E-03    22    20     6     4
-7.11235755736151602224E-03    22    20     8     2
 4.89008463586607620976E-03    22    20     8     6
 2.67932609380140997202E-02    22    20    12     1
 3.15268415685386431402E-03    22    20    12     5
 1.15637421883293383534E-02    22    20    12     9
 2.13370174005082530871E-03    22    20    12    10
 2.01868022929551776956E-02    22    20    13    11
-1.01914747099970150190E-02    22    20    14     4
 5.19727096363861371109E-03    22    20    14     8
-1.01914747099971988997E-02    22    20    16     2
 5.19727096363863105832E-03    22    20    16     6
 2.20118341428152675121E-02    22    20    16    14
 1.27621228915669408105E-02    22    20    17    12
 4.65556441040273095294E-03    22    20    18    12
 2.78050295588574926040E-03    22    20    19    12
 1.26426777054494225705E-02    22    20    20    13
 5.22236742437073436784E-02    22    20    21     1
-1.52432451472641547485E-02    22    20    21     5
 5.33266261639899537966E-03    22    20    21     9
 9.83964474337540966065E-04    22    20    21    10
-2.22680272155253398958E-02    22    20    21    17
 2.05087148556121409704E-02    22    20    21    18
 1.22486850681365628396E-02    22    20    21    19
 1.26426777054493982844E-02    22    20    22    11
 5.02384849091183985359E-02    22    20    22    20
 3.92043537864842570051E-02    22    21     4     3
-7.11235755736150387918E-03    22    21     7     4
-7.11235755736149694028E-03    22    21     8     3
 4.89008463586608054657E-03    22    21     8     7
 2.67932609380140719646E-02    22    21    11     1
 3.15268415685387645708E-03    22    21    11     5
-3.93403118318159245037E-03    22    21    11     9
-1.10813453679324477874E-02    22    21    11    10
 2.01868022929551811651E-02    22    21    13    12
-1.01914747099971399191E-02    22    21    15     4
 5.19727096363863452777E-03    22    21    15     8
-1.01914747099971260413E-02    22    21    16     3
 5.19727096363862672151E-03    22    21    16     7
 2.20118341428153195538E-02    22    21    16    15
 1.27621228915669616272E-02    22    21    17    11
 8.02039898934334491301E-05    22    21    18    11
-5.42208852630637200276E-03    22    21    19    11
 5.22236742437073853118E-02    22    21    20     1
-1.52432451472641616874E-02    22    21    20     5
-1.81419307700179163051E-03    22    21    20     9
-5.11020353278194595925E-03    22    21    20    10
-2.22680272155254301014E-02    22    21    20    17
 3.53315004155305156536E-04    22    21    20    18
-2.38854105979996525488E-02    22    21    20    19
 1.26426777054494069580E-02    22    21    21    13
 1.26426777054494069580E-02    22    21    22    12
 5.02384849091183707803E-02    22    21    22    21
 9.90011273687666948362E-01    22    22     1     1
 9.82975232117200836690E-01    22    22     2     2
 9.82975232117199171356E-01    22    22     3     3
 9.04566524544231254090E-01    22    22     4     4
-1.08501868821554159350E-01    22    22     5     1
 3.94730713157451951201E-01    22    22     5     5
-1.27405402898552178037E-01    22    22     6     2
 3.31437092214980522087E-01    22    22     6     6
-1.27405402898552122526E-01    22    22     7     3
 3.31437092214980577598E-01    22    22     7     7
-1.13180687783829128645E-01    22    22     8     4
 3.21656922943248657631E-01    22    22     8     8
-2.00740326246108304054E-02    22    22     9     1
-2.36205233719756317601E-03    22    22     9     5
 6.34187436926425873729E-01    22    22     9     9
 2.35415587796575682955E-02    22    22    10     1
 2.77006593426548349338E-03    22    22    10     5
 1.34074975431339258464E-02    22    22    10     9
 6.29896625822506939230E-01    22    22    10    10
 6.25253000601381891954E-01    22    22    11    11
 6.25253000601381669910E-01    22    22    12    12
 6.65626605187292219590E-01    22    22    13    13
-2.23675589895413778896E-01    22    22    14     2
 1.26078268516743002836E-01    22    22    14     6
 7.56001570334105865712E-01    22    22    14    14
-2.23675589895414417274E-01    22    22    15     3
 1.26078268516743030592E-01    22    22    15     7
 7.56001570334107086957E-01    22    22    15    15
-2.03292640475421143575E-01    22    22    16     4
 1.15683726589465948886E-01    22    22    16     8
 7.11977902048478994423E-01    22    22    16    16
-1.80302916160828913261E-01    22    22    17     1
 1.35485073551452617213E-01    22    22    17     5
-9.56163088461976957977E-03    22    22    17     9
 1.12132773573213172930E-02    22    22    17    10
 7.72102694102072772964E-01    22    22    17    17
-5.26639143175712670653E-02    22    22    18     1
 1.53717440984917266128E-02    22    22    18     5
 1.29216665537172065159E-01    22    22    18     9
-4.23534010552671300043E-02    22    22    18    10
 2.24557443397634913518E-02    22    22    18    17
 9.45676104746677181900E-01    22    22    18    18
 2.93756417933071847792E-02    22    22    19     1
-8.57427432478263112925E-03    22    22    19     5
 5.46337013490122008763E-02    22    22    19     9
 1.31670933979424198412E-01    22    22    19    10
-1.25256907025391855948E-02    22    22    19    17
 2.34696438010829309950E-02    22    22    19    18
 9.74660655649058682570E-01    22    22    19    19
 1.36035334877481650651E-01    22    22    20    11
 9.46376623349092449544E-01    22    22    20    20
 1.36035334877481733917E-01    22    22    21    12
 9.46376623349091894433E-01    22    22    21    21
 1.61320690288380363953E-01    22    22    22    13
 1.04685359316732928825E+00    22    22    22    22
-8.29889097224660510221E+00     1     1     0     0
-7.28300530099952769802E+00     2     2     0     0
-7.28300530099951437535E+00     3     3     0     0
-7.28300530099951437535E+00     4     4     0     0
 7.09460425260876159648E-01     5     1     0     0
-2.81744949311766790245E+00     5     5     0     0
 8.17276248065306520907E-01     6     2     0     0
-2.29528604449575057700E+00     6     6     0     0
 8.17276248065306409885E-01     7     3     0     0
-2.29528604449575146518E+00     7     7     0     0
 8.17276248065305299662E-01     8     4     0     0
-2.29528604449575190927E+00     8     8     0     0
 4.40004028336496138176E-16     9     1     0     0
-1.44611840022154479162E-16     9     5     0     0
-3.16609140091747631729E+00     9     9     0     0
 1.13949918068954788014E-15    10     1     0     0
-2.66487675865862744222E-16    10     5     0     0
 6.73721013796403998267E-16    10     9     0     0
-3.16609140091747631729E+00    10    10     0     0
-3.16609140091747720547E+00    11    11     0     0
-3.16609140091747631729E+00    12    12     0     0
-3.16609140091747631729E+00    13    13     0     0
 1.55216843523041725383E+00    14     2     0     0
-9.30102838482582794377E-01    14     6     0     0
-3.88197133127492399751E+00    14    14     0     0
 1.55216843523042657971E+00    15     3     0     0
-9.30102838482585569935E-01    15     7     0     0
-3.88197133127493110294E+00    15    15     0     0
 1.55216843523042458131E+00    16     4     0     0
-9.30102838482586014024E-01    16     8     0     0
-3.88197133127493065885E+00    16    16     0     0
 1.24600274253081555464E+00    17     1     0     0
-1.01191386907718183785E+00    17     5     0     0
-6.55557482104163803664E-16    17     9     0     0
-1.87016864186461555745E-15    17    10     0     0
-3.28404901547967975617E+00    17    17     0     0
 3.31717750634010460518E-17    18     1     0     0
-3.17485187552360148598E-17    18     5     0     0
-8.89782093794013406729E-01    18     9     0     0
 3.30783782779236479321E-01    18    10     0     0
 4.08160907370044293768E-17    18    17     0     0
-1.00523257559779422010E+00    18    18     0     0
-1.05850138296412107791E-15    19     1     0     0
 2.11362188523385492985E-15    19     5     0     0
-3.30783782779235424609E-01    19     9     0     0
-8.89782093794015738197E-01    19    10     0     0
-1.02318911613633749742E-15    19    17     0     0
 3.91002481740019331911E-16    19    18     0     0
-1.00523257559778356196E+00    19    19     0     0
-9.49278718494309892151E-01    20    11     0     0
-1.00523257559778622650E+00    20    20     0     0
-9.49278718494308559883E-01    21    12     0     0
-1.00523257559778711467E+00    21    21     0     0
-9.49278718494308670905E-01    22    13     0     0
-1.00523257559778711467E+00    22    22     0     0
-9.38489015455057540294E+01     0     0     0     0
