22 8
1 1 6 7 8 1 6 7 8 1 1 2 3 4 6 7 8 1 1 1 2 3 4
 150000
 1.02124840648578985025E+00     1     1     1     1
 1.98883606218954678280E-01     2     1     2     1
 9.88978750165915077019E-01     2     2     1     1
 1.03219894178625870573E+00     2     2     2     2
 1.98883606218954650524E-01     3     1     3     1
 5.10103444167176942048E-02     3     2     3     2
 9.88978750165914521908E-01     3     3     1     1
 9.30178252952822193222E-01     3     3     2     2
 1.03219894178625870573E+00     3     3     3     3
 1.98883606218954678280E-01     4     1     4     1
 5.10103444167177011437E-02     4     2     4     2
 5.10103444167176803270E-02     4     3     4     3
 9.88978750165914521908E-01     4     4     1     1
 9.30178252952822415267E-01     4     4     2     2
 9.30178252952822415267E-01     4     4     3     3
 1.03219894178625870573E+00     4     4     4     4
-1.14912285575957090478E-01     5     1     1     1
-1.09171952850758258169E-01     5     1     2     2
-1.09171952850758174902E-01     5     1     3     3
-1.09171952850758161024E-01     5     1     4     4
 2.36507797557685556233E-02     5     1     5     1
-2.01611924732145245120E-02     5     2     2     1
 1.18808172964605090333E-02     5     2     5     2
-2.01611924732143787953E-02     5     3     3     1
 1.18808172964605072985E-02     5     3     5     3
-2.01611924732143683869E-02     5     4     4     1
 1.18808172964604986249E-02     5     4     5     4
 3.97448136416333586141E-01     5     5     1     1
 3.94866939937668581795E-01     5     5     2     2
 3.94866939937668415261E-01     5     5     3     3
 3.94866939937668470773E-01     5     5     4     4
-8.97121073524983873859E-03     5     5     5     1
 3.16283043851248724110E-01     5     5     5     5
-3.64369031328778472667E-02     6     1     2     1
 7.65782415844341781547E-03     6     1     5     2
 8.27497403288114143083E-03     6     1     6     1
-1.29727340536544361038E-01     6     2     1     1
-1.36768029242368555076E-01     6     2     2     2
-1.18851694025020757084E-01     6     2     3     3
-1.18851694025020743206E-01     6     2     4     4
 2.41661217495468400029E-02     6     2     5     1
-1.38492739743559436366E-02     6     2     5     5
 2.97162250504067089463E-02     6     2     6     2
-8.95816760867374460575E-03     6     3     3     2
 2.86492552285029771636E-03     6     3     6     3
-8.95816760867374287103E-03     6     4     4     2
 2.86492552285029424691E-03     6     4     6     4
 3.93778048652426992948E-02     6     5     2     1
 1.36118630215499910457E-02     6     5     5     2
-2.97783431798019247380E-04     6     5     6     1
 5.87035959150089825531E-02     6     5     6     5
 3.30101755619768455485E-01     6     6     1     1
 3.37641468725153381936E-01     6     6     2     2
 3.24133003636848271434E-01     6     6     3     3
 3.24133003636848326945E-01     6     6     4     4
-6.69807856841954547822E-03     6     6     5     1
 2.80092498357290442534E-01     6     6     5     5
-6.23926779097145299546E-03     6     6     6     2
 2.81476793368151567698E-01     6     6     6     6
-3.64369031328779305334E-02     7     1     3     1
 7.65782415844339005989E-03     7     1     5     3
 8.27497403288115704334E-03     7     1     7     1
-8.95816760867377409605E-03     7     2     3     2
 2.86492552285029554796E-03     7     2     6     3
 2.86492552285029294587E-03     7     2     7     2
-1.29727340536544527572E-01     7     3     1     1
-1.18851694025020993006E-01     7     3     2     2
-1.36768029242368693854E-01     7     3     3     3
-1.18851694025020909740E-01     7     3     4     4
 2.41661217495468191863E-02     7     3     5     1
-1.38492739743559922089E-02     7     3     5     5
 2.39863740047060597371E-02     7     3     6     2
-1.07258811659002323974E-02     7     3     6     6
 2.97162250504066985379E-02     7     3     7     3
-8.95816760867376368771E-03     7     4     4     3
 2.86492552285029077747E-03     7     4     7     4
 3.93778048652426229670E-02     7     5     3     1
 1.36118630215500621694E-02     7     5     5     3
-2.97783431798045430863E-04     7     5     7     1
 5.87035959150089339809E-02     7     5     7     5
 6.75423254415256132249E-03     7     6     3     2
 2.24330668746436498115E-03     7     6     6     3
 2.24330668746434329711E-03     7     6     7     2
 1.78369887679946347026E-02     7     6     7     6
 3.30101755619768288952E-01     7     7     1     1
 3.24133003636847993878E-01     7     7     2     2
 3.37641468725153159891E-01     7     7     3     3
 3.24133003636848160411E-01     7     7     4     4
-6.69807856841954461086E-03     7     7     5     1
 2.80092498357290442534E-01     7     7     5     5
-1.07258811659000953542E-02     7     7     6     2
 2.45802815832162208087E-01     7     7     6     6
-6.23926779097146947534E-03     7     7     7     3
 2.81476793368151401165E-01     7     7     7     7
-3.64369031328777709389E-02     8     1     4     1
 7.65782415844336230432E-03     8     1     5     4
 8.27497403288110500164E-03     8     1     8     1
-8.95816760867373940158E-03     8     2     4     2
 2.86492552285028730802E-03     8     2     6     4
 2.86492552285027950176E-03     8     2     8     2
-8.95816760867373072796E-03     8     3     4     3
 2.86492552285028600698E-03     8     3     7     4
 2.86492552285028080281E-03     8     3     8     3
-1.29727340536543944705E-01     8     4     1     1
-1.18851694025020493406E-01     8     4     2     2
-1.18851694025020437895E-01     8     4     3     3
-1.36768029242368166498E-01     8     4     4     4
 2.41661217495467428584E-02     8     4     5     1
-1.38492739743559245547E-02     8     4     5     5
 2.39863740047059764704E-02     8     4     6     2
-1.07258811659001491307E-02     8     4     6     6
 2.39863740047059868787E-02     8     4     7     3
-1.07258811659001335181E-02     8     4     7     7
 2.97162250504064973100E-02     8     4     8     4
 3.93778048652426021503E-02     8     5     4     1
 1.36118630215500500263E-02     8     5     5     4
-2.97783431798016157404E-04     8     5     8     1
 5.87035959150089062253E-02     8     5     8     5
 6.75423254415255438360E-03     8     6     4     2
 2.24330668746435587385E-03     8     6     6     4
 2.24330668746434936864E-03     8     6     8     2
 1.78369887679946381720E-02     8     6     8     6
 6.75423254415255351624E-03     8     7     4     3
 2.24330668746434763391E-03     8     7     7     4
 2.24330668746436237906E-03     8     7     8     3
 1.78369887679946416414E-02     8     7     8     7
 3.30101755619767955885E-01     8     8     1     1
 3.24133003636847716322E-01     8     8     2     2
 3.24133003636847827345E-01     8     8     3     3
 3.37641468725152937846E-01     8     8     4     4
-6.69807856841953506988E-03     8     8     5     1
 2.80092498357290276001E-01     8     8     5     5
-1.07258811659000762723E-02     8     8     6     2
 2.45802815832162124821E-01     8     8     6     6
-1.07258811659001283140E-02     8     8     7     3
 2.45802815832162097065E-01     8     8     7     7
-6.23926779097137146346E-03     8     8     8     4
 2.81476793368151234631E-01     8     8     8     8
-1.45004157897131653197E-17     9     1     1     1
 5.66468694566788183269E-04     9     1     2     2
-3.45687747577315199199E-02     9     1     3     3
 3.40023060631647125462E-02     9     1     4     4
 2.95438107364419135386E-18     9     1     5     1
-5.87580696934938506801E-05     9     1     6     2
 1.22064629152150342468E-04     9     1     6     6
 3.58571355472160234121E-03     9     1     7     3
-7.44899887940610183623E-03     9     1     7     7
-3.52695548502807631683E-03     9     1     8     4
 7.32693425025393672151E-03     9     1     8     8
 3.36167755715565327868E-02     9     1     9     1
 1.37286864743659908598E-03     9     2     2     1
 3.01885729641483517571E-05     9     2     5     2
-1.82507627735062680609E-04     9     2     6     1
 4.88007800179408564659E-04     9     2     6     5
 8.78749523954696840078E-03     9     2     9     2
-8.37793641561787871819E-02     9     3     3     1
-1.84225887337515392868E-03     9     3     5     3
 1.11375352870402375555E-02     9     3     7     1
-2.97806955374979795415E-02     9     3     7     5
 6.28694048429017382507E-02     9     3     9     3
 8.24064955087422251756E-02     9     4     4     1
 1.81207030041102942937E-03     9     4     5     4
-1.09550276593051235108E-02     9     4     8     1
 2.92926877373185928777E-02     9     4     8     5
 6.11110051979660770516E-02     9     4     9     4
 5.36990021729481727590E-18     9     5     1     1
 9.37297440845207067680E-05     9     5     2     2
-5.71986138410551531869E-03     9     5     3     3
 5.62613164002102265210E-03     9     5     4     4
 4.67460467484217867583E-05     9     5     6     2
 1.50282690144281982437E-04     9     5     6     6
-2.85267937374084805738E-03     9     5     7     3
-9.17100718082291405109E-03     9     5     7     7
 2.80593332699241929107E-03     9     5     8     4
 9.02072449067863567362E-03     9     5     8     8
 1.09655944708367293627E-02     9     5     9     1
 1.28229512763382499929E-02     9     5     9     5
 1.30015668115249530631E-05     9     6     2     1
 9.02362934652195134919E-05     9     6     5     2
 3.42957979110757019592E-05     9     6     6     1
 1.92506232972380675111E-04     9     6     6     5
 6.87395137862248243113E-04     9     6     9     2
 9.80134574589676312723E-04     9     6     9     6
-7.93421135034965731292E-04     9     7     3     1
-5.50667342024471154899E-03     9     7     5     3
-2.09290244014511458287E-03     9     7     7     1
-1.17477005718216471336E-02     9     7     7     5
 6.23418876339802089520E-03     9     7     9     3
 5.24234564838380132784E-03     9     7     9     7
 7.80419568223499038849E-04     9     8     4     1
 5.41643712677948065137E-03     9     8     5     4
 2.05860664223402696146E-03     9     8     8     1
 1.15551943388492815018E-02     9     8     8     5
 6.05384232198709348882E-03     9     8     9     4
 5.10376565936773805149E-03     9     8     9     8
 6.46157590343500398689E-01     9     9     1     1
 6.06214712922027887387E-01     9     9     2     2
 6.47019202395143655515E-01     9     9     3     3
 6.45692499985270895735E-01     9     9     4     4
-3.28680954214281978443E-02     9     9     5     1
 3.72919735918879502456E-01     9     9     5     5
-4.77069645219419455340E-02     9     9     6     2
 2.99527357630690882484E-01     9     9     6     6
-4.79690623456965614668E-02     9     9     7     3
 3.14936936334320405351E-01     9     9     7     7
-4.79605405918675786747E-02     9     9     8     4
 3.14435914866702026504E-01     9     9     8     8
-1.20462068176078063858E-03     9     9     9     1
-6.40290706246499715000E-04     9     9     9     5
 6.07557685216003839912E-01     9     9     9     9
-1.97403651024191668330E-16    10     1     1     1
 3.95895319705678802591E-02    10     1     2     2
-1.93041897053407851548E-02    10     1     3     3
-2.02853422652277404215E-02    10     1     4     4
 2.67194543383684911801E-17    10     1     5     1
-9.23771440593431168400E-18    10     1     5     5
-4.10650138475613084993E-03    10     1     6     2
 8.53088896993707199168E-03    10     1     6     6
 2.00236471134625443682E-03    10     1     7     3
-4.15973341521925273762E-03    10     1     7     7
 2.10413667341005769171E-03    10     1     8     4
-4.37115555471783052977E-03    10     1     8     8
-5.98173423264719185011E-18    10     1     9     1
 3.10423411920502867127E-18    10     1     9     5
-2.80476401133482704242E-02    10     1     9     9
 3.36167755715566160535E-02    10     1    10     1
 9.59474508130516434701E-02    10     2     2     1
 2.10982793219284146466E-03    10     2     5     2
-1.27551471641612276797E-02    10     2     6     1
 3.41060337356573414769E-02    10     2     6     5
 1.01521250834657938630E-03    10     2     9     2
 1.04123066496009564381E-04    10     2     9     6
 7.97244416140629463818E-02    10     2    10     2
-4.67847862817865542406E-02    10     3     3     1
-1.02876989500549366995E-03    10     3     5     3
 6.21951734007765953682E-03    10     3     7     1
-1.66303897156283193859E-02    10     3     7     5
 3.02089925594392974539E-02    10     3     9     3
 3.09831972634637626066E-03    10     3     9     7
 2.56425320107080967347E-02    10     3    10     3
-4.91626645312651794351E-02    10     4     4     1
-1.08105803718739398173E-03    10     4     5     4
 6.53562982408363753184E-03    10     4     8     1
-1.74756440200289700493E-02    10     4     8     5
-3.12242050677859241115E-02    10     4     9     4
-3.20244279284239742600E-03    10     4     9     8
 2.74009316556438758949E-02    10     4    10     4
 1.58594373458585142272E-17    10     5     1     1
 6.55061212670312188050E-03    10     5     2     2
-3.19413372388410114061E-03    10     5     3     3
-3.35647840281890147765E-03    10     5     4     4
-5.02327357408201688512E-18    10     5     5     1
 5.27843087215257239329E-18    10     5     5     5
 3.26700156600815425426E-03    10     5     6     2
 1.05030011775669208929E-02    10     5     6     6
-1.59301751899346252968E-03    10     5     7     3
-5.12135196136934752603E-03    10     5     7     7
-1.67398404701472251592E-03    10     5     8     4
-5.38164921619736346531E-03    10     5     8     8
 4.23222190604640247913E-18    10     5     9     1
-1.49081313052616785952E-02    10     5     9     9
 1.09655944708367553836E-02    10     5    10     1
 1.28229512763379932538E-02    10     5    10     5
 9.08657353687967041071E-04    10     6     2     1
 6.30646081471243971639E-03    10     6     5     2
 2.39687488625477292115E-03    10     6     6     1
 1.34539326495734992001E-02    10     6     6     5
 1.04123066496008195576E-04    10     6     9     2
 8.00091939627209922711E-05    10     6     9     6
 7.96288901096945701819E-03    10     6    10     2
 6.57069601363782524600E-03    10     6    10     6
-4.43068989696112844334E-04    10     7     3     1
-3.07508348487198473337E-03    10     7     5     3
-1.16873641089334286830E-03    10     7     7     1
-6.56025103664578234514E-03    10     7     7     5
 3.09831972634637756170E-03    10     7     9     3
 2.38077951683533014376E-03    10     7     9     7
 2.41609538543351024323E-03    10     7    10     3
 2.30848493984366770482E-03    10     7    10     7
-4.65588363991673948126E-04    10     8     4     1
-3.23137732984044370732E-03    10     8     5     4
-1.22813847536144219591E-03    10     8     8     1
-6.89368161292763011877E-03    10     8     8     5
-3.20244279284238311453E-03    10     8     9     4
-2.46078871079805040420E-03    10     8     9     8
 2.59644182684447407880E-03    10     8    10     4
 2.44706492885973011381E-03    10     8    10     8
 1.03999334402622286010E-17    10     9     1     1
 7.65971993474785024965E-04    10     9     2     2
 2.27925109879739823393E-02    10     9     3     3
-2.35584829814487334287E-02    10     9     4     4
 4.61672408647750247820E-18    10     9     5     1
 2.94871203478850279080E-17    10     9     5     5
-4.92003686699031536270E-06    10     9     6     2
 2.89264879199215235814E-04    10     9     6     6
-1.46402212231696638757E-04    10     9     7     3
 8.60745953344017530884E-03    10     9     7     7
 1.51322249098689197910E-04    10     9     8     4
-8.89672441263931676469E-03    10     9     8     8
-2.80476401133482079742E-02    10     9     9     1
-1.49081313052614999187E-02    10     9     9     5
 2.78619598759098403756E-17    10     9     9     9
 1.20462068176078475855E-03    10     9    10     1
 6.40290706246497329755E-04    10     9    10     5
 3.58696768499287971244E-02    10     9    10     9
 6.46157590343500398689E-01    10    10     1     1
 6.59736230612934071438E-01    10    10     2     2
 6.18931741139817748198E-01    10    10     3     3
 6.20258443549691174113E-01    10    10     4     4
-3.28680954214282394776E-02    10    10     5     1
 3.72919735918879724501E-01    10    10     5     5
-4.80507471177287343034E-02    10    10     6     2
 3.19739448257118419328E-01    10    10     6     6
-4.77886492939744167430E-02    10    10     7     3
 3.04329869553488452372E-01    10    10     7     7
-4.77971710478029970792E-02    10    10     8     4
 3.04830891021106498151E-01    10    10     8     8
 1.20462068176077738597E-03    10    10     9     1
 6.40290706246498956059E-04    10    10     9     5
 5.35818331516145773818E-01    10    10     9     9
 2.80476401133482634853E-02    10    10    10     1
 1.49081313052615155312E-02    10    10    10     5
 4.93884302035089548798E-17    10    10    10     9
 6.07557685216004172979E-01    10    10    10    10
 3.42890499478027827029E-02    11     1     4     3
-3.55669855347894546538E-03    11     1     7     4
-3.55669855347892508238E-03    11     1     8     3
 7.38872281205038908269E-03    11     1     8     7
 3.36167755715564564589E-02    11     1    11     1
 8.77296902325477162554E-03    11     2    11     2
 8.31014353930455973440E-02    11     3     4     1
 1.82735161916071755031E-03    11     3     5     4
-1.10474121929161860078E-02    11     3     8     1
 2.95397150729847200734E-02    11     3     8     5
 3.52352643932760875578E-02    11     3     9     4
 4.04153506266462930752E-03    11     3     9     8
-3.12364898374932684066E-02    11     3    10     4
-3.20982261486993511110E-03    11     3    10     8
 6.19974681285799106290E-02    11     3    11     3
 8.31014353930456112218E-02    11     4     3     1
 1.82735161916073836699E-03    11     4     5     3
-1.10474121929162397843E-02    11     4     7     1
 2.95397150729847374206E-02    11     4     7     5
-3.61145542124184162902E-02    11     4     9     3
-4.13171751368359568835E-03    11     4     9     7
-3.02155775763128624234E-02    11     4    10     3
-3.09287524300579574552E-03    11     4    10     7
 6.19974681285799869568E-02    11     4    11     4
 5.67357721147592874295E-03    11     5     4     3
 2.82959596389478805836E-03    11     5     7     4
 2.82959596389479282885E-03    11     5     8     3
 9.09679690699954218713E-03    11     5     8     7
 1.09655944708368455892E-02    11     5    11     1
 1.28229512763380227441E-02    11     5    11     5
 6.85905288030323875489E-04    11     6    11     2
 9.78989759245781684255E-04    11     6    11     6
 7.87000902390165243440E-04    11     7     4     1
 5.46211432937111947272E-03    11     7     5     4
 2.07596701962840888417E-03    11     7     8     1
 1.16526401210945845799E-02    11     7     8     5
 4.04153506266464058322E-03    11     7     9     4
 2.20178131473455166583E-03    11     7     9     8
-3.20982261486995722882E-03    11     7    10     4
-2.45352774313395806741E-03    11     7    10     8
 6.14476046760851178641E-03    11     7    11     3
 5.17362806154770312611E-03    11     7    11     7
 7.87000902390203298936E-04    11     8     3     1
 5.46211432937112120745E-03    11     8     5     3
 2.07596701962840194527E-03    11     8     7     1
 1.16526401210945949882E-02    11     8     7     5
-4.13171751368363038281E-03    11     8     9     3
-2.27107840190675543124E-03    11     8     9     7
-3.09287524300584128201E-03    11     8    10     3
-2.38952761788494266043E-03    11     8    10     7
 6.14476046760853693990E-03    11     8    11     4
 5.17362806154770659556E-03    11     8    11     8
-3.31709553454685799733E-04    11     9     4     3
 2.13065653318177281267E-06    11     9     7     4
 2.13065653318154792542E-06    11     9     8     3
-1.25268188297604200982E-04    11     9     8     7
-4.01649846933407590841E-04    11     9    11     1
-2.13488501443362621796E-04    11     9    11     5
 1.88006340727329863960E-02    11     9    11     9
-2.31826155573870290594E-02    11    10     4     3
 1.48907955104587774254E-04    11    10     7     4
 1.48907955104573110419E-04    11    10     8     3
-8.75478026070911422019E-03    11    10     8     7
-2.80706235113379956592E-02    11    10    11     1
-1.49203476455200406692E-02    11    10    11     5
 2.44233207573441566708E-04    11    10    11     9
 3.58661822275027006302E-02    11    10    11    10
 6.46157590343499843577E-01    11    11     1     1
 6.06203752975454812635E-01    11    11     2     2
 6.46361331163492702778E-01    11    11     3     3
 6.46361331163492813801E-01    11    11     4     4
-3.28680954214284476445E-02    11    11     5     1
 3.72919735918879335923E-01    11    11     5     5
-4.77068941233611612529E-02    11    11     6     2
 2.99523218670456725654E-01    11    11     6     6
-4.79648366680725454780E-02    11    11     7     3
 3.14688495080628127809E-01    11    11     7     7
-4.79648366680722471056E-02    11    11     8     4
 3.14688495080627905764E-01    11    11     8     8
-4.01649846933411168708E-04    11    11     9     1
-2.13488501443361944170E-04    11    11     9     5
 5.69956417070537457725E-01    11    11     9     9
-2.80706235113381101509E-02    11    11    10     1
-1.49203476455200701595E-02    11    11    10     5
-4.88466415146854727319E-04    11    11    10     9
 5.35825320760997869662E-01    11    11    10    10
 6.07557685216002840711E-01    11    11    11    11
 3.42890499478027827029E-02    12     1     4     2
-3.55669855347891424036E-03    12     1     6     4
-3.55669855347892898551E-03    12     1     8     2
 7.38872281205038995006E-03    12     1     8     6
 3.36167755715564564589E-02    12     1    12     1
 8.31014353930456112218E-02    12     2     4     1
 1.82735161916070887669E-03    12     2     5     4
-1.10474121929161894773E-02    12     2     8     1
 2.95397150729847096651E-02    12     2     8     5
 4.42247348773155482538E-02    12     2     9     4
 4.74436728802082961082E-03    12     2     9     8
-1.61683326061482363079E-02    12     2    10     4
-2.03173470660815685268E-03    12     2    10     8
 4.44515300820703535001E-02    12     2    11     3
 4.77294989154790263303E-03    12     2    11     7
 6.19974681285798898123E-02    12     2    12     2
 8.77296902325477336027E-03    12     3    11     2
 6.85905288030325935474E-04    12     3    11     6
 8.77296902325477336027E-03    12     3    12     3
 8.31014353930456250996E-02    12     4     2     1
 1.82735161916067114646E-03    12     4     5     2
-1.10474121929161790689E-02    12     4     6     1
 2.95397150729847790540E-02    12     4     6     5
 9.43396152768554915879E-03    12     4     9     2
 7.59020394786880385658E-04    12     4     9     6
 4.61328789923850374199E-02    12     4    10     2
 5.10498334198815698071E-03    12     4    10     6
 6.19974681285799869568E-02    12     4    12     4
 5.67357721147589491584E-03    12     5     4     2
 2.82959596389480844136E-03    12     5     6     4
 2.82959596389479196149E-03    12     5     8     2
 9.09679690699954218713E-03    12     5     8     6
 1.09655944708368317114E-02    12     5    12     1
 1.28229512763380123358E-02    12     5    12     5
 7.87000902390292528775E-04    12     6     4     1
 5.46211432937114549357E-03    12     6     5     4
 2.07596701962839587374E-03    12     6     8     1
 1.16526401210946435605E-02    12     6     8     5
 4.74436728802091461227E-03    12     6     9     4
 3.20493082108626488325E-03    12     6     9     8
-2.03173470660818243985E-03    12     6    10     4
-7.72047781094944139159E-04    12     6    10     8
 4.77294989154798156294E-03    12     6    11     3
 3.21564854305616491109E-03    12     6    11     7
 6.14476046760862194135E-03    12     6    12     2
 5.17362806154774302475E-03    12     6    12     6
 6.85905288030307070356E-04    12     7    11     2
 9.78989759245778431648E-04    12     7    11     6
 6.85905288030307937718E-04    12     7    12     3
 9.78989759245775829563E-04    12     7    12     7
 7.87000902390201238952E-04    12     8     2     1
 5.46211432937111687064E-03    12     8     5     2
 2.07596701962841278730E-03    12     8     6     1
 1.16526401210946036618E-02    12     8     6     5
 7.59020394786863580525E-04    12     8     9     2
 1.02392669707663998974E-03    12     8     9     6
 5.10498334198809106121E-03    12     8    10     2
 3.13356242370501671124E-03    12     8    10     6
 6.14476046760853693990E-03    12     8    12     4
 5.17362806154771006500E-03    12     8    12     8
 2.02425887755928700373E-02    12     9     4     2
-1.30023400212725750991E-04    12     9     6     4
-1.30023400212744697424E-04    12     9     8     2
 7.64449620447345701973E-03    12     9     8     6
 2.45106979843541725184E-02    12     9    12     1
 1.30281443450373773246E-02    12     9    12     5
 3.18113073510166641245E-02    12     9    12     9
 1.13040388787238061524E-02    12    10     4     2
-7.26087748678078641470E-05    12    10     6     4
-7.26087748678189094566E-05    12    10     8     2
 4.26890469700279967524E-03    12    10     8     6
 1.36874727847985759588E-02    12    10    12     1
 7.27528735709422492289E-03    12    10    12     5
 7.26748251198196769385E-03    12    10    12     9
 2.28555089492190922906E-02    12    10    12    10
 2.00787890940188964994E-02    12    11     3     2
-1.28971272355558891224E-04    12    11     6     3
-1.28971272355590468612E-04    12    11     7     2
 7.58263820508575832335E-03    12    11     7     6
 3.16015425000233524111E-02    12    11    12    11
 6.46157590343500176644E-01    12    12     1     1
 6.46361331163492924823E-01    12    12     2     2
 6.06203752975454812635E-01    12    12     3     3
 6.46361331163492813801E-01    12    12     4     4
-3.28680954214285794834E-02    12    12     5     1
 3.72919735918879391434E-01    12    12     5     5
-4.79648366680723442501E-02    12    12     6     2
 3.14688495080628349854E-01    12    12     6     6
-4.77068941233613208475E-02    12    12     7     3
 2.99523218670456559121E-01    12    12     7     7
-4.79648366680722471056E-02    12    12     8     4
 3.14688495080627905764E-01    12    12     8     8
 2.45106979843541655795E-02    12    12     9     1
 1.30281443450374831428E-02    12    12     9     5
 5.43935070513969942674E-01    12    12     9     9
 1.36874727847985204476E-02    12    12    10     1
 7.27528735709413818672E-03    12    12    10     5
-1.45349650239638833460E-02    12    12    10     9
 5.61846667317565051647E-01    12    12    10    10
 5.44354600215956163645E-01    12    12    11    11
 6.07557685216002840711E-01    12    12    12    12
 3.42890499478027757640E-02    13     1     3     2
-3.55669855347891120459E-03    13     1     6     3
-3.55669855347894806746E-03    13     1     7     2
 7.38872281205039255214E-03    13     1     7     6
 2.43123614687285639901E-02    13     1    12    11
 3.36167755715564425811E-02    13     1    13     1
 8.31014353930455695885E-02    13     2     3     1
 1.82735161916071429770E-03    13     2     5     3
-1.10474121929162432537E-02    13     2     7     1
 2.95397150729847200734E-02    13     2     7     5
-4.46692259209615846749E-02    13     2     9     3
-4.80055545745148269654E-03    13     2     9     7
-1.48963891548917412577E-02    13     2    10     3
-1.89516072711810759470E-03    13     2    10     7
 4.44515300820703743168E-02    13     2    11     4
 4.77294989154791998026E-03    13     2    11     8
 6.19974681285798689956E-02    13     2    13     2
 8.31014353930455695885E-02    13     3     2     1
 1.82735161916065488343E-03    13     3     5     2
-1.10474121929161773342E-02    13     3     6     1
 2.95397150729847790540E-02    13     3     6     5
-8.11018066489714410661E-03    13     3     9     2
-6.12649774337226224637E-04    13     3     9     6
 4.63839101824610813840E-02    13     3    10     2
 5.12460994961406145209E-03    13     3    10     6
 4.44515300820703881945E-02    13     3    12     4
 4.77294989154791304137E-03    13     3    12     8
 6.19974681285798898123E-02    13     3    13     3
 8.77296902325478029916E-03    13     4    11     2
 6.85905288030326369154E-04    13     4    11     6
 8.77296902325477856444E-03    13     4    12     3
 6.85905288030309455601E-04    13     4    12     7
 8.77296902325478550333E-03    13     4    13     4
 5.67357721147589318111E-03    13     5     3     2
 2.82959596389481451290E-03    13     5     6     3
 2.82959596389479239517E-03    13     5     7     2
 9.09679690699954392186E-03    13     5     7     6
 1.29227227549989671929E-02    13     5    12    11
 1.09655944708368213031E-02    13     5    13     1
 1.28229512763380210094E-02    13     5    13     5
 7.87000902390289276168E-04    13     6     3     1
 5.46211432937114896302E-03    13     6     5     3
 2.07596701962839890951E-03    13     6     7     1
 1.16526401210946470299E-02    13     6     7     5
-4.80055545745157897369E-03    13     6     9     3
-3.22570801181119772710E-03    13     6     9     7
-1.89516072711815616696E-03    13     6    10     3
-6.80034680571046392349E-04    13     6    10     7
 4.77294989154798156294E-03    13     6    11     4
 3.21564854305616577845E-03    13     6    11     8
 6.14476046760862888024E-03    13     6    13     2
 5.17362806154773955530E-03    13     6    13     6
 7.87000902390166869743E-04    13     7     2     1
 5.46211432937111860536E-03    13     7     5     2
 2.07596701962841929251E-03    13     7     6     1
 1.16526401210945949882E-02    13     7     6     5
-6.12649774337211262647E-04    13     7     9     2
-9.33852419179504356257E-04    13     7     9     6
 5.12460994961401374720E-03    13     7    10     2
 3.16157539897989276270E-03    13     7    10     6
 4.77294989154790696984E-03    13     7    12     4
 3.21564854305615233435E-03    13     7    12     8
 6.14476046760851872530E-03    13     7    13     3
 5.17362806154770312611E-03    13     7    13     7
 6.85905288030311407164E-04    13     8    11     2
 9.78989759245778214808E-04    13     8    11     6
 6.85905288030313141888E-04    13     8    12     3
 9.78989759245775395882E-04    13     8    12     7
 6.85905288030313033468E-04    13     8    13     4
 9.78989759245775395882E-04    13     8    13     8
-1.99108792221381614151E-02    13     9     3     2
 1.27892743679541723376E-04    13     9     6     3
 1.27892743679573138134E-04    13     9     7     2
-7.51922801617585252060E-03    13     9     7     6
-1.26973255927284346678E-02    13     9    12    11
-2.41090481374207458998E-02    13     9    13     1
-1.28146558435940118026E-02    13     9    13     5
 3.13882830266039303257E-02    13     9    13     9
 1.18785766786632992348E-02    13    10     3     2
-7.62991802367518428228E-05    13    10     6     3
-7.62991802367710738588E-05    13    10     7     2
 4.48587556370634923941E-03    13    10     7     6
 7.57506255672932456158E-03    13    10    12    11
 1.43831507265394977629E-02    13    10    13     1
 7.64506028842585304284E-03    13    10    13     5
-7.51171571955538443233E-03    13    10    13     9
 2.32785332736318122115E-02    13    10    13    10
 2.00787890940189069078E-02    13    11     4     2
-1.28971272355561086733E-04    13    11     6     4
-1.28971272355580033166E-04    13    11     8     2
 7.58263820508575832335E-03    13    11     8     6
 2.43123614687285674596E-02    13    11    12     1
 1.29227227549989706623E-02    13    11    12     5
 1.29088594057480930688E-02    13    11    12     9
 7.20867524506051040450E-03    13    11    12    10
 3.16015425000233524111E-02    13    11    13    11
 2.00787890940189103772E-02    13    12     4     3
-1.28971272355586890745E-04    13    12     7     4
-1.28971272355574259789E-04    13    12     8     3
 7.58263820508575398655E-03    13    12     8     7
 2.43123614687285674596E-02    13    12    11     1
 1.29227227549989689276E-02    13    12    11     5
-2.11533813019654064191E-04    13    12    11     9
-1.47837378017897490973E-02    13    12    11    10
 3.16015425000233524111E-02    13    12    13    12
 6.46157590343500065622E-01    13    13     1     1
 6.46361331163492813801E-01    13    13     2     2
 6.46361331163492591756E-01    13    13     3     3
 6.06203752975454923657E-01    13    13     4     4
-3.28680954214283504999E-02    13    13     5     1
 3.72919735918879335923E-01    13    13     5     5
-4.79648366680722887390E-02    13    13     6     2
 3.14688495080628238831E-01    13    13     6     6
-4.79648366680724969058E-02    13    13     7     3
 3.14688495080628016787E-01    13    13     7     7
-4.77068941233610849251E-02    13    13     8     4
 2.99523218670456337076E-01    13    13     8     8
-2.41090481374207667165E-02    13    13     9     1
-1.28146558435941176207E-02    13    13     9     5
 5.44781119162795368638E-01    13    13     9     9
 1.43831507265394144962E-02    13    13    10     1
 7.64506028842591028871E-03    13    13    10     5
 1.50234314391108243758E-02    13    13    10     9
 5.61000618668739847728E-01    13    13    10    10
 5.44354600215956163645E-01    13    13    11    11
 5.44354600215956163645E-01    13    13    12    12
 6.07557685216002729689E-01    13    13    13    13
-4.80037017205844698808E-02    14     1     2     1
 2.00310021272277170856E-02    14     1     5     2
 1.49840202969341584893E-02    14     1     6     1
 7.76136373454974944075E-03    14     1     6     5
 1.72154940634087661616E-05    14     1     9     2
 1.00726727688740723909E-04    14     1     9     6
 1.20316155005420369166E-03    14     1    10     2
 7.03961939004177708612E-03    14     1    10     6
 1.04207512520622012052E-03    14     1    12     4
 6.09711327373386839656E-03    14     1    12     8
 1.04207512520621469951E-03    14     1    13     3
 6.09711327373387099865E-03    14     1    13     7
 4.62923213712325698488E-02    14     1    14     1
-2.38060984646855433589E-01    14     2     1     1
-2.52699346149915904380E-01    14     2     2     2
-2.24810033531457981182E-01    14     2     3     3
-2.24810033531457953426E-01    14     2     4     4
 5.56640451148325832165E-02    14     2     5     1
-1.40947791280179313134E-02    14     2     5     5
 6.35060096881911867461E-02    14     2     6     2
-1.00096304575842953710E-02    14     2     6     6
 5.19992386524289543215E-02    14     2     7     3
-1.45454351553331827362E-02    14     2     7     7
 5.19992386524287669713E-02    14     2     8     4
-1.45454351553331046737E-02    14     2     8     8
 6.12391741307342874975E-05    14     2     9     1
 1.35789674713846680084E-04    14     2     9     5
-4.97281488447736466640E-02    14     2     9     9
 4.27990154681634135669E-03    14     2    10     1
 9.49010902088418158151E-03    14     2    10     5
 3.16439719980858742698E-04    14     2    10     9
-2.76172437263894239579E-02    14     2    10    10
-4.97326766375044415636E-02    14     2    11    11
-3.31427061096194672252E-02    14     2    12    12
-3.31427061096194464085E-02    14     2    13    13
 1.81105617636304616624E-01    14     2    14     2
-1.39446563092280942375E-02    14     3     3     2
 5.75338551788090457606E-03    14     3     6     3
 5.75338551788088636146E-03    14     3     7     2
 2.26790234887449702536E-03    14     3     7     6
 8.29498526394258084427E-03    14     3    12    11
 3.70688287044061140149E-03    14     3    13     1
 8.21951677703834822364E-03    14     3    13     5
-8.22561803734343961747E-03    14     3    13     9
 4.90729884380701822377E-03    14     3    13    10
 2.01369461116673656442E-02    14     3    14     3
-1.39446563092280716861E-02    14     4     4     2
 5.75338551788090110661E-03    14     4     6     4
 5.75338551788087248368E-03    14     4     8     2
 2.26790234887450700002E-03    14     4     8     6
 3.70688287044062441192E-03    14     4    12     1
 8.21951677703835689726E-03    14     4    12     5
 8.36265448137061065403E-03    14     4    12     9
 4.66994476026343172809E-03    14     4    12    10
 8.29498526394259298733E-03    14     4    13    11
 2.01369461116673621748E-02    14     4    14     4
 4.65792962290305714856E-02    14     5     2     1
 2.05691664721898521614E-03    14     5     5     2
-5.75253675292479969838E-03    14     5     6     1
 1.66779942693203314663E-02    14     5     6     5
 4.32029337923868744353E-04    14     5     9     2
 7.50397839868342304186E-05    14     5     9     6
 3.01937943791230449520E-02    14     5    10     2
 5.24440265756094103206E-03    14     5    10     6
 2.61512695918992427169E-02    14     5    12     4
 4.54225083552847307827E-03    14     5    12     8
 2.61512695918992184307E-02    14     5    13     3
 4.54225083552846093521E-03    14     5    13     7
-2.30260357307432612928E-03    14     5    14     1
 1.91412551330830370266E-02    14     5    14     5
 1.29222298074801511536E-01    14     6     1     1
 1.36784243618422091116E-01    14     6     2     2
 1.22021639029258249787E-01    14     6     3     3
 1.22021639029258235909E-01    14     6     4     4
-1.71400990975662942395E-02    14     6     5     1
 3.42125966859869110048E-02    14     6     5     5
-2.16702148960710924697E-02    14     6     6     2
 1.92900898477495544303E-02    14     6     6     6
-1.92599443369010081550E-02    14     6     7     3
 2.19761051391639712638E-02    14     6     7     7
-1.92599443369009352967E-02    14     6     8     4
 2.19761051391639365693E-02    14     6     8     8
 7.54331123885023887600E-05    14     6     9     1
 3.47510073202865683081E-05    14     6     9     5
 6.87968053672133594834E-02    14     6     9     9
 5.27189170944021307658E-03    14     6    10     1
 2.42868869632410951109E-03    14     6    10     5
 1.30357089538819635602E-04    14     6    10     9
 7.79053750451159932044E-02    14     6    10    10
 6.87949401466191601262E-02    14     6    11    11
 7.56291652359373928194E-02    14     6    12    12
 7.56291652359373650638E-02    14     6    13    13
-4.33914546900398892526E-02    14     6    14     2
 2.70818302385232440033E-02    14     6    14     6
 7.38130229458161795514E-03    14     7     3     2
-1.20513527958500139131E-03    14     7     6     3
-1.20513527958500290919E-03    14     7     7     2
-1.34300764570723118498E-03    14     7     7     6
 3.41711254465900402325E-03    14     7    12    11
 4.56605948963450559985E-03    14     7    13     1
 2.10352140757390356982E-03    14     7    13     5
-3.38853677114553473310E-03    14     7    13     9
 2.02155783355706126364E-03    14     7    13    10
-2.23375111161403568788E-03    14     7    14     3
 2.68161704918425678260E-03    14     7    14     7
 7.38130229458160320999E-03    14     8     4     2
-1.20513527958499401874E-03    14     8     6     4
-1.20513527958499380190E-03    14     8     8     2
-1.34300764570723313654E-03    14     8     8     6
 4.56605948963450386513E-03    14     8    12     1
 2.10352140757390660558E-03    14     8    12     5
 3.44498882465263216168E-03    14     8    12     9
 1.92378000869117792015E-03    14     8    12    10
 3.41711254465900489061E-03    14     8    13    11
-2.23375111161402094273E-03    14     8    14     4
 2.68161704918425201211E-03    14     8    14     8
 7.40420190954510113943E-04    14     9     2     1
 1.95645140410965719720E-04    14     9     5     2
-2.52582277235961626821E-05    14     9     6     1
 5.13243331536319914374E-04    14     9     6     5
 7.39341354775714318381E-03    14     9     9     2
 1.89905963359443216189E-03    14     9     9     6
 8.11937104243648749384E-04    14     9    10     2
 1.85657731288138864653E-04    14     9    10     6
 7.90134521331276387657E-03    14     9    12     4
 2.01001581405061205410E-03    14     9    12     8
-6.86073552464319409011E-03    14     9    13     3
-1.78240226864755536146E-03    14     9    13     7
 3.08041766076827950964E-04    14     9    14     1
 3.80966567705248748167E-04    14     9    14     5
 9.56371984948484361866E-03    14     9    14     9
 5.17467056919419382544E-02    14    10     2     1
 1.36733055426997828635E-02    14    10     5     2
-1.76525450315979980445E-03    14    10     6     1
 3.58697020284171677607E-02    14    10     6     5
 8.11937104243641376809E-04    14    10     9     2
 1.85657731288139704910E-04    14    10     9     6
 6.41266968255750358097E-02    14    10    10     2
 1.48717056758009887746E-02    14    10    10     6
 3.62576071612546665945E-02    14    10    12     4
 7.92662945457292024420E-03    14    10    12     8
 3.64688310931499740097E-02    14    10    13     3
 7.98089344845270484696E-03    14    10    13     7
 2.15285142203576439213E-02    14    10    14     1
 2.66251043641840441645E-02    14    10    14     5
 8.89665437493641995254E-04    14    10    14     9
 7.17281917328444623694E-02    14    10    14    10
 7.38179590721889811872E-03    14    11    11     2
 1.89640314114695139602E-03    14    11    11     6
 7.38179590721890072080E-03    14    11    12     3
 1.89640314114693361511E-03    14    11    12     7
 7.38179590721890505761E-03    14    11    13     4
 1.89640314114693621719E-03    14    11    13     8
 9.55099002940632858805E-03    14    11    14    11
 4.48185489392586011714E-02    14    12     4     1
 1.18426420664370889158E-02    14    12     5     4
-1.52891173036423652296E-03    14    12     8     1
 3.10672529642322670096E-02    14    12     8     5
 3.50133019353132818319E-02    14    12     9     4
 7.80285760558066966014E-03    14    12     9     8
-1.22928442935875976288E-02    14    12    10     4
-2.44684107981457156511E-03    14    12    10     8
 3.51855930119517809618E-02    14    12    11     3
 7.83706612917909641036E-03    14    12    11     7
 4.99491848263895893423E-02    14    12    12     2
 1.16298724114730876733E-02    14    12    12     6
 5.61934386720437314966E-02    14    12    14    12
 4.48185489392585872936E-02    14    13     3     1
 1.18426420664370906505E-02    14    13     5     3
-1.52891173036426059224E-03    14    13     7     1
 3.10672529642322670096E-02    14    13     7     5
-3.53506814887394327229E-02    14    13     9     3
-7.86967038107141969583E-03    14    13     9     7
-1.12860379018278628865E-02    14    13    10     3
-2.22258997031014437357E-03    14    13    10     7
 3.51855930119518087174E-02    14    13    11     4
 7.83706612917910681870E-03    14    13    11     8
 4.99491848263895893423E-02    14    13    13     2
 1.16298724114730876733E-02    14    13    13     6
 5.61934386720437314966E-02    14    13    14    13
 7.71417510296755981614E-01    14    14     1     1
 8.05363793405614813992E-01    14    14     2     2
 7.39357794470518414620E-01    14    14     3     3
 7.39357794470518525642E-01    14    14     4     4
-6.94080169770382171546E-02    14    14     5     1
 3.70757519738879992577E-01    14    14     5     5
-8.77933533986221259493E-02    14    14     6     2
 3.24949763386032597356E-01    14    14     6     6
-8.11230397567093280964E-02    14    14     7     3
 3.05202898522184351560E-01    14    14     7     7
-8.11230397567089533961E-02    14    14     8     4
 3.05202898522184129515E-01    14    14     8     8
 4.17734389907532539365E-04    14    14     9     1
 2.04152906765693326757E-04    14    14     9     5
 5.23746895976827220309E-01    14    14     9     9
 2.91947448165645745410E-02    14    14    10     1
 1.42678988385498504293E-02    14    14    10     5
 7.64469674541231507606E-04    14    14    10     9
 5.77163440652969095268E-01    14    14    10    10
 5.23735957526255679895E-01    14    14    11    11
 5.63814773709217065267E-01    14    14    12    12
 5.63814773709216954245E-01    14    14    13    13
-1.61948367054760455908E-01    14    14    14     2
 1.06416222691596146221E-01    14    14    14     6
 6.81078091932111662210E-01    14    14    14    14
-4.80037017205845531476E-02    15     1     3     1
 2.00310021272276962689E-02    15     1     5     3
 1.49840202969341480810E-02    15     1     7     1
 7.76136373454971214420E-03    15     1     7     5
-1.05057621423522212431E-03    15     1     9     3
-6.14685258859402287174E-03    15     1     9     7
-5.86671719829395289791E-04    15     1    10     3
-3.43257779000233310615E-03    15     1    10     7
 1.04207512520617805347E-03    15     1    11     4
 6.09711327373386579448E-03    15     1    11     8
 1.04207512520616872934E-03    15     1    13     2
 6.09711327373389962159E-03    15     1    13     6
 1.86461486827532545163E-02    15     1    14    13
 4.62923213712325837266E-02    15     1    15     1
-1.39446563092281410751E-02    15     2     3     2
 5.75338551788091411704E-03    15     2     6     3
 5.75338551788089676980E-03    15     2     7     2
 2.26790234887449529064E-03    15     2     7     6
 8.29498526394256349703E-03    15     2    12    11
 3.70688287044058668168E-03    15     2    13     1
 8.21951677703834301947E-03    15     2    13     5
-8.22561803734342747441E-03    15     2    13     9
 4.90729884380700781543E-03    15     2    13    10
 2.01369461116673829915E-02    15     2    14     3
-2.23375111161404652990E-03    15     2    14     7
 2.01369461116673899304E-02    15     2    15     2
-2.38060984646855849922E-01    15     3     1     1
-2.24810033531458480782E-01    15     3     2     2
-2.52699346149916459492E-01    15     3     3     3
-2.24810033531458397515E-01    15     3     4     4
 5.56640451148326387276E-02    15     3     5     1
-1.40947791280181308066E-02    15     3     5     5
 5.19992386524290028937E-02    15     3     6     2
-1.45454351553333718211E-02    15     3     6     6
 6.35060096881911867461E-02    15     3     7     3
-1.00096304575843821072E-02    15     3     7     7
 5.19992386524288016658E-02    15     3     8     4
-1.45454351553332677377E-02    15     3     8     8
-3.73712305230447169868E-03    15     3     9     1
-8.28657033412646959469E-03    15     3     9     5
-3.28709251697154383742E-02    15     3     9     9
-2.08691609290389016793E-03    15     3    10     1
-4.62745720256831864076E-03    15     3    10     5
 9.41608290660383984161E-03    15     3    10     9
-4.44744674014477675561E-02    15     3    10    10
-3.31427061096194255918E-02    15     3    11    11
-4.97326766375045248303E-02    15     3    12    12
-3.31427061096194117140E-02    15     3    13    13
 1.40831725412967817546E-01    15     3    14     2
-3.89239524668109973526E-02    15     3    14     6
-1.52988588313757500892E-01    15     3    14    14
 1.81105617636305088469E-01    15     3    15     3
-1.39446563092281081153E-02    15     4     4     3
 5.75338551788089416772E-03    15     4     7     4
 5.75338551788088202465E-03    15     4     8     3
 2.26790234887450569898E-03    15     4     8     7
 3.70688287044061877407E-03    15     4    11     1
 8.21951677703832393751E-03    15     4    11     5
-1.37036444027156399834E-04    15     4    11     9
-9.57724360407041439003E-03    15     4    11    10
 8.29498526394257910954E-03    15     4    13    12
 2.01369461116673795220E-02    15     4    15     4
 4.65792962290305853634E-02    15     5     3     1
 2.05691664721909884053E-03    15     5     5     3
-5.75253675292483612758E-03    15     5     7     1
 1.66779942693203661608E-02    15     5     7     5
-2.63646076379262968292E-02    15     5     9     3
-4.57930582111576445214E-03    15     5     9     7
-1.47227488077392824894E-02    15     5    10     3
-2.55721496955334725784E-03    15     5    10     7
 2.61512695918992774113E-02    15     5    11     4
 4.54225083552853292623E-03    15     5    11     8
 2.61512695918992531252E-02    15     5    13     2
 4.54225083552857195751E-03    15     5    13     6
 2.30603770230896620852E-02    15     5    14    13
-2.30260357307426801604E-03    15     5    15     1
 1.91412551330830509044E-02    15     5    15     5
 7.38130229458166566003E-03    15     6     3     2
-1.20513527958499770502E-03    15     6     6     3
-1.20513527958499922291E-03    15     6     7     2
-1.34300764570719128634E-03    15     6     7     6
 3.41711254465904825869E-03    15     6    12    11
 4.56605948963455417211E-03    15     6    13     1
 2.10352140757394303477E-03    15     6    13     5
-3.38853677114557723382E-03    15     6    13     9
 2.02155783355708901922E-03    15     6    13    10
-2.23375111161403351948E-03    15     6    14     3
 2.68161704918426372149E-03    15     6    14     7
-2.23375111161404045837E-03    15     6    15     2
 2.68161704918426762462E-03    15     6    15     6
 1.29222298074801150713E-01    15     7     1     1
 1.22021639029258027742E-01    15     7     2     2
 1.36784243618421730293E-01    15     7     3     3
 1.22021639029257902842E-01    15     7     4     4
-1.71400990975661797477E-02    15     7     5     1
 3.42125966859867999825E-02    15     7     5     5
-1.92599443369009838689E-02    15     7     6     2
 2.19761051391640579999E-02    15     7     6     6
-2.16702148960710890002E-02    15     7     7     3
 1.92900898477495474914E-02    15     7     7     7
-1.92599443369008728466E-02    15     7     8     4
 2.19761051391639504471E-02    15     7     8     8
-4.60330870257000517726E-03    15     7     9     1
-2.12068161256098470374E-03    15     7     9     5
 7.57411251767439869242E-02    15     7     9     9
-2.57061886310521727980E-03    15     7    10     1
-1.18424909301563215450E-03    15     7    10     5
 3.87894782183277869042E-03    15     7    10     9
 7.09610552355847690187E-02    15     7    10    10
 7.56291652359370597525E-02    15     7    11    11
 6.87949401466190213483E-02    15     7    12    12
 7.56291652359370319969E-02    15     7    13    13
-3.89239524668108724526E-02    15     7    14     2
 2.17185961401543461968E-02    15     7    14     6
 9.42168544296672627603E-02    15     7    14    14
-4.33914546900396880247E-02    15     7    15     3
 2.70818302385230288976E-02    15     7    15     7
 7.38130229458161535305E-03    15     8     4     3
-1.20513527958499531978E-03    15     8     7     4
-1.20513527958499250085E-03    15     8     8     3
-1.34300764570721036829E-03    15     8     8     7
 4.56605948963450733458E-03    15     8    11     1
 2.10352140757393522852E-03    15     8    11     5
-5.64520535070958090593E-05    15     8    11     9
-3.94533784224825479631E-03    15     8    11    10
 3.41711254465901659999E-03    15     8    13    12
-2.23375111161402571322E-03    15     8    15     4
 2.68161704918425244579E-03    15     8    15     8
-4.51841717868556730364E-02    15     9     3     1
-1.19392525238900867185E-02    15     9     5     3
 1.54138435774312616486E-03    15     9     7     1
-3.13206948485556108119E-02    15     9     7     5
 5.06465341646706451728E-02    15     9     9     3
 1.17893284769537420864E-02    15     9     9     7
 2.41602637272227104004E-02    15     9    10     3
 5.52449164778311130330E-03    15     9    10     7
-2.81525664106700573841E-02    15     9    11     4
-6.02045533693308654311E-03    15     9    11     8
-3.53506814887394049673E-02    15     9    13     2
-7.86967038107148388060E-03    15     9    13     6
-3.72362589026630635969E-02    15     9    14    13
-1.87982611036028243734E-02    15     9    15     1
-2.32485000416479473118E-02    15     9    15     5
 5.69575466317428086294E-02    15     9    15     9
-2.52321301511292395148E-02    15    10     3     1
-6.66721910962706377363E-03    15    10     5     3
 8.60752984716704121031E-04    15    10     7     1
-1.74903692507751007401E-02    15    10     7     5
 2.41602637272226548892E-02    15    10     9     3
 5.52449164778312431373E-03    15    10     9     7
 2.08735762086613464705E-02    15    10    10     3
 4.98143683244149561989E-03    15    10    10     7
-2.41759867995622428072E-02    15    10    11     4
-5.53405236863816103743E-03    15    10    11     8
-1.12860379018278056407E-02    15    10    13     2
-2.22258997031014480725E-03    15    10    13     6
-9.85449666620160334707E-03    15    10    14    13
-1.04974851153297639439E-02    15    10    15     1
-1.29826254564666607183E-02    15    10    15     5
 2.64731732131694812160E-02    15    10    15     9
 2.43343649505862041904E-02    15    10    15    10
 4.48185489392585595381E-02    15    11     4     1
 1.18426420664371218755E-02    15    11     5     4
-1.52891173036421505575E-03    15    11     8     1
 3.10672529642322427235E-02    15    11     8     5
 2.74493362754266723158E-02    15    11     9     4
 5.85965456702079636603E-03    15    11     9     8
-2.49715692594266701343E-02    15    11    10     4
-5.70403948426271602268E-03    15    11    10     8
 4.99491848263895754645E-02    15    11    11     3
 1.16298724114729818552E-02    15    11    11     7
 3.51855930119517532062E-02    15    11    12     2
 7.83706612917918141181E-03    15    11    12     6
 3.70914586132311541178E-02    15    11    14    12
 5.61934386720436621077E-02    15    11    15    11
 7.38179590721889204719E-03    15    12    11     2
 1.89640314114695204654E-03    15    12    11     6
 7.38179590721889464927E-03    15    12    12     3
 1.89640314114693491615E-03    15    12    12     7
 7.38179590721889898608E-03    15    12    13     4
 1.89640314114693665087E-03    15    12    13     8
 9.55099002940631991443E-03    15    12    14    11
 9.55099002940631817971E-03    15    12    15    12
 4.48185489392585456603E-02    15    13     2     1
 1.18426420664370594255E-02    15    13     5     2
-1.52891173036419033594E-03    15    13     6     1
 3.10672529642322982346E-02    15    13     6     5
-6.86073552464319409011E-03    15    13     9     2
-1.78240226864757270869E-03    15    13     9     6
 3.64688310931499115597E-02    15    13    10     2
 7.98089344845283148178E-03    15    13    10     6
 3.51855930119517809618E-02    15    13    12     4
 7.83706612917912937011E-03    15    13    12     8
 4.99491848263895754645E-02    15    13    13     3
 1.16298724114729818552E-02    15    13    13     7
 1.86461486827532718635E-02    15    13    14     1
 2.30603770230895961657E-02    15    13    14     5
-9.01613994468459210851E-03    15    13    14     9
 3.74480880968334692294E-02    15    13    14    10
 5.61934386720436621077E-02    15    13    15    13
 3.30029994675468257848E-02    15    14     3     2
-3.33515682095613958530E-03    15    14     6     3
-3.33515682095616560615E-03    15    14     7     2
 9.87343243192395809971E-03    15    14     7     6
 2.00394080914808210558E-02    15    14    12    11
 2.52859787272244028455E-02    15    14    13     1
 1.23576276751382017893E-02    15    14    13     5
-1.98718275451913520269E-02    15    14    13     9
 1.18552789461088131651E-02    15    14    13    10
-4.47988937049996656381E-03    15    14    14     3
 6.09968413096388575173E-03    15    14    14     7
-4.47988937049998998258E-03    15    14    15     2
 6.09968413096393779343E-03    15    14    15     6
 3.05465786236156430777E-02    15    14    15    14
 7.71417510296756314681E-01    15    15     1     1
 7.39357794470518969732E-01    15    15     2     2
 8.05363793405615258081E-01    15    15     3     3
 7.39357794470518858709E-01    15    15     4     4
-6.94080169770385085881E-02    15    15     5     1
 3.70757519738880159110E-01    15    15     5     5
-8.11230397567093280964E-02    15    15     6     2
 3.05202898522184129515E-01    15    15     6     6
-8.77933533986223063605E-02    15    15     7     3
 3.24949763386032319801E-01    15    15     7     7
-8.11230397567090366628E-02    15    15     8     4
 3.05202898522183962982E-01    15    15     8     8
-2.54922578631031591934E-02    15    15     9     1
-1.24584393061934819991E-02    15    15     9     5
 5.64471354642507860966E-01    15    15     9     9
-1.42356038145884048612E-02    15    15    10     1
-6.95714781575944036379E-03    15    15    10     5
 2.27478074986913227085E-02    15    15    10     9
 5.36438981987286789277E-01    15    15    10    10
 5.63814773709216510156E-01    15    15    11    11
 5.23735957526255124783E-01    15    15    12    12
 5.63814773709216510156E-01    15    15    13    13
-1.52988588313756501691E-01    15    15    14     2
 9.42168544296676235827E-02    15    15    14     6
 6.19984934684871813459E-01    15    15    14    14
-1.61948367054760983264E-01    15    15    15     3
 1.06416222691595882544E-01    15    15    15     7
 6.81078091932109219719E-01    15    15    15    15
-4.80037017205846572310E-02    16     1     4     1
 2.00310021272277240245E-02    16     1     5     4
 1.49840202969341307337E-02    16     1     8     1
 7.76136373454970867475E-03    16     1     8     5
 1.03336072017180444736E-03    16     1     9     4
 6.04612586090527356908E-03    16     1     9     8
-6.16489830224569118448E-04    16     1    10     4
-3.60704160003939150458E-03    16     1    10     8
 1.04207512520613988956E-03    16     1    11     3
 6.09711327373386405976E-03    16     1    11     7
 1.04207512520613598643E-03    16     1    12     2
 6.09711327373389441742E-03    16     1    12     6
 1.86461486827532545163E-02    16     1    14    12
 1.86461486827532996191E-02    16     1    15    11
 4.62923213712326808711E-02    16     1    16     1
-1.39446563092281480140E-02    16     2     4     2
 5.75338551788091585176E-03    16     2     6     4
 5.75338551788088896355E-03    16     2     8     2
 2.26790234887449702536E-03    16     2     8     6
 3.70688287044056759972E-03    16     2    12     1
 8.21951677703834475419E-03    16     2    12     5
 8.36265448137057942901E-03    16     2    12     9
 4.66994476026341177877E-03    16     2    12    10
 8.29498526394255829286E-03    16     2    13    11
 2.01369461116673829915E-02    16     2    14     4
-2.23375111161403698892E-03    16     2    14     8
 2.01369461116674038081E-02    16     2    16     2
-1.39446563092281393403E-02    16     3     4     3
 5.75338551788089850453E-03    16     3     7     4
 5.75338551788088636146E-03    16     3     8     3
 2.26790234887449789272E-03    16     3     8     7
 3.70688287044058624800E-03    16     3    11     1
 8.21951677703831873334E-03    16     3    11     5
-1.37036444027156074574E-04    16     3    11     9
-9.57724360407039183862E-03    16     3    11    10
 8.29498526394256176231E-03    16     3    13    12
 2.01369461116673795220E-02    16     3    15     4
-2.23375111161402527954E-03    16     3    15     8
 2.01369461116673933998E-02    16     3    16     3
-2.38060984646855822167E-01    16     4     1     1
-2.24810033531458286493E-01    16     4     2     2
-2.24810033531458230982E-01    16     4     3     3
-2.52699346149916292958E-01    16     4     4     4
 5.56640451148328954667E-02    16     4     5     1
-1.40947791280182661150E-02    16     4     5     5
 5.19992386524289543215E-02    16     4     6     2
-1.45454351553332607988E-02    16     4     6     6
 5.19992386524289265659E-02    16     4     7     3
-1.45454351553332434516E-02    16     4     7     7
 6.35060096881909785793E-02    16     4     8     4
-1.00096304575841826140E-02    16     4     8     8
 3.67588387817376505834E-03    16     4     9     1
 8.15078065941262676353E-03    16     4     9     5
-3.34190148422550681317E-02    16     4     9     9
-2.19298545391185097445E-03    16     4    10     1
-4.86265181831595141165E-03    16     4    10     5
-9.73252262658468036971E-03    16     4    10     9
-4.39263777289080198374E-02    16     4    10    10
-3.31427061096193562029E-02    16     4    11    11
-3.31427061096193562029E-02    16     4    12    12
-4.97326766375044831969E-02    16     4    13    13
 1.40831725412967539990E-01    16     4    14     2
-3.89239524668109487804E-02    16     4    14     6
-1.52988588313756973536E-01    16     4    14    14
 1.40831725412967651012E-01    16     4    15     3
-3.89239524668108724526E-02    16     4    15     7
-1.52988588313757112314E-01    16     4    15    15
 1.81105617636305199492E-01    16     4    16     4
 4.65792962290306200579E-02    16     5     4     1
 2.05691664721905980925E-03    16     5     5     4
-5.75253675292480837200E-03    16     5     8     1
 1.66779942693203626913E-02    16     5     8     5
 2.59325783000024373548E-02    16     5     9     4
 4.50426603712893083159E-03    16     5     9     8
-1.54710455713837936875E-02    16     5    10     4
-2.68718768800753219153E-03    16     5    10     8
 2.61512695918992774113E-02    16     5    11     3
 4.54225083552852165053E-03    16     5    11     7
 2.61512695918992704724E-02    16     5    12     2
 4.54225083552855894709E-03    16     5    12     6
 2.30603770230896412685E-02    16     5    14    12
 2.30603770230896065740E-02    16     5    15    11
-2.30260357307431441989E-03    16     5    16     1
 1.91412551330830578433E-02    16     5    16     5
 7.38130229458166826212E-03    16     6     4     2
-1.20513527958499857239E-03    16     6     6     4
-1.20513527958499792186E-03    16     6     8     2
-1.34300764570719280422E-03    16     6     8     6
 4.56605948963455677420E-03    16     6    12     1
 2.10352140757393956533E-03    16     6    12     5
 3.44498882465267162664E-03    16     6    12     9
 1.92378000869120329049E-03    16     6    12    10
 3.41711254465904825869E-03    16     6    13    11
-2.23375111161402354482E-03    16     6    14     4
 2.68161704918425808364E-03    16     6    14     8
-2.23375111161403698892E-03    16     6    16     2
 2.68161704918426632357E-03    16     6    16     6
 7.38130229458163183293E-03    16     7     4     3
-1.20513527958500139131E-03    16     7     7     4
-1.20513527958499900607E-03    16     7     8     3
-1.34300764570721123566E-03    16     7     8     7
 4.56605948963451253875E-03    16     7    11     1
 2.10352140757393045803E-03    16     7    11     5
-5.64520535070957684017E-05    16     7    11     9
-3.94533784224825219422E-03    16     7    11    10
 3.41711254465901573263E-03    16     7    13    12
-2.23375111161403178475E-03    16     7    15     4
 2.68161704918425504787E-03    16     7    15     8
-2.23375111161403742260E-03    16     7    16     3
 2.68161704918425851732E-03    16     7    16     7
 1.29222298074800984180E-01    16     8     1     1
 1.22021639029257750186E-01    16     8     2     2
 1.22021639029257625286E-01    16     8     3     3
 1.36784243618421369471E-01    16     8     4     4
-1.71400990975662560756E-02    16     8     5     1
 3.42125966859867444714E-02    16     8     5     5
-1.92599443369009179494E-02    16     8     6     2
 2.19761051391639851416E-02    16     8     6     6
-1.92599443369008971327E-02    16     8     7     3
 2.19761051391638359553E-02    16     8     7     7
-2.16702148960708912417E-02    16     8     8     4
 1.92900898477494052441E-02    16     8     8     8
 4.52787559018149113332E-03    16     8     9     1
 2.08593060524070580616E-03    16     8     9     5
 7.55153400745358222013E-02    16     8     9     9
-2.70127284633516102919E-03    16     8    10     1
-1.24443960330856799590E-03    16     8    10     5
-4.00930491137159103476E-03    16     8    10     9
 7.11868403377926978193E-02    16     8    10    10
 7.56291652359369903635E-02    16     8    11    11
 7.56291652359369903635E-02    16     8    12    12
 6.87949401466188686927E-02    16     8    13    13
-3.89239524668107822469E-02    16     8    14     2
 2.17185961401542490523E-02    16     8    14     6
 9.42168544296671517380E-02    16     8    14    14
-3.89239524668109071470E-02    16     8    15     3
 2.17185961401543184413E-02    16     8    15     7
 9.42168544296671656157E-02    16     8    15    15
-4.33914546900395839413E-02    16     8    16     4
 2.70818302385228276696E-02    16     8    16     8
 4.44437515959011861244E-02    16     9     4     1
 1.17436073834791005616E-02    16     9     5     4
-1.51612613001950212802E-03    16     9     8     1
 3.08074515170192637925E-02    16     9     8     5
 4.92402178475703500293E-02    16     9     9     4
 1.14677598535447445444E-02    16     9     9     8
-2.49722008314663540540E-02    16     9    10     4
-5.71014937907125905842E-03    16     9    10     8
 2.74493362754266653769E-02    16     9    11     3
 5.85965456702078422296E-03    16     9    11     7
 3.50133019353132332596E-02    16     9    12     2
 7.80285760558071563031E-03    16     9    12     6
 3.69390655873576556623E-02    16     9    14    12
 2.71523739057712362732E-02    16     9    15    11
 1.84902193375259954466E-02    16     9    16     1
 2.28675334739427520148E-02    16     9    16     5
 5.54166008922658132052E-02    16     9    16     9
-2.65145755408122268948E-02    16    10     4     1
-7.00608643307280842816E-03    16    10     5     4
 9.04501518443087335064E-04    16    10     8     1
-1.83793327776419074260E-02    16    10     8     5
-2.49722008314662811956E-02    16    10     9     4
-5.71014937907126686467E-03    16    10     9     8
 2.22798925257616797779E-02    16    10    10     4
 5.30300545585050964181E-03    16    10    10     8
-2.49715692594265764592E-02    16    10    11     3
-5.70403948426271168587E-03    16    10    11     7
-1.22928442935875039538E-02    16    10    12     2
-2.44684107981460669326E-03    16    10    12     6
-1.09158378122440665597E-02    16    10    14    12
-2.73202978184997856415E-02    16    10    15    11
-1.10310291050281089609E-02    16    10    16     1
-1.36424789077172498725E-02    16    10    16     5
-2.73628386506630828789E-02    16    10    16     9
 2.58753106900631302256E-02    16    10    16    10
 4.48185489392585248436E-02    16    11     3     1
 1.18426420664371374880E-02    16    11     5     3
-1.52891173036424042608E-03    16    11     7     1
 3.10672529642322427235E-02    16    11     7     5
-2.81525664106700192202E-02    16    11     9     3
-6.02045533693307353268E-03    16    11     9     7
-2.41759867995622636239E-02    16    11    10     3
-5.53405236863816017007E-03    16    11    10     7
 4.99491848263895893423E-02    16    11    11     4
 1.16298724114730009371E-02    16    11    11     8
 3.51855930119517462673E-02    16    11    13     2
 7.83706612917918488126E-03    16    11    13     6
 3.70914586132311263622E-02    16    11    14    13
 1.86461486827532892108E-02    16    11    15     1
 2.30603770230896204518E-02    16    11    15     5
-2.79229256426730861051E-02    16    11    15     9
-2.65322502845891337875E-02    16    11    15    10
 5.61934386720436551688E-02    16    11    16    11
 4.48185489392585248436E-02    16    12     2     1
 1.18426420664370802421E-02    16    12     5     2
-1.52891173036419163699E-03    16    12     6     1
 3.10672529642322843568E-02    16    12     6     5
 7.90134521331274305989E-03    16    12     9     2
 2.01001581405062896765E-03    16    12     9     6
 3.62576071612545763889E-02    16    12    10     2
 7.92662945457295320395E-03    16    12    10     6
 4.99491848263895893423E-02    16    12    12     4
 1.16298724114730009371E-02    16    12    12     8
 3.51855930119517462673E-02    16    12    13     3
 7.83706612917910334926E-03    16    12    13     7
 1.86461486827532718635E-02    16    12    14     1
 2.30603770230895649407E-02    16    12    14     5
 1.00838849968918394667E-02    16    12    14     9
 3.71747944847014635816E-02    16    12    14    10
 3.70914586132311124844E-02    16    12    15    13
 5.61934386720436551688E-02    16    12    16    12
 7.38179590721889117982E-03    16    13    11     2
 1.89640314114695182970E-03    16    13    11     6
 7.38179590721889291455E-03    16    13    12     3
 1.89640314114693404879E-03    16    13    12     7
 7.38179590721889811872E-03    16    13    13     4
 1.89640314114693665087E-03    16    13    13     8
 9.55099002940632338388E-03    16    13    14    11
 9.55099002940631991443E-03    16    13    15    12
 9.55099002940631817971E-03    16    13    16    13
 3.30029994675468396625E-02    16    14     4     2
-3.33515682095614001898E-03    16    14     6     4
-3.33515682095614348843E-03    16    14     8     2
 9.87343243192394595664E-03    16    14     8     6
 2.52859787272244167233E-02    16    14    12     1
 1.23576276751382087282E-02    16    14    12     5
 2.02028865088766558522E-02    16    14    12     9
 1.12818680007047613539E-02    16    14    12    10
 2.00394080914808210558E-02    16    14    13    11
-4.47988937049998304368E-03    16    14    14     4
 6.09968413096388488437E-03    16    14    14     8
-4.47988937050004289164E-03    16    14    16     2
 6.09968413096395080386E-03    16    14    16     6
 3.05465786236156673639E-02    16    14    16    14
 3.30029994675468604792E-02    16    15     4     3
-3.33515682095614782524E-03    16    15     7     4
-3.33515682095612484015E-03    16    15     8     3
 9.87343243192392687468E-03    16    15     8     7
 2.52859787272244028455E-02    16    15    11     1
 1.23576276751382642394E-02    16    15    11     5
-3.31058963685286478107E-04    16    15    11     9
-2.31371469468134582925E-02    16    15    11    10
 2.00394080914808175864E-02    16    15    13    12
-4.47988937049999345202E-03    16    15    15     4
 6.09968413096387621075E-03    16    15    15     8
-4.47988937050002814649E-03    16    15    16     3
 6.09968413096389095590E-03    16    15    16     7
 3.05465786236156153222E-02    16    15    16    15
 7.71417510296756758770E-01    16    16     1     1
 7.39357794470519080754E-01    16    16     2     2
 7.39357794470518858709E-01    16    16     3     3
 8.05363793405615813192E-01    16    16     4     4
-6.94080169770388971662E-02    16    16     5     1
 3.70757519738880880755E-01    16    16     5     5
-8.11230397567092864630E-02    16    16     6     2
 3.05202898522184296048E-01    16    16     6     6
-8.11230397567094113631E-02    16    16     7     3
 3.05202898522184462582E-01    16    16     7     7
-8.77933533986220288048E-02    16    16     8     4
 3.24949763386032208778E-01    16    16     8     8
 2.50745234731956125052E-02    16    16     9     1
 1.22542863994277734935E-02    16    16     9     5
 5.63147254325357171645E-01    16    16     9     9
-1.49591410019770821443E-02    16    16    10     1
-7.31075102279047858711E-03    16    16    10     5
-2.35122771732324611915E-02    16    16    10     9
 5.37763082304438033709E-01    16    16    10    10
 5.63814773709216621178E-01    16    16    11    11
 5.63814773709216621178E-01    16    16    12    12
 5.23735957526255346828E-01    16    16    13    13
-1.52988588313756029846E-01    16    16    14     2
 9.42168544296677068495E-02    16    16    14     6
 6.19984934684870592214E-01    16    16    14    14
-1.52988588313756307402E-01    16    16    15     3
 9.42168544296669296934E-02    16    16    15     7
 6.19984934684870592214E-01    16    16    15    15
-1.61948367054761344086E-01    16    16    16     4
 1.06416222691595951932E-01    16    16    16     8
 6.81078091932109663809E-01    16    16    16    16
-1.97908773335669585514E-01    17     1     1     1
-1.91769250403160368412E-01    17     1     2     2
-1.91769250403160396168E-01    17     1     3     3
-1.91769250403160257390E-01    17     1     4     4
 4.81569639151847236902E-02    17     1     5     1
-1.18768176402022865995E-02    17     1     5     5
 4.65438096585286675833E-02    17     1     6     2
-1.11174506126561351005E-02    17     1     6     6
 4.65438096585286467666E-02    17     1     7     3
-1.11174506126561142838E-02    17     1     7     7
 4.65438096585285010498E-02    17     1     8     4
-1.11174506126560466296E-02    17     1     8     8
 8.71941960315976168932E-18    17     1     9     1
-2.47163492132494851211E-18    17     1     9     5
-2.30643831151921656353E-02    17     1     9     9
 1.35852288287908243251E-16    17     1    10     1
-2.66689956990562830942E-17    17     1    10     5
 3.07893209980195990686E-17    17     1    10     9
-2.30643831151907917343E-02    17     1    10    10
-2.30643831151906772425E-02    17     1    11    11
-2.30643831151920476741E-02    17     1    12    12
-2.30643831151920337963E-02    17     1    13    13
 1.34198715581398203556E-01    17     1    14     2
-3.39820170538454313647E-02    17     1    14     6
-1.26517789405246661172E-01    17     1    14    14
 1.34198715581398342334E-01    17     1    15     3
-3.39820170538453897313E-02    17     1    15     7
-1.26517789405246827705E-01    17     1    15    15
 1.34198715581398425600E-01    17     1    16     4
-3.39820170538453134035E-02    17     1    16     8
-1.26517789405247021994E-01    17     1    16    16
 1.21966807345171388000E-01    17     1    17     1
-3.41738444079374634188E-02    17     2     2     1
 1.95211041009604735486E-02    17     2     5     2
 1.28370190804624733499E-02    17     2     6     1
 8.73577121522929773978E-03    17     2     6     5
 1.59041801544295655644E-04    17     2     9     2
 9.64705268574737482765E-05    17     2     9     6
 1.11151605504155905069E-02    17     2    10     2
 6.74216076523380739016E-03    17     2    10     6
 9.62699674182557890711E-03    17     2    12     4
 5.83948017892919890581E-03    17     2    12     8
 9.62699674182556502933E-03    17     2    13     3
 5.83948017892919803845E-03    17     2    13     7
 4.82998625543048301645E-02    17     2    14     1
 9.32616760007014071986E-04    17     2    14     5
 4.08515393358517607623E-04    17     2    14     9
 2.85504448541576694165E-02    17     2    14    10
 2.47279414761452237537E-02    17     2    15    13
 2.47279414761452306926E-02    17     2    16    12
 5.28111710164242201260E-02    17     2    17     2
-3.41738444079375813800E-02    17     3     3     1
 1.95211041009605047736E-02    17     3     5     3
 1.28370190804624716152E-02    17     3     7     1
 8.73577121522929600506E-03    17     3     7     5
-9.70553230457468427139E-03    17     3     9     3
-5.88711776251994028941E-03    17     3     9     7
-5.41984603480671813663E-03    17     3    10     3
-3.28753445564187399969E-03    17     3    10     7
 9.62699674182555809043E-03    17     3    11     4
 5.83948017892921538569E-03    17     3    11     8
 9.62699674182554247792E-03    17     3    13     2
 5.83948017892924400862E-03    17     3    13     6
 2.47279414761452619176E-02    17     3    14    13
 4.82998625543049342479E-02    17     3    15     1
 9.32616760007036948651E-04    17     3    15     5
-2.49296682297266009032E-02    17     3    15     9
-1.39214377185934400083E-02    17     3    15    10
 2.47279414761452549787E-02    17     3    16    11
 5.28111710164244005372E-02    17     3    17     3
-3.41738444079374981133E-02    17     4     4     1
 1.95211041009605047736E-02    17     4     5     4
 1.28370190804624299818E-02    17     4     8     1
 8.73577121522934110787E-03    17     4     8     5
 9.54649050303045185184E-03    17     4     9     4
 5.79064723566247337161E-03    17     4     9     8
-5.69531451560873272499E-03    17     4    10     4
-3.45462630959196374814E-03    17     4    10     8
 9.62699674182558931546E-03    17     4    11     3
 5.83948017892922058986E-03    17     4    11     7
 9.62699674182558411129E-03    17     4    12     2
 5.83948017892925181488E-03    17     4    12     6
 2.47279414761453035509E-02    17     4    14    12
 2.47279414761452862037E-02    17     4    15    11
 4.82998625543049620035E-02    17     4    16     1
 9.32616760007052561163E-04    17     4    16     5
 2.45211528363681006970E-02    17     4    16     9
-1.46290071355644098194E-02    17     4    16    10
 5.28111710164244282928E-02    17     4    17     4
 1.43163020894294390484E-01    17     5     1     1
 1.38718017251109826393E-01    17     5     2     2
 1.38718017251109854149E-01    17     5     3     3
 1.38718017251109854149E-01    17     5     4     4
-1.96976130914935480820E-02    17     5     5     1
 2.92387499540408719867E-02    17     5     5     5
-2.33030968213425032642E-02    17     5     6     2
 1.65061793355771452285E-02    17     5     6     6
-2.33030968213425518365E-02    17     5     7     3
 1.65061793355771417591E-02    17     5     7     7
-2.33030968213424512225E-02    17     5     8     4
 1.65061793355771035952E-02    17     5     8     8
-4.23635123252317603076E-18    17     5     9     1
 8.09905398108452245776E-02    17     5     9     9
-6.80680252631111815891E-17    17     5    10     1
-1.81795886636516555093E-17    17     5    10     5
-6.15382019588783514393E-18    17     5    10     9
 8.09905398108446555883E-02    17     5    10    10
 8.09905398108459184670E-02    17     5    11    11
 8.09905398108460711226E-02    17     5    12    12
 8.09905398108460433670E-02    17     5    13    13
-4.18801895968358359190E-02    17     5    14     2
 2.49554870123175447094E-02    17     5    14     6
 1.04710211008710765701E-01    17     5    14    14
-4.18801895968358706135E-02    17     5    15     3
 2.49554870123175134844E-02    17     5    15     7
 1.04710211008710765701E-01    17     5    15    15
-4.18801895968358775524E-02    17     5    16     4
 2.49554870123174822594E-02    17     5    16     8
 1.04710211008710793457E-01    17     5    16    16
-3.48307895222007141145E-02    17     5    17     1
 2.93244915684816517820E-02    17     5    17     5
 1.49518839970274822898E-02    17     6     2     1
-7.08406504158257468995E-03    17     6     5     2
-4.90647157935010947566E-03    17     6     6     1
-1.47158571168292517245E-02    17     6     6     5
 2.03565354793437542345E-05    17     6     9     2
-4.92016412122856525505E-05    17     6     9     6
 1.42268358322228979755E-03    17     6    10     2
-3.43861887949130405964E-03    17     6    10     6
 1.23220624283433186595E-03    17     6    12     4
-2.97823613065161625288E-03    17     6    12     8
 1.23220624283433078175E-03    17     6    13     3
-2.97823613065161798760E-03    17     6    13     7
-1.13790142848486808963E-02    17     6    14     1
 3.46108060138778771825E-03    17     6    14     5
-5.54499307099351500857E-05    17     6    14     9
-3.87530118727133325585E-03    17     6    14    10
-3.35645281363543572170E-03    17     6    15    13
-3.35645281363543745642E-03    17     6    16    12
-1.06570729092978593033E-02    17     6    17     2
 8.89352375175907899907E-03    17     6    17     6
 1.49518839970274181050E-02    17     7     3     1
-7.08406504158258509829E-03    17     7     5     3
-4.90647157935009906732E-03    17     7     7     1
-1.47158571168292690717E-02    17     7     7     5
-1.24225839235715652085E-03    17     7     9     3
 3.00253212417837247669E-03    17     7     9     7
-6.93712514752956271695E-04    17     7    10     3
 1.67669956854791905865E-03    17     7    10     7
 1.23220624283428372737E-03    17     7    11     4
-2.97823613065164400845E-03    17     7    11     8
 1.23220624283429413572E-03    17     7    13     2
-2.97823613065163663588E-03    17     7    13     6
-3.35645281363544873213E-03    17     7    14    13
-1.13790142848487138560E-02    17     7    15     1
 3.46108060138773784495E-03    17     7    15     5
 3.38383424084792933453E-03    17     7    15     9
 1.88962954500276718306E-03    17     7    15    10
-3.35645281363541533870E-03    17     7    16    11
-1.06570729092978922631E-02    17     7    17     3
 8.89352375175906512128E-03    17     7    17     7
 1.49518839970273677981E-02    17     8     4     1
-7.08406504158255647535E-03    17     8     5     4
-4.90647157935007738327E-03    17     8     8     1
-1.47158571168292708065E-02    17     8     8     5
 1.22190185687780510267E-03    17     8     9     4
-2.95333048296608172839E-03    17     8     9     8
-7.28971068469259474848E-04    17     8    10     4
 1.76191931094337199057E-03    17     8    10     8
 1.23220624283427375271E-03    17     8    11     3
-2.97823613065164184005E-03    17     8    11     7
 1.23220624283428741366E-03    17     8    12     2
-2.97823613065163143171E-03    17     8    12     6
-3.35645281363545393630E-03    17     8    14    12
-3.35645281363541533870E-03    17     8    15    11
-1.13790142848486895699E-02    17     8    16     1
 3.46108060138772440084E-03    17     8    16     5
-3.32838431013800012045E-03    17     8    16     9
 1.98567164226854742451E-03    17     8    16    10
-1.06570729092978939978E-02    17     8    17     4
 8.89352375175905471294E-03    17     8    17     8
 1.98277669932468861933E-17    17     9     1     1
 3.24852338390757512318E-04    17     9     2     2
-1.98241269518689283702E-02    17     9     3     3
 1.94992746134782443668E-02    17     9     4     4
-4.64738684732005226840E-18    17     9     5     1
 1.30612509250885068534E-05    17     9     6     2
 1.16555152144135951413E-04    17     9     6     6
-7.97063360454541521873E-04    17     9     7     3
-7.11278282448553605261E-03    17     9     7     7
 7.84002109529448668046E-04    17     9     8     4
 6.99622767234139505965E-03    17     9     8     8
 2.91082346960844298711E-02    17     9     9     1
 1.57386276796505179820E-02    17     9     9     5
-1.30167625512576587421E-03    17     9     9     9
 9.69248244049131456686E-18    17     9    10     5
-3.03074218304917493427E-02    17     9    10     9
 1.30167625512578452249E-03    17     9    10    10
-4.34010536714281444041E-04    17     9    11    11
 2.64855103734051924858E-02    17     9    12    12
-2.60514998366908889782E-02    17     9    13    13
 2.40167892944506510119E-04    17     9    14     2
 5.47565238072142261051E-05    17     9    14     6
 3.70837330522466276147E-04    17     9    14    14
-1.46562552791853761835E-02    17     9    15     3
-3.34151905685717807992E-03    17     9    15     7
-2.26303629371641286394E-02    17     9    15    15
 1.44160873862408511065E-02    17     9    16     4
 3.28676253304998472471E-03    17     9    16     8
 2.22595256066416488649E-02    17     9    16    16
-1.02777477833477479739E-17    17     9    17     1
 1.43339846681242756041E-18    17     9    17     5
 3.54775182195114502370E-02    17     9    17     9
 3.66317711036532732720E-16    17    10     1     1
 2.27033764792049577719E-02    17    10     2     2
-1.10703578620769543805E-02    17    10     3     3
-1.16330186171272730727E-02    17    10     4     4
-9.04729057719890942260E-17    17    10     5     1
 1.95413182742339843099E-17    17    10     5     5
 9.12828574701691586139E-04    17    10     6     2
 8.14584100834265557867E-03    17    10     6     6
-4.45102912244631405709E-04    17    10     7     3
-3.97198078147254721865E-03    17    10     7     7
-4.67725662457300981733E-04    17    10     8     4
-4.17386022687009621696E-03    17    10     8     8
 2.85174258531859028695E-18    17    10     9     1
 9.04761074089719386448E-18    17    10     9     5
-3.03074218304912289257E-02    17    10     9     9
 2.91082346960842806849E-02    17    10    10     1
 1.57386276796509030906E-02    17    10    10     5
 1.30167625512577107838E-03    17    10    10     9
 3.03074218304923981293E-02    17    10    10    10
-3.03322569872165985483E-02    17    10    11    11
 1.47902643433039226312E-02    17    10    12    12
 1.55419926439134322566E-02    17    10    13    13
 1.67849248638566837799E-02    17    10    14     2
 3.82684016019724411450E-03    17    10    14     6
 2.59171892346600866996E-02    17    10    14    14
-8.18447093546509178708E-03    17    10    15     3
-1.86599953945853027672E-03    17    10    15     7
-1.26374400684256208566E-02    17    10    15    15
-8.60045392839175852628E-03    17    10    16     4
-1.96084062073848030064E-03    17    10    16     8
-1.32797491662336730744E-02    17    10    16    16
-1.74540243132889129523E-16    17    10    17     1
 2.49614455029176441007E-17    17    10    17     5
 1.48424223527939908962E-17    17    10    17     9
 3.54775182195119914708E-02    17    10    17    10
 1.96637133941858846531E-02    17    11     4     3
 7.90613655523979947347E-04    17    11     7     4
 7.90613655523990464108E-04    17    11     8     3
 7.05522736185811624038E-03    17    11     8     7
 2.91082346960842355821E-02    17    11    11     1
 1.57386276796507330877E-02    17    11    11     5
-4.34010536714286648211E-04    17    11    11     9
-3.03322569872168691651E-02    17    11    11    10
 2.62711940024318545139E-02    17    11    13    12
 1.45376592846515346330E-02    17    11    15     4
 3.31448003711734941537E-03    17    11    15     8
 1.45376592846515120816E-02    17    11    16     3
 3.31448003711734551224E-03    17    11    16     7
 2.24472417818540465051E-02    17    11    16    15
 3.54775182195125535212E-02    17    11    17    11
 1.96637133941859054698E-02    17    12     4     2
 7.90613655523997294582E-04    17    12     6     4
 7.90613655523968780064E-04    17    12     8     2
 7.05522736185810756676E-03    17    12     8     6
 2.91082346960842043571E-02    17    12    12     1
 1.57386276796506879849E-02    17    12    12     5
 2.64855103734049912578E-02    17    12    12     9
 1.47902643433037456894E-02    17    12    12    10
 2.62711940024318267584E-02    17    12    13    11
 1.45376592846514877955E-02    17    12    14     4
 3.31448003711734637960E-03    17    12    14     8
 1.45376592846514478968E-02    17    12    16     2
 3.31448003711739321714E-03    17    12    16     6
 2.24472417818541575274E-02    17    12    16    14
 3.54775182195124563767E-02    17    12    17    12
 1.96637133941858950614E-02    17    13     3     2
 7.90613655523998920885E-04    17    13     6     3
 7.90613655523960106447E-04    17    13     7     2
 7.05522736185810496468E-03    17    13     7     6
 2.62711940024318336973E-02    17    13    12    11
 2.91082346960842008876E-02    17    13    13     1
 1.57386276796506775766E-02    17    13    13     5
-2.60514998366907085670E-02    17    13    13     9
 1.55419926439131390883E-02    17    13    13    10
 1.45376592846514721830E-02    17    13    14     3
 3.31448003711734507856E-03    17    13    14     7
 1.45376592846514531010E-02    17    13    15     2
 3.31448003711739928867E-03    17    13    15     6
 2.24472417818541540580E-02    17    13    15    14
 3.54775182195124563767E-02    17    13    17    13
 1.28532671623435540420E-01    17    14     2     1
-3.12522924020479332327E-03    17    14     5     2
-1.95069140552479175499E-02    17    14     6     1
 4.23324845194543927795E-02    17    14     6     5
 1.04437375461606898365E-03    17    14     9     2
 1.08209491288387420378E-04    17    14     9     6
 7.29895024105681050619E-02    17    14    10     2
 7.56257698963655293489E-03    17    14    10     6
 6.32172336788886513048E-02    17    14    12     4
 6.55005419929019939290E-03    17    14    12     8
 6.32172336788886096715E-02    17    14    13     3
 6.55005419929016383107E-03    17    14    13     7
-1.89058571532511286717E-02    17    14    14     1
 3.90288061069945790837E-02    17    14    14     5
 7.85309034071139883473E-04    17    14    14     9
 5.48839104602421509749E-02    17    14    14    10
 4.75357260727677505274E-02    17    14    15    13
 4.75357260727677435885E-02    17    14    16    12
-1.00152827052110496298E-02    17    14    17     2
 6.08426264014722342766E-03    17    14    17     6
 1.00637102577653292368E-01    17    14    17    14
 1.28532671623435734709E-01    17    15     3     1
-3.12522924020466885686E-03    17    15     5     3
-1.95069140552480216333E-02    17    15     7     1
 4.23324845194543789018E-02    17    15     7     5
-6.37329501744458015722E-02    17    15     9     3
-6.60348853674506443279E-03    17    15     9     7
-3.55902970027409740195E-02    17    15    10     3
-3.68757632643194064107E-03    17    15    10     7
 6.32172336788887623271E-02    17    15    11     4
 6.55005419929024536307E-03    17    15    11     8
 6.32172336788886929382E-02    17    15    13     2
 6.55005419929026791448E-03    17    15    13     6
 4.75357260727677713441E-02    17    15    14    13
-1.89058571532512154079E-02    17    15    15     1
 3.90288061069947039838E-02    17    15    15     5
-4.79235152346350681829E-02    17    15    15     9
-2.67618576567935848032E-02    17    15    15    10
 4.75357260727672439882E-02    17    15    16    11
-1.00152827052110860589E-02    17    15    17     3
 6.08426264014720781514E-03    17    15    17     7
 1.00637102577653403390E-01    17    15    17    15
 1.28532671623435790220E-01    17    16     4     1
-3.12522924020472870482E-03    17    16     5     4
-1.95069140552479661221E-02    17    16     8     1
 4.23324845194543997184E-02    17    16     8     5
 6.26885764198297362748E-02    17    16     9     4
 6.49527904545670227432E-03    17    16     9     8
-3.73992054078275265594E-02    17    16    10     4
-3.87500066320461793168E-03    17    16    10     8
 6.32172336788887484493E-02    17    16    11     3
 6.55005419929020980124E-03    17    16    11     7
 6.32172336788886929382E-02    17    16    12     2
 6.55005419929026791448E-03    17    16    12     6
 4.75357260727677644052E-02    17    16    14    12
 4.75357260727671954159E-02    17    16    15    11
-1.89058571532513507163E-02    17    16    16     1
 3.90288061069947178616E-02    17    16    16     5
 4.71382062005639770885E-02    17    16    16     9
-2.81220528034475218682E-02    17    16    16    10
-1.00152827052109507505E-02    17    16    17     4
 6.08426264014711153799E-03    17    16    17     8
 1.00637102577653542168E-01    17    16    17    16
 8.01055521040065832139E-01    17    17     1     1
 7.84050664473086467154E-01    17    17     2     2
 7.84050664473086245110E-01    17    17     3     3
 7.84050664473086467154E-01    17    17     4     4
-7.29685499880904225867E-02    17    17     5     1
 3.74159504409413701254E-01    17    17     5     5
-8.69375653741340514991E-02    17    17     6     2
 3.14165735674667823130E-01    17    17     6     6
-8.69375653741341902769E-02    17    17     7     3
 3.14165735674667656596E-01    17    17     7     7
-8.69375653741338294545E-02    17    17     8     4
 3.14165735674667434552E-01    17    17     8     8
-1.40785440603335992210E-17    17    17     9     1
 1.76681349126535271193E-18    17    17     9     5
 5.70683188308602540317E-01    17    17     9     9
-2.16417484208910102757E-16    17    17    10     1
-2.03806092558550517074E-17    17    17    10     5
-7.38029118423486694413E-17    17    17    10     9
 5.70683188308595656935E-01    17    17    10    10
 5.70683188308589994797E-01    17    17    11    11
 5.70683188308594435689E-01    17    17    12    12
 5.70683188308594435689E-01    17    17    13    13
-1.51222496098498387918E-01    17    17    14     2
 9.87894099560932409387E-02    17    17    14     6
 6.48816989065612359511E-01    17    17    14    14
-1.51222496098498637718E-01    17    17    15     3
 9.87894099560929217496E-02    17    17    15     7
 6.48816989065613136667E-01    17    17    15    15
-1.51222496098498498940E-01    17    17    16     4
 9.87894099560926997050E-02    17    17    16     8
 6.48816989065613469734E-01    17    17    16    16
-1.22953600309643126809E-01    17    17    17     1
 1.08153408600049974475E-01    17    17    17     5
 7.48053908552754959234E-18    17    17    17     9
 1.48817341398487195320E-16    17    17    17    10
 6.67489769724353809721E-01    17    17    17    17
 9.12369517328199953760E-18    18     1     1     1
 3.35466449520905338286E-04    18     1     2     2
-6.15038685767736043042E-02    18     1     3     3
 6.11684021272527467250E-02    18     1     4     4
-2.78300032625892064034E-18    18     1     5     1
-7.30135845102347017920E-05    18     1     6     2
 2.06132736540840942781E-05    18     1     6     6
 1.33861908171441640336E-02    18     1     7     3
-3.77920377900181018310E-03    18     1     7     7
-1.33131772326338954776E-02    18     1     8     4
 3.75859050534770727792E-03    18     1     8     8
 3.65155301558801395623E-02    18     1     9     1
-2.28221765355000926270E-03    18     1     9     5
-5.93644916496318124539E-04    18     1     9     9
-3.49502399014927560110E-04    18     1    10     1
 2.18438714044448559985E-05    18     1    10     5
-1.77929559947419199673E-02    18     1    10     9
 5.93644916496327123417E-04    18     1    10    10
-8.43234046578380391649E-05    18     1    11    11
 1.54597146910767178213E-02    18     1    12    12
-1.53753912864188681947E-02    18     1    13    13
-1.26369245026935057537E-04    18     1    14     2
 4.04796492270031410912E-05    18     1    14     6
 1.61893873303644436623E-04    18     1    14    14
 2.31683300949549024483E-02    18     1    15     3
-7.42147248896881869817E-03    18     1    15     7
-2.96813571708055903842E-02    18     1    15    15
-2.30419608499280136049E-02    18     1    16     4
 7.38099283974181109153E-03    18     1    16     8
 2.95194632975020326837E-02    18     1    16    16
-3.34273247597785679554E-18    18     1    17     1
 1.04720399491331373626E-02    18     1    17     9
-1.00231410284267941275E-04    18     1    17    10
 1.66729207072336370174E-18    18     1    17    17
 8.66644609010667477111E-02    18     1    18     1
 6.96339059278178423677E-04    18     2     2     1
-1.14147353400162273229E-04    18     2     5     2
-1.45336936421842552979E-04    18     2     6     1
 7.49251673416415932532E-05    18     2     6     5
 6.74744253554552132074E-03    18     2     9     2
-1.66331752775393786753E-03    18     2     9     6
 2.41184314473470728674E-04    18     2    10     2
-1.46853491234667840045E-05    18     2    10     6
 6.95277172497079602037E-03    18     2    12     4
-1.67579873799413286289E-03    18     2    12     8
-6.53383083577841958234E-03    18     2    13     3
 1.65007562225045730300E-03    18     2    13     7
-2.37702712040581832630E-04    18     2    14     1
 1.27162749340487527981E-04    18     2    14     5
-5.51745860707408310175E-04    18     2    14     9
 8.99778184606430596034E-05    18     2    14    10
 6.30860419173098264413E-04    18     2    15    13
-4.75092998370017229829E-04    18     2    16    12
-1.94793084571102308265E-04    18     2    17     2
 6.88862383098913966424E-05    18     2    17     6
 3.91003119460851757041E-04    18     2    17    14
 1.85322414539373959974E-02    18     2    18     2
-1.27665660896593813334E-01    18     3     3     1
 2.09275885321373450454E-02    18     3     5     3
 2.66458355218714589008E-02    18     3     7     1
-1.37366572778110894448E-02    18     3     7     5
 5.56856841633646959533E-02    18     3     9     3
-6.56176466924750234622E-03    18     3     9     7
 2.72664124763816011210E-02    18     3    10     3
-2.71976111879841274052E-03    18     3    10     7
-3.50599779827354615658E-02    18     3    11     4
 1.53336967432936028405E-03    18     3    11     8
-4.17479574371033557156E-02    18     3    13     2
 3.18266417151137149047E-03    18     3    13     6
-1.40048516565502486481E-02    18     3    14    13
 4.35800253127144252008E-02    18     3    15     1
-2.33138098741858257323E-02    18     3    15     5
 1.30040820842716991351E-02    18     3    15     9
 7.57593013204708575631E-03    18     3    15    10
-1.45532917622550207054E-02    18     3    16    11
 3.57130445987558151066E-02    18     3    17     3
-1.26294899350168372126E-02    18     3    17     7
-7.16858705446501570657E-02    18     3    17    15
 1.19627040188458697023E-01    18     3    18     3
 1.26969321837315601842E-01    18     4     4     1
-2.08134411787371485791E-02    18     4     5     4
-2.65004985854495229980E-02    18     4     8     1
 1.36617321104694194184E-02    18     4     8     5
 5.46210974807381163809E-02    18     4     9     4
-6.45520543420092032805E-03    18     4     9     8
-2.86279620708051532607E-02    18     4    10     4
 2.87495642966778628541E-03    18     4    10     8
 3.47951857121325883182E-02    18     4    11     3
-1.50686543351729240400E-03    18     4    11     7
 4.15938088185138499231E-02    18     4    12     2
-3.18344529657978766307E-03    18     4    12     6
 1.39224313430819576776E-02    18     4    14    12
 1.44799446549202150830E-02    18     4    15    11
-4.33423226006739228944E-02    18     4    16     1
 2.31866471248453401288E-02    18     4    16     5
 1.27091929868669382270E-02    18     4    16     9
-7.90673739442888240392E-03    18     4    16    10
-3.55182515141846538720E-02    18     4    17     4
 1.25606036967068814686E-02    18     4    17     8
 7.12948674251895342380E-02    18     4    17    16
 1.18527192967256306266E-01    18     4    18     4
-1.01068269462471072205E-17    18     5     1     1
-1.03609273466205182852E-04    18     5     2     2
 1.89955542430579604751E-02    18     5     3     3
-1.88919449695917791854E-02    18     5     4     4
 1.66718616164176755143E-18    18     5     5     1
-1.69082635858019394244E-18    18     5     5     5
 9.80818712375983974147E-06    18     5     6     2
-3.51172143343046205019E-05    18     5     6     6
-1.79821693852699401872E-03    18     5     7     3
 6.43833247194848870554E-03    18     5     7     7
 1.78840875140322741119E-03    18     5     8     4
-6.40321525761418462036E-03    18     5     8     8
-1.49931008371609799518E-02    18     5     9     1
-6.85684023875941621451E-03    18     5     9     5
 4.20160538809791152173E-04    18     5     9     9
 1.43504001965499025737E-04    18     5    10     1
 6.56291200724269543996E-05    18     5    10     5
 1.25932148495307774660E-02    18     5    10     9
-4.20160538809799717370E-04    18     5    10    10
 5.96810755904545297136E-05    18     5    11    11
-1.09418305016159810028E-02    18     5    12    12
 1.08821494260255072217E-02    18     5    13    13
 1.04136626994666103672E-05    18     5    14     2
-1.77637828186474078262E-05    18     5    14     6
-8.10879174801834383922E-05    18     5    14    14
-1.90922383739182974574E-03    18     5    15     3
 3.25678280336159746422E-03    18     5    15     7
 1.48665257792188910263E-02    18     5    15    15
 1.89881017469236009453E-03    18     5    16     4
-3.23901902054294721714E-03    18     5    16     8
-1.47854378617387465650E-02    18     5    16    16
 2.38483870205550608227E-18    18     5    17     1
-1.13944212463212554451E-18    18     5    17     5
-1.08212224002522498789E-02    18     5    17     9
 1.03573552760075104136E-04    18     5    17    10
-5.15294001550702656523E-18    18     5    17    17
-2.09987058961601455453E-02    18     5    18     1
 9.48261141095731868722E-03    18     5    18     5
-2.12188766946884644271E-04    18     6     2     1
 1.00754036568636575025E-05    18     6     5     2
 3.43515223184803341217E-05    18     6     6     1
-7.02978279805552605910E-05    18     6     6     5
-2.71622117123232692873E-03    18     6     9     2
-2.47731893345654399525E-04    18     6     9     6
-9.59622169826871893560E-05    18     6    10     2
-8.90333913318415208439E-06    18     6    10     6
-2.79791685208603379403E-03    18     6    12     4
-2.55311660156133082757E-04    18     6    12     8
 2.63122359270734395079E-03    18     6    13     3
 2.39846653427417826109E-04    18     6    13     7
 4.09569960692308929532E-05    18     6    14     1
-5.81074375655018688660E-05    18     6    14     5
-1.52001642550304025617E-03    18     6    14     9
-6.31578601778966626989E-05    18     6    14    10
 1.46412529059306451701E-03    18     6    15    13
-1.57378919886169764235E-03    18     6    16    12
 2.80402623319928790042E-05    18     6    17     2
-8.19710626961614491793E-06    18     6    17     6
-1.46256454220130709164E-04    18     6    17    14
-4.17805305310136199798E-03    18     6    18     2
 1.42148092672166959441E-03    18     6    18     6
 3.89023404707313225082E-02    18     7     3     1
-1.84720797938082883886E-03    18     7     5     3
-6.29795175376054484906E-03    18     7     7     1
 1.28882884697530397666E-02    18     7     7     5
-2.22360666471903174746E-02    18     7     9     3
-2.05222232142927797291E-03    18     7     9     7
-1.08754316079114968230E-02    18     7    10     3
-1.00539941077007932875E-03    18     7    10     7
 1.39344843826317496549E-02    18     7    11     4
 1.29489047021074808914E-03    18     7    11     8
 1.66267843585597742406E-02    18     7    13     2
 1.54043849559294719967E-03    18     7    13     6
 1.08060484123091750386E-02    18     7    14    13
-7.50898847601286917319E-03    18     7    15     1
 1.06533222874179087092E-02    18     7    15     5
-1.39570190090467245031E-02    18     7    15     9
-6.93125980439327112059E-03    18     7    15    10
 9.29955264378021749516E-03    18     7    16    11
-5.14085570043768848303E-03    18     7    17     3
 1.50284401744582682588E-03    18     7    17     7
 2.68144184066909721520E-02    18     7    17    15
-3.04095505084618147884E-02    18     7    18     3
 1.06195043244606702332E-02    18     7    18     7
-3.86901517037843423186E-02    18     8     4     1
 1.83713257572395679065E-03    18     8     5     4
 6.26360023144201683715E-03    18     8     8     1
-1.28179906417724715634E-02    18     8     8     5
-2.18114382410723901817E-02    18     8     9     4
-2.01296802019643129508E-03    18     8     9     8
 1.14189851476792954277E-02    18     8    10     4
 1.05558317665464156468E-03    18     8    10     8
-1.38288675064737170278E-02    18     8    11     3
-1.28512683543679194498E-03    18     8    11     7
-1.65657079753390445997E-02    18     8    12     2
-1.53473712363818236802E-03    18     8    12     6
-1.07636779343733002268E-02    18     8    14    12
-9.23225921344745376063E-03    18     8    15    11
 7.46803147994362301332E-03    18     8    16     1
-1.05952148498523902181E-02    18     8    16     5
-1.36864684767466996546E-02    18     8    16     9
 7.27355135199587218148E-03    18     8    16    10
 5.11281543810562181390E-03    18     8    17     4
-1.49464691117617474135E-03    18     8    17     8
-2.66681619524707647084E-02    18     8    17    16
-3.01241684715478595658E-02    18     8    18     4
 1.05194356700768973378E-02    18     8    18     8
 1.45294859290602929036E-01    18     9     1     1
 1.23940446008911867026E-01    18     9     2     2
 1.41272109522748740007E-01    18     9     3     3
 1.40895082119416065192E-01    18     9     4     4
-2.87907215120353082716E-02    18     9     5     1
 9.61784157559294333728E-03    18     9     5     5
-2.57647990465306245267E-02    18     9     6     2
 9.80761718118450427639E-03    18     9     6     6
-3.17601613036923371980E-02    18     9     7     3
 6.35669855208889199999E-03    18     9     7     7
-3.16297401319419330123E-02    18     9     8     4
 6.43176871998129770502E-03    18     9     8     8
-1.52084931187789802612E-04    18     9     9     1
 1.65559847228015545465E-04    18     9     9     5
 4.41157115010969783087E-02    18     9     9     9
-4.55834862371701319411E-03    18     9    10     1
 4.96222404061078068566E-03    18     9    10     5
 1.65339725291909705551E-05    18     9    10     9
 4.75706049392407709364E-02    18     9    10    10
 4.75347895348064708454E-02    18     9    11    11
 4.75619446292062444948E-02    18     9    12    12
 4.75613539060641549172E-02    18     9    13    13
-5.14442884307081751971E-02    18     9    14     2
 1.80158910370507747978E-02    18     9    14     6
 7.69487222094021316998E-02    18     9    14    14
-6.16971614142295260441E-02    18     9    15     3
 1.84322364744540605208E-02    18     9    15     7
 7.77436439975187215667E-02    18     9    15    15
-6.14741237309401888922E-02    18     9    16     4
 1.84231794304472867863E-02    18     9    16     8
 7.77263515260032122889E-02    18     9    16    16
-4.77107810060205597691E-02    18     9    17     1
 2.21699336092355397954E-02    18     9    17     5
 8.21140079286261734964E-05    18     9    17     9
 2.46115293675764571640E-03    18     9    17    10
 8.70533209968795823608E-02    18     9    17    17
-4.29859268554741750460E-04    18     9    18     1
 3.80958072198216664349E-05    18     9    18     5
 5.35567716729973136713E-02    18     9    18     9
-1.39066588023845170291E-03    18    10     1     1
-1.07798730999912389591E-03    18    10     2     2
 8.49309953960683365615E-03    18    10     3     3
-1.13021047780227923418E-02    18    10     4     4
 2.75565661921709523317E-04    18    10     5     1
-9.20555908585790491844E-05    18    10     5     5
 2.09144491890754014897E-04    18    10     6     2
-1.15433351912800987479E-04    18    10     6     6
-3.10168212393478791647E-03    18    10     7     3
-2.02113858809097003341E-03    18    10     7     7
 3.74586720357036363771E-03    18    10     8     4
 1.92029722918786232774E-03    18    10     8     8
-4.55834862371690650862E-03    18    10     9     1
 4.96222404061068701059E-03    18    10     9     5
-4.55314231448368999730E-04    18    10     9     9
 1.52084931187796172300E-04    18    10    10     1
-1.65559847228015301519E-04    18    10    10     5
-1.72744671907184557322E-03    18    10    10     9
-4.22246286389968959220E-04    18    10    10    10
-4.54801765036528062892E-04    18    10    11    11
-4.39805872305208352992E-04    18    10    12    12
-4.70820820263161262872E-04    18    10    13    13
 4.28330560491903961085E-04    18    10    14     2
-1.69834813700628714387E-04    18    10    14     6
-7.31535380501355096163E-04    18    10    14    14
-5.23362668353814612654E-03    18    10    15     3
 6.00841630693629269173E-05    18    10    15     7
-2.92554698316352379799E-04    18    10    15    15
 6.47660040398139857237E-03    18    10    16     4
-4.15441050856555358414E-04    18    10    16     8
-1.20046750193935963455E-03    18    10    16    16
 4.56655903646938511175E-04    18    10    17     1
-2.12195878010050688464E-04    18    10    17     5
 2.46115293675722721436E-03    18    10    17     9
-8.21140079286222432636E-05    18    10    17    10
-8.33216562945718591110E-04    18    10    17    17
-1.80726206331387161119E-02    18    10    18     1
 1.60166622418495452514E-03    18    10    18     5
-4.33788092328328360719E-04    18    10    18     9
 8.23934008652807414741E-03    18    10    18    10
-4.68885924637012566334E-05    18    11     4     3
 1.62196835476200683899E-05    18    11     7     4
 1.62196835476200378967E-05    18    11     8     3
 9.33601769361648643384E-06    18    11     8     7
-2.16026766818794491902E-05    18    11    11     1
 2.35167009856483386640E-05    18    11    11     5
-1.70953901685484514761E-03    18    11    11     9
 1.62777393232821369809E-05    18    11    11    10
 7.34646246451822983063E-08    18    11    13    12
 2.77378326969292169724E-05    18    11    15     4
-1.12636917529324261324E-06    18    11    15     8
 2.77378326969292305249E-05    18    11    16     3
-1.12636917529326230675E-06    18    11    16     7
-2.15055893128014513098E-06    18    11    16    15
 1.16637614948394887499E-05    18    11    17    11
 5.25891619146958821246E-03    18    11    18    11
 8.59647762915080257407E-03    18    12     4     2
-2.97369017585641208512E-03    18    12     6     4
-2.97369017585640471255E-03    18    12     8     2
-1.71165016972300767367E-03    18    12     8     6
 3.96059930716129420664E-03    18    12    12     1
-4.31151338336999839784E-03    18    12    12     5
-1.72311656405462355207E-03    18    12    12     9
 8.77979295763926842922E-06    18    12    12    10
-1.34688837766173255864E-05    18    12    13    11
-5.08540874723294004933E-03    18    12    14     4
 2.06506676971791685010E-04    18    12    14     8
-5.08540874723295132503E-03    18    12    16     2
 2.06506676971791901850E-04    18    12    16     6
 3.94279946815874547238E-04    18    12    16    14
-2.13841489995383188250E-03    18    12    17    12
 7.50327870415016563721E-03    18    12    18    12
-8.54958903668709586932E-03    18    13     3     2
 2.95747049230879162710E-03    18    13     6     3
 2.95747049230879032605E-03    18    13     7     2
 1.70231415202938985570E-03    18    13     7     6
 1.33954191519707541938E-05    18    13    12    11
-3.93899663047941276522E-03    18    13    13     1
 4.28799668238434138895E-03    18    13    13     5
-1.72282120248357811278E-03    18    13    13     9
 2.42872669365695922612E-05    18    13    13    10
 5.05767091453599836742E-03    18    13    14     3
-2.05380307796501192924E-04    18    13    14     7
 5.05767091453600357159E-03    18    13    15     2
-2.05380307796495961649E-04    18    13    15     6
-3.92129387884582701618E-04    18    13    15    14
 2.12675113845899304427E-03    18    13    17    13
 7.47886146504546118347E-03    18    13    18    13
-4.21082297128212473987E-04    18    14     2     1
 3.34415128699703159535E-05    18    14     5     2
 7.34292420463463900871E-05    18    14     6     1
-1.11785094367184084999E-04    18    14     6     5
-4.57685037526233545746E-03    18    14     9     2
-4.82333251663212667255E-04    18    14     9     6
-1.72737263787689726644E-04    18    14    10     2
-1.26794772693268580760E-05    18    14    10     6
-4.72391232324160647432E-03    18    14    12     4
-4.93125625912173618480E-04    18    14    12     8
 4.42390879913422477299E-03    18    14    13     3
 4.71079329639273892277E-04    18    14    13     7
 1.17711231640297829559E-04    18    14    14     1
-1.17378155994803486844E-04    18    14    14     5
-2.84244807951626252129E-03    18    14    14     9
-1.06199185888402968360E-04    18    14    14    10
 2.74841394455055659102E-03    18    14    15    13
-2.93286155544621781471E-03    18    14    16    12
 9.91465037415810570643E-05    18    14    17     2
-3.41875664289708488760E-05    18    14    17     6
-2.99389508762575040374E-04    18    14    17    14
-7.89266773808092875209E-03    18    14    18     2
 2.68567738160477428519E-03    18    14    18     6
 6.39398304178685587817E-03    18    14    18    14
 7.72005376381697527854E-02    18    15     3     1
-6.13111211419334507788E-03    18    15     5     3
-1.34623967879966589811E-02    18    15     7     1
 2.04944958359363112177E-02    18    15     7     5
-3.92349298395869017231E-02    18    15     9     3
-3.25058523474604319642E-03    18    15     9     7
-1.93120130943372526888E-02    18    15    10     3
-1.54139483286843434300E-03    18    15    10     7
 2.52328838280218709089E-02    18    15    11     4
 1.78189223534147849100E-03    18    15    11     8
 2.97692701746277189889E-02    18    15    13     2
 2.26003955995352986963E-03    18    15    13     6
 1.83168278373916776358E-02    18    15    14    13
-2.15809841227176911482E-02    18    15    15     1
 2.15199185802318476712E-02    18    15    15     5
-2.41940990673925257481E-02    18    15    15     9
-1.18972488923569565816E-02    18    15    15    10
 1.54994945877884055668E-02    18    15    16    11
-1.81773573621962052094E-02    18    15    17     3
 6.26789234992069371755E-03    18    15    17     7
 5.48895814365269879564E-02    18    15    17    15
-6.04132418558579672996E-02    18    15    18     3
 2.03656083104837223874E-02    18    15    18     7
 4.46414474282688863993E-02    18    15    18    15
-7.67794553410415803185E-02    18    16     4     1
 6.09767060132329966060E-03    18    16     5     4
 1.33889675459502709848E-02    18    16     8     1
-2.03827107415690926551E-02    18    16     8     5
-3.84809891867180647873E-02    18    16     9     4
-3.19036557630884669290E-03    18    16     9     8
 2.02724020834224652465E-02    18    16    10     4
 1.62033938635746028491E-03    18    16    10     8
-2.50453578513861879751E-02    18    16    11     3
-1.76691393404131103992E-03    18    16    11     7
-2.96567926271561130291E-02    18    16    12     2
-2.25297156498078642722E-03    18    16    12     6
-1.82479085323389959850E-02    18    16    14    12
-1.53839662819453965037E-02    18    16    15    11
 2.14632728910773735997E-02    18    16    16     1
-2.14025404242369834962E-02    18    16    16     5
-2.37296221565412648880E-02    18    16    16     9
 1.24893481291171865033E-02    18    16    16    10
 1.80782108584546033492E-02    18    16    17     4
-6.23370478349174767657E-03    18    16    17     8
-5.45901919277643823958E-02    18    16    17    16
-5.98418513568168344841E-02    18    16    18     4
 2.01732618876549543718E-02    18    16    18     8
 4.42253393005505104907E-02    18    16    18    16
 1.58332772061142148009E-18    18    17     1     1
-1.56976104273996171874E-04    18    17     2     2
 2.87797414637168437468E-02    18    17     3     3
-2.86227653594428518846E-02    18    17     4     4
 2.93021917810889360719E-05    18    17     6     2
-2.04201878852133529400E-05    18    17     6     6
-5.37221577564440944119E-03    18    17     7     3
 3.74380375086379819580E-03    18    17     7     7
 5.34291358386330093866E-03    18    17     8     4
-3.72338356297856765825E-03    18    17     8     8
-1.46884883019709755470E-02    18    17     9     1
-3.42732855682622954141E-03    18    17     9     5
 3.25609261855120248139E-04    18    17     9     9
 1.40588453119178981299E-04    18    17    10     1
 3.28041123245253587516E-05    18    17    10     5
 9.75928725518645547032E-03    18    17    10     9
-3.25609261855120790240E-04    18    17    10    10
 4.62506808106635474809E-05    18    17    11    11
-8.47952395307604266106E-03    18    17    12    12
 8.43327327226538886462E-03    18    17    13    13
 7.09568511054436122133E-05    18    17    14     2
-2.97029665669218929740E-05    18    17    14     6
-1.12314054435923944483E-04    18    17    14    14
-1.30091126884472451514E-02    18    17    15     3
 5.44569316747337255763E-03    18    17    15     7
 2.05914745072667548786E-02    18    17    15    15
 1.29381558373417998586E-02    18    17    16     4
-5.41599020090644846237E-03    18    17    16     8
-2.04791604528307864819E-02    18    17    16    16
-1.00897068090334919049E-18    18    17    17     1
-5.94198577737720112779E-03    18    17    17     9
 5.68727408650774302859E-05    18    17    17    10
 3.24360619785752661781E-18    18    17    17    17
-3.50646883095539901865E-02    18    17    18     1
 1.16148063153567737693E-02    18    17    18     5
 8.64133512953261492861E-05    18    17    18     9
 3.63308605825652568624E-03    18    17    18    10
 2.31975128556773518840E-02    18    17    18    17
 9.90011273687666948362E-01    18    18     1     1
 9.04568869960425847587E-01    18    18     2     2
 9.83402891458657113510E-01    18    18     3     3
 9.82545227359550410462E-01    18    18     4     4
-1.08501868821551467059E-01    18    18     5     1
 3.94730713157450230355E-01    18    18     5     5
-1.13181113283474188425E-01    18    18     6     2
 3.21657215494524306720E-01    18    18     6     6
-1.27482987805723119168E-01    18    18     7     3
 3.31490435534614269475E-01    18    18     7     7
-1.27327392491738328184E-01    18    18     8     4
 3.31383456344072679922E-01    18    18     8     8
-7.35660253972495554661E-04    18    18     9     1
-8.65629768952634831656E-05    18    18     9     5
 6.65622284991973400814E-01    18    18     9     9
-3.09294451870824778361E-02    18    18    10     1
-3.63937678385587836533E-03    18    18    10     5
-4.51368067582386036513E-04    18    18    10     9
 6.18468290023617695006E-01    18    18    10    10
 6.45619483685899719916E-01    18    18    11    11
 6.25141913739243215709E-01    18    18    12    12
 6.25364696698255118079E-01    18    18    13    13
-2.03293250184483242915E-01    18    18    14     2
 1.15684037518287222146E-01    18    18    14     6
 7.11979218915285483327E-01    18    18    14    14
-2.23786763245871517247E-01    18    18    15     3
 1.26134962767841030118E-01    18    18    15     7
 7.56241685667855212394E-01    18    18    15    15
-2.23563806835894468561E-01    18    18    16     4
 1.26021263336825589674E-01    18    18    16     8
 7.55760138133554693063E-01    18    18    16    16
-1.80302916160832771286E-01    18    18    17     1
 1.35485073551454060503E-01    18    18    17     5
-3.50408507174932663114E-04    18    18    17     9
-1.47322635105417657636E-02    18    18    17    10
 7.72102694102089093242E-01    18    18    17    17
-8.56847431742902487448E-04    18    18    18     1
 2.50099895210523920364E-04    18    18    18     5
 1.61313301464084041248E-01    18    18    18     9
-1.54398376838672021089E-03    18    18    18    10
 3.65357325119708138510E-04    18    18    18    17
 1.04685359316732817803E+00    18    18    18    18
 2.24915760754330085542E-16    19     1     1     1
 7.08248685130726668424E-02    19     1     2     2
-3.51219117891335974591E-02    19     1     3     3
-3.57029567239385073329E-02    19     1     4     4
-9.20769802606838915459E-17    19     1     5     1
 2.65772192011121889676E-17    19     1     5     5
-1.54148873307323672210E-02    19     1     6     2
 4.35194755916533133205E-03    19     1     6     6
 7.64421204635890375045E-03    19     1     7     3
-2.15812216094308064254E-03    19     1     7     7
 7.77067528437332209063E-03    19     1     8     4
-2.19382539822225632736E-03    19     1     8     8
 3.49502399014925879597E-04    19     1     9     1
-2.18438714044378730589E-05    19     1     9     5
-1.77929559947420379284E-02    19     1     9     9
 3.65155301558802436457E-02    19     1    10     1
-2.28221765355015541316E-03    19     1    10     5
 5.93644916496312161427E-04    19     1    10     9
 1.77929559947419338450E-02    19     1    10    10
-1.78026567365976648438E-02    19     1    11    11
 8.82830215773159829307E-03    19     1    12    12
 8.97435457886616543000E-03    19     1    13    13
-2.66795239163593808640E-02    19     1    14     2
 8.54620734220127610536E-03    19     1    14     6
 3.41796096336239446645E-02    19     1    14    14
 1.32303229817289386833E-02    19     1    15     3
-4.23804726653366579253E-03    19     1    15     7
-1.69496006098131361817E-02    19     1    15    15
 1.34492009346297257399E-02    19     1    16     4
-4.30816007566739260504E-03    19     1    16     8
-1.72300090238091778427E-02    19     1    16    16
-6.41570900564841024488E-17    19     1    17     1
 2.11478619098993902645E-17    19     1    17     5
 1.00231410284291292279E-04    19     1    17     9
 1.04720399491331911390E-02    19     1    17    10
 2.35018947520047994459E-17    19     1    17    17
 2.21639157149000461713E-17    19     1    18     1
-5.07616913316048088337E-18    19     1    18     5
-1.80726206331383656978E-02    19     1    18     9
 4.29859268554748689354E-04    19     1    18    10
-6.02966169407195412555E-02    19     1    18    18
 8.66644609010667754667E-02    19     1    19     1
 1.47013575826518333445E-01    19     2     2     1
-2.40991947398256425861E-02    19     2     5     2
-3.06840503033035706670E-02    19     2     6     1
 1.58184674886859485965E-02    19     2     6     5
 9.88094501106818057928E-04    19     2     9     2
-1.08358656954072110623E-04    19     2     9     6
 7.12887069175533877319E-02    19     2    10     2
-8.12354089304760489110E-03    19     2    10     6
 4.41922043018314544827E-02    19     2    12     4
-2.70750117983603166144E-03    19     2    12     8
 4.42560844441054271337E-02    19     2    13     3
-2.72325439317211859952E-03    19     2    13     7
-5.01846409663889436725E-02    19     2    14     1
 2.68470513658311989158E-02    19     2    14     5
 2.50530781074794796359E-04    19     2    14     9
 1.73260986676616671187E-02    19     2    14    10
 1.64404664002355642427E-02    19     2    15    13
 1.64457048182390652702E-02    19     2    16    12
-4.11254079855322834947E-02    19     2    17     2
 1.45435073391876716620E-02    19     2    17     6
 8.25499675558180046053E-02    19     2    17    14
 6.34997089228690292199E-04    19     2    18     2
-1.64765395834112868441E-04    19     2    18     6
-3.29892458433853140009E-04    19     2    18    14
 1.52592074952497713802E-01    19     2    19     2
-7.29037405982769087798E-02    19     3     3     1
 1.19507428620934611635E-02    19     3     5     3
 1.52161596726022863013E-02    19     3     7     1
-7.84434664604231716989E-03    19     3     7     5
 2.80133226630148862712E-02    19     3     9     3
-2.81343442662899609341E-03    19     3     9     7
 2.23504652897342503959E-02    19     3    10     3
-3.22509375155410850031E-03    19     3    10     7
-2.77865057098669702984E-02    19     3    11     4
 2.79063460362034094706E-03    19     3    11     8
-1.60748252103768800303E-02    19     3    13     2
-9.75336888148318223533E-05    19     3    13     6
-8.63429501486815548228E-03    19     3    14    13
 2.48864638960188053196E-02    19     3    15     1
-1.33133995115716566304E-02    19     3    15     5
 7.73648309466141558682E-03    19     3    15     9
 3.77027072268245775841E-03    19     3    15    10
-7.67389205087181010267E-03    19     3    16    11
 2.03940082330459730720E-02    19     3    17     3
-7.21209643724630370537E-03    19     3    17     7
-4.09363651434969874621E-02    19     3    17    15
 5.77321121738182604921E-02    19     3    18     3
-1.49799967212652217902E-02    19     3    18     7
-2.99928751464584412989E-02    19     3    18    15
 5.14972762179762219570E-02    19     3    19     3
-7.41098352282413413983E-02    19     4     4     1
 1.21484518777320565225E-02    19     4     5     4
 1.54678906307012548754E-02    19     4     8     1
-7.97412084264359846686E-03    19     4     8     5
-2.78810518841716321881E-02    19     4     9     4
 2.78128312183715045713E-03    19     4     9     8
 2.34150519723608230294E-02    19     4    10     4
-3.33165298660066536499E-03    19     4    10     8
-2.81173790914545501662E-02    19     4    11     3
 2.80503486865084925364E-03    19     4    11     7
-1.64695787342384880603E-02    19     4    12     2
-6.73802104482989464192E-05    19     4    12     6
-8.76657434936380271229E-03    19     4    14    12
-7.81140980337100953451E-03    19     4    15    11
 2.52981770703700620251E-02    19     4    16     1
-1.35336518542595232034E-02    19     4    16     5
-7.74618443181494635563E-03    19     4    16     9
 4.06515982008718006896E-03    19     4    16    10
 2.07313997524861473587E-02    19     4    17     4
-7.33141090194129596558E-03    19     4    17     8
-4.16136024123210587766E-02    19     4    17    16
-5.83671092630468971163E-02    19     4    18     4
 1.51447621170992773043E-02    19     4    18     8
 3.03227676048923484864E-02    19     4    18    16
 5.25971234391785710804E-02    19     4    19     4
-4.03821575847468177298E-16    19     5     1     1
-2.18743578693454433781E-02    19     5     2     2
 1.08474506717829433100E-02    19     5     3     3
 1.10269071975616899522E-02    19     5     4     4
 7.40813156962574456885E-17    19     5     5     1
-6.61799319289058830523E-17    19     5     5     5
 2.07073930756371347300E-03    19     5     6     2
-7.41407103847453469864E-03    19     5     6     6
-1.02687551456755849465E-03    19     5     7     3
 3.67662311951355569306E-03    19     5     7     7
-1.04386379299603940241E-03    19     5     8     4
 3.73744791896085757493E-03    19     5     8     8
-1.43504001965491707372E-04    19     5     9     1
-6.56291200724210183927E-05    19     5     9     5
 1.25932148495308347119E-02    19     5     9     9
-1.49931008371609903601E-02    19     5    10     1
-6.85684023875916554697E-03    19     5    10     5
-4.20160538809803295237E-04    19     5    10     9
-1.25932148495309041009E-02    19     5    10    10
 1.26000806860125276476E-02    19     5    11    11
-6.24835501542014663812E-03    19     5    12    12
-6.35172567059327092265E-03    19     5    13    13
 2.19856946196020450884E-03    19     5    14     2
-3.75035293163380632417E-03    19     5    14     6
-1.71195691901083815734E-02    19     5    14    14
-1.09026623453597950458E-03    19     5    15     3
 1.85979257862868780152E-03    19     5    15     7
 8.48956039857615314681E-03    19     5    15    15
-1.10830322742432041405E-03    19     5    16     4
 1.89056035300519810309E-03    19     5    16     8
 8.63000879153177219427E-03    19     5    16    16
 9.49501937489522046601E-17    19     5    17     1
-5.79309823485085886998E-17    19     5    17     5
-1.03573552760084712878E-04    19     5    17     9
-1.08212224002527650918E-02    19     5    17    10
-2.32837803876299888846E-16    19     5    17    17
-7.76199834858072917035E-18    19     5    18     1
-2.68623695760885755163E-18    19     5    18     5
 1.60166622418479796634E-03    19     5    18     9
-3.80958072198237670766E-05    19     5    18    10
 6.75443846585768068449E-18    19     5    18    17
 1.75996064407277254260E-02    19     5    18    18
-2.09987058961604543261E-02    19     5    19     1
 9.48261141095715388849E-03    19     5    19     5
-4.47980462440506349564E-02    19     6     2     1
 2.12715501127606031184E-03    19     6     5     2
 7.25241542009618170295E-03    19     6     6     1
-1.48415271649029352485E-02    19     6     6     5
-3.94356432172766218670E-04    19     6     9     2
-3.64236236341018452200E-05    19     6     9     6
-2.84595962017644109332E-02    19     6    10     2
-2.62754959663528920785E-03    19     6    10     6
-1.75835788026226617908E-02    19     6    12     4
-1.63134090448288269180E-03    19     6    12     8
-1.76092942682098234364E-02    19     6    13     3
-1.63368625301505256478E-03    19     6    13     7
 8.64698650322983514149E-03    19     6    14     1
-1.22678486360888253093E-02    19     6    14     5
-2.49246985127716874295E-04    19     6    14     9
-1.79223195153614088537E-02    19     6    14    10
-1.15835115751104934106E-02    19     6    15    13
-1.15691223018351222601E-02    19     6    16    12
 5.91995979201987744533E-03    19     6    17     2
-1.73060219453335700952E-03    19     6    17     6
-3.08781821673176394560E-02    19     6    17    14
-1.64765395834118397872E-04    19     6    18     2
 5.77746645458911614189E-05    19     6    18     6
 1.11051258997837856528E-04    19     6    18    14
-3.89631283023060825954E-02    19     6    19     2
 1.36187996874511888651E-02    19     6    19     6
 2.22152622594516159504E-02    19     7     3     1
-1.05485195011778250598E-03    19     7     5     3
-3.59645841906162727283E-03    19     7     7     1
 7.35988387758947700673E-03    19     7     7     5
-1.11738258231015713529E-02    19     7     9     3
-1.03291969527101218547E-03    19     7     9     7
-8.93975072580642168840E-03    19     7    10     3
-8.23059168551616465899E-04    19     7    10     7
 1.10833536084264470262E-02    19     7    11     4
 1.02455642138836477452E-03    19     7    11     8
 6.36872232972823110186E-03    19     7    13     2
 5.94564068663871797202E-04    19     7    13     6
 4.42161972450179525940E-03    19     7    14    13
-4.28802345255627822412E-03    19     7    15     1
 6.08360180096385178006E-03    19     7    15     5
-7.11734892934315355184E-03    19     7    15     9
-5.48531693181758019107E-03    19     7    15    10
 7.05972548353210778427E-03    19     7    16    11
-2.93569631650167275211E-03    19     7    17     3
 8.58202194999660265828E-04    19     7    17     7
 1.53124292788368900065E-02    19     7    17    15
-1.49799967212652165860E-02    19     7    18     3
 5.25270662015119710331E-03    19     7    18     7
 1.00964616220443979128E-02    19     7    18    15
-1.27316308469455751612E-02    19     7    19     3
 4.42077628971217911902E-03    19     7    19     7
 2.25827839845989530865E-02    19     8     4     1
-1.07230306115822272839E-03    19     8     5     4
-3.65595700103454185337E-03    19     8     8     1
 7.48164328731353543700E-03    19     8     8     5
 1.11205909324892018158E-02    19     8     9     4
 1.02806289215374730556E-03    19     8     9     8
-9.36437913192430387843E-03    19     8    10     4
-8.62313469784482767785E-04    19     8    10     8
 1.12148564728944011987E-02    19     8    11     3
 1.03677683581903843334E-03    19     8    11     7
 6.52594065978339202272E-03    19     8    12     2
 6.09129831626722376310E-04    19     8    12     6
 4.52378609157839690208E-03    19     8    14    12
 7.14750257733334695004E-03    19     8    15    11
-4.35896305067357513197E-03    19     8    16     1
 6.18424683512493189586E-03    19     8    16     5
 7.08746222704613980381E-03    19     8    16     9
-5.75586746411758075348E-03    19     8    16    10
-2.98426347551819428489E-03    19     8    17     4
 8.72399999533655652433E-04    19     8    17     8
 1.55657528884809975150E-02    19     8    17    16
 1.51447621170992721001E-02    19     8    18     4
-5.31048128469706337551E-03    19     8    18     8
-1.02075128810422410819E-02    19     8    18    16
-1.30170128838594037490E-02    19     8    19     4
 4.52084494409589129904E-03    19     8    19     8
 1.39066588023847555536E-03    19     9     1     1
 1.51334105561092935148E-03    19     9     2     2
 1.10844279052167964811E-02    19     9     3     3
-8.71077641241256930837E-03    19     9     4     4
-2.75565661921696946571E-04    19     9     5     1
 9.20555908586207909680E-05    19     9     5     5
-3.59741889126796233252E-04    19     9     6     2
 2.87497886311731372995E-05    19     9     6     6
-3.67056850495233247256E-03    19     9     7     3
-1.87695544754696327754E-03    19     9     7     7
 3.17698082255280173439E-03    19     9     8     4
 2.06448036973181682507E-03    19     9     8     8
-4.55834862371689349819E-03    19     9     9     1
 4.96222404061062022373E-03    19     9     9     5
 4.22246286390049135970E-04    19     9     9     9
 1.52084931187776033245E-04    19     9    10     1
-1.65559847228020126219E-04    19     9    10     5
-1.72744671907181109559E-03    19     9    10     9
 4.55314231448407163647E-04    19     9    10    10
 4.55483873366804836984E-04    19     9    11    11
 4.70479766098120806388E-04    19     9    12    12
 4.39464818140147784557E-04    19     9    13    13
-6.85872293464826030158E-04    19     9    14     2
 1.80292987291246723392E-04    19     9    14     6
 7.51503006670019941746E-04    19     9    14    14
-6.34782953749472682314E-03    19     9    15     3
 4.10211964061217202425E-04    19     9    15     7
 1.19048368885480131824E-03    19     9    15    15
 5.36239755002450649291E-03    19     9    16     4
-6.53132498646430442084E-05    19     9    16     8
 2.82570885232314155267E-04    19     9    16    16
-4.56655903646929295456E-04    19     9    17     1
 2.12195878010040849329E-04    19     9    17     5
 2.46115293675745576418E-03    19     9    17     9
-8.21140079286408102258E-05    19     9    17    10
 8.33216562945888485590E-04    19     9    17    17
-1.80726206331386189674E-02    19     9    18     1
 1.60166622418497577550E-03    19     9    18     5
 4.33788092328313832410E-04    19     9    18     9
 8.23103622358063030662E-03    19     9    18    10
 3.63308605825629193226E-03    19     9    18    17
 1.27201578865021873617E-03    19     9    18    18
 4.29859268554725595848E-04    19     9    19     1
-3.80958072198174041651E-05    19     9    19     5
 8.23934008652798741124E-03    19     9    19     9
 1.45294859290603567414E-01    19    10     1     1
 1.46797979091806390928E-01    19    10     2     2
 1.29466315577969504069E-01    19    10     3     3
 1.29843342981302123373E-01    19    10     4     4
-2.87907215120352562299E-02    19    10     5     1
 9.61784157559297976647E-03    19    10     5     5
-3.36716679415794972741E-02    19    10     6     2
 5.25643912098550016715E-03    19    10     6     6
-2.76763056844178088889E-02    19    10     7     3
 8.70735775008110030049E-03    19    10     7     7
-2.78067268561679632743E-02    19    10     8     4
 8.63228758218860005302E-03    19    10     8     8
 1.52084931187777009027E-04    19    10     9     1
-1.65559847228017334398E-04    19    10     9     5
 4.75706049392410762477E-02    19    10     9     9
 4.55834862371689870236E-03    19    10    10     1
-4.96222404061072951131E-03    19    10    10     5
-1.65339725292007080459E-05    19    10    10     9
 4.41157115010971864755E-02    19    10    10    10
 4.75706025119116693300E-02    19    10    11    11
 4.75434474175120275197E-02    19    10    12    12
 4.75440381406539228082E-02    19    10    13    13
-6.49660939532101383564E-02    19    10    14     2
 1.85649802575840183749E-02    19    10    14     6
 7.79970896125468382554E-02    19    10    14    14
-5.47132209696891552708E-02    19    10    15     3
 1.81486348201807638769E-02    19    10    15     7
 7.72021678244307341110E-02    19    10    15    15
-5.49362586529784646672E-02    19    10    16     4
 1.81576918641873918947E-02    19    10    16     8
 7.72194602959460768554E-02    19    10    16    16
-4.77107810060216283587E-02    19    10    17     1
 2.21699336092351304006E-02    19    10    17     5
-8.21140079286302934647E-05    19    10    17     9
-2.46115293675770860013E-03    19    10    17    10
 8.70533209968869930995E-02    19    10    17    17
 4.29859268554749556716E-04    19    10    18     1
-3.80958072198251494343E-05    19    10    18     5
 3.70863953628887410563E-02    19    10    18     9
-4.33788092328326680205E-04    19    10    18    10
-8.64133512953217311622E-05    19    10    18    17
 1.32898460840690652018E-01    19    10    18    18
 1.80726206331385669257E-02    19    10    19     1
-1.60166622418514512788E-03    19    10    19     5
 4.33788092328312097686E-04    19    10    19     9
 5.35567716729974940826E-02    19    10    19    10
-9.89928620506478826324E-03    19    11     4     3
 3.42435720837210239367E-03    19    11     7     4
 3.42435720837209588846E-03    19    11     8     3
 1.97105322016752435715E-03    19    11     8     7
-4.56083384108615756680E-03    19    11    11     1
 4.96492945136216279334E-03    19    11    11     5
-1.66187934883783926081E-05    19    11    11     9
-1.72744550540717529095E-03    19    11    11    10
 1.55101125273883021086E-05    19    11    13    12
 5.85610977313411485562E-03    19    11    15     4
-2.37803061531686592582E-04    19    11    15     8
 5.85610977313412005979E-03    19    11    16     3
-2.37803061531691796752E-04    19    11    16     7
-4.54033641082509081127E-04    19    11    16    15
 2.46249476041604520304E-03    19    11    17    11
 1.40972995699670034425E-05    19    11    18    11
 8.23512138230723250709E-03    19    11    19    11
 4.90903639031109711305E-03    19    12     4     2
-1.69813194619246364894E-03    19    12     6     4
-1.69813194619245931213E-03    19    12     8     2
-9.77441381590919786820E-04    19    12     8     6
 2.26170845374679694087E-03    19    12    12     1
-2.46209866521434825315E-03    19    12    12     5
-2.41167398540504278922E-05    19    12    12     9
-1.71386795820743223148E-03    19    12    12    10
-7.69143403250909258998E-06    19    12    13    11
-2.90403321880561195861E-03    19    12    14     4
 1.17926066445994440451E-04    19    12    14     8
-2.90403321880561803014E-03    19    12    16     2
 1.17926066445994264268E-04    19    12    16     6
 2.25154381874426428190E-04    19    12    16    14
-1.22114626644986628765E-03    19    12    17    12
 1.28168600128527785352E-03    19    12    18    12
 5.99075886962665594970E-03    19    12    19    12
 4.99024981475360267930E-03    19    13     3     2
-1.72622526217963289004E-03    19    13     6     3
-1.72622526217963180584E-03    19    13     7     2
-9.93611838576627555419E-04    19    13     7     6
-7.81867849497029435959E-06    19    13    12    11
 2.29912538733927172135E-03    19    13    13     1
-2.50283078614790387845E-03    19    13    13     5
-8.60926587505149100335E-06    19    13    13     9
-1.71416331977849219909E-03    19    13    13    10
-2.95207655432853802516E-03    19    13    14     3
 1.19876995085680713798E-04    19    13    14     7
-2.95207655432854149460E-03    19    13    15     2
 1.19876995085677949082E-04    19    13    15     6
 2.28879259208026084689E-04    19    13    15    14
-1.24134849396631942800E-03    19    13    17    13
-1.29578330085524133161E-03    19    13    18    13
 6.01517610873135606664E-03    19    13    19    13
-8.89003903963643538066E-02    19    14     2     1
 7.06029099266488376768E-03    19    14     5     2
 1.55026424263129541936E-02    19    14     6     1
-2.36004662212426774559E-02    19    14     6     5
-6.97838413985993918746E-04    19    14     9     2
-5.68561947491271361195E-05    19    14     9     6
-5.02849958924491829970E-02    19    14    10     2
-4.13318945681563198330E-03    19    14    10     6
-3.16472402463484209223E-02    19    14    12     4
-2.32496268377202844335E-03    19    14    12     8
-3.16905694771285328937E-02    19    14    13     3
-2.32952970125948266231E-03    19    14    13     7
 2.48516133739818297077E-02    19    14    14     1
-2.47812932605106055195E-02    19    14    14     5
-4.30132553136311393104E-04    19    14    14     9
-3.10016647894507876848E-02    19    14    14    10
-1.94840722758565371153E-02    19    14    15    13
-1.94571625567034715842E-02    19    14    16    12
 2.09321620718157901109E-02    19    14    17     2
-7.21780047027614519300E-03    19    14    17     6
-6.32081766226927216357E-02    19    14    17    14
-3.29892458433870541454E-04    19    14    18     2
 1.11051258997840987162E-04    19    14    18     6
 2.40240139550318854839E-04    19    14    18    14
-7.75391728957565001812E-02    19    14    19     2
 2.61306876715576529013E-02    19    14    19     6
 5.71131968052845662154E-02    19    14    19    14
 4.40855272317850419017E-02    19    15     3     1
-3.50118429664606194834E-03    19    15     5     3
-7.68772962416372843131E-03    19    15     7     1
 1.17034243791348628594E-02    19    15     7     5
-1.98371142445354087247E-02    19    15     9     3
-1.58557155034824487014E-03    19    15     9     7
-1.56269164281245542814E-02    19    15    10     3
-1.36493747373266972357E-03    19    15    10     7
 1.96765021426398775684E-02    19    15    11     4
 1.57273151729512552718E-03    19    15    11     8
 1.17325920459964948284E-02    19    15    13     2
 7.35422022588954693925E-04    19    15    13     6
 7.18864866555247918750E-03    19    15    14    13
-1.23238657700795312122E-02    19    15    15     1
 1.22889941653143725669E-02    19    15    15     5
-1.22211822596049977940E-02    19    15    15     9
-9.65001380157423302442E-03    19    15    15    10
 1.21222324340243981650E-02    19    15    16    11
-1.03802176449712454248E-02    19    15    17     3
 3.57929293411704844627E-03    19    15    17     7
 3.13448093911310246562E-02    19    15    17    15
-2.99928751464585106878E-02    19    15    18     3
 1.00964616220444117906E-02    19    15    18     7
 2.18419437198059153415E-02    19    15    18    15
-2.50185987779791702001E-02    19    15    19     3
 8.45075674267857686328E-03    19    15    19     7
 1.88657324188019753786E-02    19    15    19    15
 4.48148631645789857769E-02    19    16     4     1
-3.55910669601881878357E-03    19    16     5     4
-7.81491280214923964009E-03    19    16     8     1
 1.18970418421077261256E-02    19    16     8     5
 1.97473009332239934910E-02    19    16     9     4
 1.57616266887768185015E-03    19    16     9     8
-1.63808570809934640755E-02    19    16    10     4
-1.42515713216987446703E-03    19    16    10     8
 1.99146482003516797632E-02    19    16    11     3
 1.58954066118305792008E-03    19    16    11     7
 1.20140673344884315460E-02    19    16    12     2
 7.56798183964424680918E-04    19    16    12     6
 7.36183984183193772244E-03    19    16    14    12
 1.22685138911509065279E-02    19    16    15    11
-1.25277476039021302273E-02    19    16    16     1
 1.24922990951961219303E-02    19    16    16     5
 1.21654147618695061134E-02    19    16    16     9
-1.01144907124255493958E-02    19    16    16    10
-1.05519444268444180512E-02    19    16    17     4
 3.63850753615910368563E-03    19    16    17     8
 3.18633672315610863568E-02    19    16    17    16
 3.03227676048923797114E-02    19    16    18     4
-1.02075128810422324083E-02    19    16    18     8
-2.20821838593563100905E-02    19    16    18    16
-2.55899892770204313852E-02    19    16    19     4
 8.64310316550731538854E-03    19    16    19     8
 1.92818405465206531291E-02    19    16    19    16
 1.61815650771215791537E-16    19    17     1     1
-3.31413527665108259557E-02    19    17     2     2
 1.64347310891671885558E-02    19    17     3     3
 1.67066216773440051613E-02    19    17     4     4
-1.25643918263074703645E-17    19    17     5     1
 2.20063976640730880424E-17    19    17     5     5
 6.18638282011333730248E-03    19    17     6     2
-4.31118260573652625073E-03    19    17     6     6
-3.06781496758765613586E-03    19    17     7     3
 2.13790690140969099481E-03    19    17     7     7
-3.11856785252562348706E-03    19    17     8     4
 2.17327570432698357478E-03    19    17     8     8
-1.40588453119170416102E-04    19    17     9     1
-3.28041123245363091935E-05    19    17     9     5
 9.75928725518638261194E-03    19    17     9     9
-1.46884883019713554514E-02    19    17    10     1
-3.42732855682688960369E-03    19    17    10     5
-3.25609261855131957523E-04    19    17    10     9
-9.75928725518670353578E-03    19    17    10    10
 9.76460803080092185069E-03    19    17    11    11
-4.84224975087526807171E-03    19    17    12    12
-4.92235827992406477227E-03    19    17    13    13
 1.49806624681001320648E-02    19    17    14     2
-6.27099581658621847702E-03    19    17    14     6
-2.37121421499995113646E-02    19    17    14    14
-7.42888079841985248669E-03    19    17    15     3
 3.10977438467807633035E-03    19    17    15     7
 1.17588042506561168271E-02    19    17    15    15
-7.55178166967964380196E-03    19    17    16     4
 3.16122143190751677885E-03    19    17    16     8
 1.19533378993433581083E-02    19    17    16    16
-7.82136040630596817891E-17    19    17    17     1
 3.83671134879574020842E-17    19    17    17     5
-5.68727408650460290805E-05    19    17    17     9
-5.94198577737580987956E-03    19    17    17    10
 1.65867371192856618294E-16    19    17    17    17
-4.50965202034112385961E-18    19    17    18     1
 8.40356793759618812780E-18    19    17    18     5
 3.63308605825597317682E-03    19    17    18     9
-8.64133512953198880185E-05    19    17    18    10
-2.64217350376185902790E-17    19    17    18    17
 2.57103071831824812887E-02    19    17    18    18
-3.50646883095531644581E-02    19    17    19     1
 1.16148063153586507401E-02    19    17    19     5
-8.64133512953028660444E-05    19    17    19     9
-3.63308605825550740356E-03    19    17    19    10
 2.31975128556713497407E-02    19    17    19    17
 1.43411807212476585877E-16    19    18     1     1
 4.95172598493803448050E-04    19    18     2     2
 4.50196709348113580096E-02    19    18     3     3
-4.55148435333047607365E-02    19    18     4     4
-2.24593192839734864653E-17    19    18     5     1
 4.26145429231215757016E-17    19    18     5     5
-8.98329964135211403182E-05    19    18     6     2
 6.17644644567957233584E-05    19    18     6     6
-8.16735810892317386223E-03    19    18     7     3
 5.61544777269013493937E-03    19    18     7     7
 8.25719110533660281825E-03    19    18     8     4
-5.67721223714682393657E-03    19    18     8     8
-3.09294451870825160000E-02    19    18     9     1
-3.63937678385567410164E-03    19    18     9     5
 4.51368067582470821122E-04    19    18     9     9
 7.35660253972495988342E-04    19    18    10     1
 8.65629768952636864535E-05    19    18    10     5
 2.35769974841779604569E-02    19    18    10     9
-4.51368067582325809082E-04    19    18    10    10
-1.28623801356413455669E-04    19    18    11    11
-1.16941067196948151469E-02    19    18    12    12
 1.18227305210514468253E-02    19    18    13    13
-1.28723943318081004202E-04    19    18    14     2
 6.56443971033798118198E-05    19    18    14     6
 2.78021598557014431967E-04    19    18    14    14
-1.17032113393157055636E-02    19    18    15     3
 5.96820010900747828508E-03    19    18    15     7
 2.52769254960363183582E-02    19    18    15    15
 1.18319352826336699619E-02    19    18    16     4
-6.03384450611079217741E-03    19    18    16     8
-2.55549470945930674859E-02    19    18    16    16
-2.66151054548469105012E-17    19    18    17     1
 1.67765399759665072119E-17    19    18    17     5
-1.47322635105421283208E-02    19    18    17     9
 3.50408507174943721976E-04    19    18    17    10
 6.76029767440536359769E-17    19    18    17    17
-6.02966169407192151275E-02    19    18    18     1
 1.75996064407282770681E-02    19    18    18     5
 1.35983989868297900153E-04    19    18    18     9
 1.42074203116970450289E-02    19    18    18    10
 2.57103071831793587865E-02    19    18    18    17
 1.45238315881513212191E-16    19    18    18    18
 8.56847431742887525458E-04    19    18    19     1
-2.50099895210535521327E-04    19    18    19     5
 1.42074203116969652316E-02    19    18    19     9
-1.35983989868239027975E-04    19    18    19    10
-3.65357325119701795927E-04    19    18    19    17
 5.71343633335056749756E-02    19    18    19    18
 9.90011273687667392451E-01    19    19     1     1
 1.00910912255866391796E+00    19    19     2     2
 9.30275101060432096922E-01    19    19     3     3
 9.31132765159538466904E-01    19    19     4     4
-1.08501868821551800126E-01    19    19     5     1
 3.94730713157451285067E-01    19    19     5     5
-1.32146549103816429716E-01    19    19     6     2
 3.34696856087616900766E-01    19    19     6     6
-1.17844674581567790406E-01    19    19     7     3
 3.24863636047526660455E-01    19    19     7     7
-1.18000269895551387900E-01    19    19     8     4
 3.24970615238067750408E-01    19    19     8     8
 7.35660253972466172782E-04    19    19     9     1
 8.65629768952759108330E-05    19    19     9     5
 6.18468290023617583984E-01    19    19     9     9
 3.09294451870824500805E-02    19    19    10     1
 3.63937678385584974239E-03    19    19    10     5
 4.51368067582420134671E-04    19    19    10     9
 6.65622284991973955925E-01    19    19    10    10
 6.18464579063032426909E-01    19    19    11    11
 6.38942149009688709071E-01    19    19    12    12
 6.38719366050676695679E-01    19    19    13    13
-2.30469296659681965878E-01    19    19    14     2
 1.29542804897016111676E-01    19    19    14     6
 7.70674809562508777994E-01    19    19    14    14
-2.09975783598294440946E-01    19    19    15     3
 1.19091879647461554304E-01    19    19    15     7
 7.26412342809939937105E-01    19    19    15    15
-2.10198740008271767188E-01    19    19    16     4
 1.19205579078476536781E-01    19    19    16     8
 7.26893890344242898927E-01    19    19    16    16
-1.80302916160831355752E-01    19    19    17     1
 1.35485073551452728235E-01    19    19    17     5
 3.50408507174969471778E-04    19    19    17     9
 1.47322635105424700613E-02    19    19    17    10
 7.72102694102082542926E-01    19    19    17    17
 8.56847431742897174857E-04    19    19    18     1
-2.50099895210543110742E-04    19    19    18     5
 1.32898460840690096907E-01    19    19    18     9
-1.27201578865016474290E-03    19    19    18    10
-3.65357325119679407152E-04    19    19    18    17
 9.32584866500316023163E-01    19    19    18    18
 6.02966169407195204388E-02    19    19    19     1
-1.75996064407291548382E-02    19    19    19     5
 1.54398376838672216245E-03    19    19    19     9
 1.61313301464084374315E-01    19    19    19    10
-2.57103071831780993772E-02    19    19    19    17
 1.63361797859233577176E-16    19    19    19    18
 1.04685359316732928825E+00    19    19    19    19
 6.13368233871344481489E-02    20     1     4     3
-1.33498337743216330398E-02    20     1     7     4
-1.33498337743215931411E-02    20     1     8     3
 3.76893941959553172710E-03    20     1     8     7
 3.65172027199772084027E-02    20     1    11     1
-2.28232218866948610714E-03    20     1    11     5
-2.54706942786208528386E-04    20     1    11     9
-1.78010342871137705600E-02    20     1    11    10
 1.54177259344002275110E-02    20     1    13    12
-2.31054046532890994259E-02    20     1    15     4
 7.40131568732341465350E-03    20     1    15     8
-2.31054046532891306509E-02    20     1    16     3
 7.40131568732344067435E-03    20     1    16     7
 2.96007422753181564934E-02    20     1    16    15
 1.04725196123876002768E-02    20     1    17    11
-8.56253556332311100167E-05    20     1    18    11
-1.80775292514929533660E-02    20     1    19    11
 8.66644609010670807780E-02    20     1    20     1
 6.74337692302944338718E-03    20     2    11     2
-1.66295583403940267810E-03    20     2    11     6
 6.74337692302944165246E-03    20     2    12     3
-1.66295583403940723174E-03    20     2    12     7
 6.74337692302944165246E-03    20     2    13     4
-1.66295583403940224441E-03    20     2    13     8
-5.52982911760931225738E-04    20     2    14    11
-5.52982911760936863589E-04    20     2    15    12
-5.52982911760937405690E-04    20     2    16    13
 1.85292337502387903514E-02    20     2    20     2
 1.27318919544735148497E-01    20     3     4     1
-2.08707489694247225187E-02    20     3     5     4
-2.65734651368722402109E-02    20     3     8     1
 1.36993483641918833288E-02    20     3     8     5
 3.45244834707629719150E-02    20     3     9     4
-1.47994971512353909633E-03    20     3     9     8
-2.84491124077955286065E-02    20     3    10     4
 2.81932844659540417231E-03    20     3    10     8
 5.51581044149765595264E-02    20     3    11     3
-6.50900210788642706594E-03    20     3    11     7
 4.16713505689176796909E-02    20     3    12     2
-3.18309043980756403019E-03    20     3    12     6
 1.39637981362869187385E-02    20     3    14    12
 1.28578323127649767066E-02    20     3    15    11
-4.34616614803038647796E-02    20     3    16     1
 2.32504893078253095651E-02    20     3    16     5
 1.44045192417897125609E-02    20     3    16     9
-7.94963808853337873528E-03    20     3    16    10
-3.56160475732743980748E-02    20     3    17     4
 1.25951881001883977257E-02    20     3    17     8
 7.14911709246651011496E-02    20     3    17    16
 6.32152420910038342905E-02    20     3    18     4
-1.76638865528976132802E-02    20     3    18     8
-3.63117541846125560512E-02    20     3    18    16
-5.83522896389503456516E-02    20     3    19     4
 1.51468903642123942782E-02    20     3    19     8
 3.03315058085216367190E-02    20     3    19    16
 1.19078620429706960593E-01    20     3    20     3
 1.27318919544735092986E-01    20     4     3     1
-2.08707489694247259882E-02    20     4     5     3
-2.65734651368723200082E-02    20     4     7     1
 1.36993483641918867982E-02    20     4     7     5
-3.53243139566445929489E-02    20     4     9     3
 1.56000832015155792287E-03    20     4     9     7
-2.74496775792862773846E-02    20     4    10     3
 2.77583106296733130719E-03    20     4    10     7
 5.51581044149765734042E-02    20     4    11     4
-6.50900210788639584092E-03    20     4    11     8
 4.16713505689176727520E-02    20     4    13     2
-3.18309043980756836700E-03    20     4    13     6
 1.39637981362869117996E-02    20     4    14    13
-4.34616614803037260018E-02    20     4    15     1
 2.32504893078252922178E-02    20     4    15     5
-1.46260712242703479896E-02    20     4    15     9
-7.53425250893023125409E-03    20     4    15    10
 1.28578323127649593594E-02    20     4    16    11
-3.56160475732742870525E-02    20     4    17     3
 1.25951881001884306854E-02    20     4    17     7
 7.14911709246646709381E-02    20     4    17    15
-6.37651718703464570615E-02    20     4    18     3
 1.78065791719841763630E-02    20     4    18     7
 3.65974526389057294717E-02    20     4    18    15
-5.77508389123253876307E-02    20     4    19     3
 1.49788822697479624690E-02    20     4    19     7
 2.99861667593434785828E-02    20     4    19    15
 1.19078620429706877326E-01    20     4    20     4
-1.89439621069168034895E-02    20     5     4     3
 1.79333296136494524560E-03    20     5     7     4
 1.79333296136493115097E-03    20     5     8     3
-6.42084588950059698825E-03    20     5     8     7
-1.49937875839248301035E-02    20     5    11     1
-6.85715431073766288478E-03    20     5    11     5
 1.80272421014347853383E-04    20     5    11     9
 1.25989323745719326852E-02    20     5    11    10
-1.09121123685385346125E-02    20     5    13    12
 1.90403836426077067642E-03    20     5    15     4
-3.24793734512311216625E-03    20     5    15     8
 1.90403836426078412053E-03    20     5    16     3
-3.24793734512311606938E-03    20     5    16     7
-1.48261481302109244390E-02    20     5    16    15
-1.08217180575246891411E-02    20     5    17    11
 7.58845343105174821845E-06    20     5    18    11
 1.60210124511443968535E-03    20     5    19    11
-2.09987058961605271845E-02    20     5    20     1
 9.48261141095734123863E-03    20     5    20     5
-2.71460067295641038765E-03    20     6    11     2
-2.47581933998952642088E-04    20     6    11     6
-2.71460067295641168869E-03    20     6    12     3
-2.47581933998948413699E-04    20     6    12     7
-2.71460067295641255605E-03    20     6    13     4
-2.47581933998949931582E-04    20     6    13     8
-1.51897428355656232031E-03    20     6    14    11
-1.51897428355656036875E-03    20     6    15    12
-1.51897428355655928454E-03    20     6    16    13
-4.17727263142879130103E-03    20     6    20     2
 1.42120727338500112136E-03    20     6    20     6
-3.87966812822655021664E-02    20     7     4     1
 1.84219094200810786302E-03    20     7     5     4
 6.28084644690116416371E-03    20     7     8     1
-1.28532837352319361662E-02    20     7     8     5
-1.37208978752998596307E-02    20     7     9     4
-1.27514508926740975127E-03    20     7     9     8
 1.13466974805368110701E-02    20     7    10     4
 1.04902916630945420608E-03    20     7    10     8
-2.20256336804481589464E-02    20     7    11     3
-2.03276892543006971678E-03    20     7    11     7
-1.65964323345353347017E-02    20     7    12     2
-1.53760505743220118706E-03    20     7    12     6
-1.07849841520204631218E-02    20     7    14    12
-1.38229327191335595731E-02    20     7    15    11
 7.48859397997553213194E-03    20     7    16     1
-1.06243877458522227586E-02    20     7    16     5
-9.16342834317755011719E-03    20     7    16     9
 7.23553621210769500049E-03    20     7    16    10
 5.12689307930096205279E-03    20     7    17     4
-1.49876227641552919184E-03    20     7    17     8
-2.67415901487057343366E-02    20     7    17    16
-1.76638865528976514441E-02    20     7    18     4
 6.28089682327011636365E-03    20     7    18     8
 1.21660198024706230763E-02    20     7    18    16
 1.51468903642124272380E-02    20     7    19     4
-5.31164005515632337007E-03    20     7    19     8
-1.02101817854323081991E-02    20     7    19    16
-3.02672497008412144659E-02    20     7    20     3
 1.05696068239371464281E-02    20     7    20     7
-3.87966812822653980830E-02    20     8     3     1
 1.84219094200808227585E-03    20     8     5     3
 6.28084644690117023524E-03    20     8     7     1
-1.28532837352319274926E-02    20     8     7     5
 1.40399237939281534143E-02    20     8     9     3
 1.30463708587078182355E-03    20     8     9     7
 1.09494804479444186873E-02    20     8    10     3
 1.01211623078640276276E-03    20     8    10     7
-2.20256336804481311908E-02    20     8    11     4
-2.03276892543008185985E-03    20     8    11     8
-1.65964323345353000072E-02    20     8    13     2
-1.53760505743220118706E-03    20     8    13     6
-1.07849841520204561829E-02    20     8    14    13
 7.48859397997548009024E-03    20     8    15     1
-1.06243877458521845947E-02    20     8    15     5
 9.36669461283549942276E-03    20     8    15     9
 6.97039706954701455272E-03    20     8    15    10
-1.38229327191335335523E-02    20     8    16    11
 5.12689307930095598126E-03    20     8    17     3
-1.49876227641552702344E-03    20     8    17     7
-2.67415901487057239283E-02    20     8    17    15
 1.78065791719841208518E-02    20     8    18     3
-6.33093171171961784788E-03    20     8    18     7
-1.22621940927032831159E-02    20     8    18    15
 1.49788822697479156315E-02    20     8    19     3
-5.25190333513942363142E-03    20     8    19     7
-1.00944760120846247636E-02    20     8    19    15
-3.02672497008411103825E-02    20     8    20     4
 1.05696068239370961211E-02    20     8    20     8
-1.41631497049220575609E-04    20     9     4     3
 4.89931120089136357370E-05    20     9     7     4
 4.89931120089135476456E-05    20     9     8     3
 2.82003381408639226639E-05    20     9     8     7
-6.52529597917151987438E-05    20     9    11     1
 7.10344540377487617105E-05    20     9    11     5
-1.70961977316669701092E-03    20     9    11     9
-2.56209854043350394238E-07    20     9    11    10
 2.21906954820232078687E-07    20     9    13    12
 8.37847877990649520094E-05    20     9    15     4
-3.40230627844534083524E-06    20     9    15     8
 8.37847877990649926670E-05    20     9    16     3
-3.40230627844540478623E-06    20     9    16     7
-6.49596980682543624516E-06    20     9    16    15
 3.52315118654882228886E-05    20     9    17    11
 5.25881024593970441278E-03    20     9    18    11
 9.29141553606166632762E-05    20     9    19    11
-2.58639610755982695973E-04    20     9    20     1
 2.29216524373121803527E-05    20     9    20     5
 5.25945865329916981135E-03    20     9    20     9
-9.89838403119085337434E-03    20    10     4     3
 3.42404512873883222143E-03    20    10     7     4
 3.42404512873882571622E-03    20    10     8     3
 1.97087358774930944752E-03    20    10     8     7
-4.56041818837650634461E-03    20    10    11     1
 4.96447697130000982491E-03    20    10    11     5
-2.56209854043354470584E-07    20    10    11     9
-1.72752217737005028635E-03    20    10    11    10
 1.55086990094772009556E-05    20    10    13    12
 5.85557607513499667196E-03    20    10    15     4
-2.37781389291405269824E-04    20    10    15     8
 5.85557607513499927404E-03    20    10    16     3
-2.37781389291410230049E-04    20    10    16     7
-4.53992262615435541659E-04    20    10    16    15
 2.46227034035267217105E-03    20    10    17    11
-3.62358931958827224537E-05    20    10    18    11
 8.23460927275380602519E-03    20    10    19    11
-1.80758817514350134115E-02    20    10    20     1
 1.60195523722490439263E-03    20    10    20     5
 4.25783666120706349848E-05    20    10    20     9
 8.23457892047769514365E-03    20    10    20    10
 1.45301514403211096127E-01    20    11     1     1
 1.23944573692802637033E-01    20    11     2     2
 1.41090832693811202292E-01    20    11     3     3
 1.41090832693811174536E-01    20    11     4     4
-2.87920402475680924093E-02    20    11     5     1
 9.61828211298696930664E-03    20    11     5     5
-2.57654432464038268824E-02    20    11     6     2
 9.80837489464997033806E-03    20    11     6     6
-3.16966704470759766399E-02    20    11     7     3
 6.39437227691844623650E-03    20    11     7     7
-3.16966704470758656176E-02    20    11     8     4
 6.39437227691839592952E-03    20    11     8     8
-6.52529597917168521521E-05    20    11     9     1
 7.10344540377494393368E-05    20    11     9     5
 4.75369717316393644579E-02    20    11     9     9
-4.56041818837641093481E-03    20    11    10     1
 4.96447697130002110061E-03    20    11    10     5
 5.12419708080062908905E-07    20    11    10     9
 4.75727765400464353007E-02    20    11    10    10
 4.41177321853062145984E-02    20    11    11    11
 4.75638290039353886507E-02    20    11    12    12
 4.75638290039353747729E-02    20    11    13    13
-5.14457282724538056407E-02    20    11    14     2
 1.80166790224209477644E-02    20    11    14     6
 7.69521757234807868286E-02    20    11    14    14
-6.15889217137270544855E-02    20    11    15     3
 1.84285706275115965247E-02    20    11    15     7
 7.77385938796906622583E-02    20    11    15    15
-6.15889217137270683633E-02    20    11    16     4
 1.84285706275115514219E-02    20    11    16     8
 7.77385938796907316473E-02    20    11    16    16
-4.77129663594593050879E-02    20    11    17     1
 2.21709490849745609331E-02    20    11    17     5
 3.52315118654856750135E-05    20    11    17     9
 2.46227034035232912948E-03    20    11    17    10
 8.70573084033063882003E-02    20    11    17    17
-8.56253556332250791421E-05    20    11    18     1
 7.58845343104774937591E-06    20    11    18     5
 4.30408499105073630298E-02    20    11    18     9
-4.40154315798077467800E-04    20    11    18    10
 1.72130147641059595546E-05    20    11    18    17
 1.45427414119955494831E-01    20    11    18    18
-1.80775292514929949994E-02    20    11    19     1
 1.60210124511445963467E-03    20    11    19     5
 3.26797791468592631944E-04    20    11    19     9
 3.70892518568791268452E-02    20    11    19    10
 3.63407282344462836607E-03    20    11    19    17
-5.93153432428463673926E-05    20    11    19    18
 1.32904829097229337798E-01    20    11    19    19
 5.35609236044709002833E-02    20    11    20    11
 8.57312950050428436433E-03    20    12     3     2
-2.96561360033607010825E-03    20    12     6     3
-2.96561360033606880721E-03    20    12     7     2
-1.70700130886574036673E-03    20    12     7     6
-1.72304840931467007602E-03    20    12    12    11
 3.94984227548738405650E-03    20    12    13     1
-4.29980326517056827412E-03    20    12    13     5
 1.33199738444644492756E-05    20    12    13     9
-7.94652656490057249380E-06    20    12    13    10
-5.07159672063636855072E-03    20    12    14     3
 2.05945802545279873629E-04    20    12    14     7
-5.07159672063637548961E-03    20    12    15     2
 2.05945802545274669459E-04    20    12    15     6
 3.93209078104459527469E-04    20    12    15    14
-2.13260694135290534632E-03    20    12    17    13
-2.22612463407731398998E-03    20    12    18    13
 1.29935111443993454687E-03    20    12    19    13
 7.49110347097138844913E-03    20    12    20    12
 8.57312950050427569071E-03    20    13     4     2
-2.96561360033606880721E-03    20    13     6     4
-2.96561360033606186831E-03    20    13     8     2
-1.70700130886574210146E-03    20    13     8     6
 3.94984227548738318914E-03    20    13    12     1
-4.29980326517057521302E-03    20    13    12     5
-1.35418807992858662210E-05    20    13    12     9
-7.56217244460373859828E-06    20    13    12    10
-1.72304840931467246126E-03    20    13    13    11
-5.07159672063636594863E-03    20    13    14     4
 2.05945802545275482610E-04    20    13    14     8
-5.07159672063637809170E-03    20    13    16     2
 2.05945802545275238665E-04    20    13    16     6
 3.93209078104456762753E-04    20    13    16    14
-2.13260694135290404527E-03    20    13    17    12
 2.23833339057926284515E-03    20    13    18    12
 1.27820492788132192286E-03    20    13    19    12
 7.49110347097138497968E-03    20    13    20    13
-4.57396186880762011667E-03    20    14    11     2
-4.82107885736884672536E-04    20    14    11     6
-4.57396186880762098403E-03    20    14    12     3
-4.82107885736877679432E-04    20    14    12     7
-4.57396186880762098403E-03    20    14    13     4
-4.82107885736879847836E-04    20    14    13     8
-2.84066961471451679550E-03    20    14    14    11
-2.84066961471451375973E-03    20    14    15    12
-2.84066961471451332605E-03    20    14    16    13
-7.89110518167839176951E-03    20    14    20     2
 2.68515138032368984658E-03    20    14    20     6
 6.39284512923808841134E-03    20    14    20    14
-7.69908601211547749532E-02    20    15     4     1
 6.11445994564656369885E-03    20    15     5     4
 1.34258327689115997128E-02    20    15     8     1
-2.04388325577931490029E-02    20    15     8     5
-2.48536096678904291912E-02    20    15     9     4
-1.75161967518183301837E-03    20    15     9     8
 2.01534426171785588378E-02    20    15    10     4
 1.60637880880553783787E-03    20    15    10     8
-3.88612884429948568510E-02    20    15    11     3
-3.22074664618250509907E-03    20    15    11     7
-2.97133647053795940662E-02    20    15    12     2
-2.25653087470878812096E-03    20    15    12     6
-1.82825732664430515295E-02    20    15    14    12
-2.39639124958720035885E-02    20    15    15    11
 2.15223699303295386287E-02    20    15    16     1
-2.14614702425346103032E-02    20    15    16     5
-1.52658409770018866497E-02    20    15    16     9
 1.24151903298451299351E-02    20    15    16    10
 1.81279874578645847083E-02    20    15    17     4
-6.25086868473602279284E-03    20    15    17     8
-5.47405007241680494068E-02    20    15    17    16
-3.63117541846125282956E-02    20    15    18     4
 1.21660198024705849124E-02    20    15    18     8
 2.51511154357744251553E-02    20    15    18    16
 3.03315058085216297801E-02    20    15    19     4
-1.02101817854323029949E-02    20    15    19     8
-2.20824254622101479040E-02    20    15    19    16
-6.01283278845387986200E-02    20    15    20     3
 2.02696980997099304722E-02    20    15    20     7
 4.44339623206843337133E-02    20    15    20    15
-7.69908601211548304644E-02    20    16     3     1
 6.11445994564656977038E-03    20    16     5     3
 1.34258327689116569587E-02    20    16     7     1
-2.04388325577931628807E-02    20    16     7     5
 2.54200498916421005480E-02    20    16     9     3
 1.79686307288112528599E-03    20    16     9     7
 1.94340995766254034938E-02    20    16    10     3
 1.55560517522273676280E-03    20    16    10     7
-3.88612884429949054232E-02    20    16    11     4
-3.22074664618251637477E-03    20    16    11     8
-2.97133647053796044746E-02    20    16    13     2
-2.25653087470879072304E-03    20    16    13     6
-1.82825732664430654073E-02    20    16    14    13
 2.15223699303295212815E-02    20    16    15     1
-2.14614702425346033643E-02    20    16    15     5
 1.56148053209578217826E-02    20    16    15     9
 1.19733331386869066432E-02    20    16    15    10
-2.39639124958719931802E-02    20    16    16    11
 1.81279874578646922612E-02    20    16    17     3
-6.25086868473605661994E-03    20    16    17     7
-5.47405007241682159402E-02    20    16    17    15
 3.65974526389058057996E-02    20    16    18     3
-1.22621940927033351576E-02    20    16    18     7
-2.53591718334701086979E-02    20    16    18    15
 2.99861667593435687884E-02    20    16    19     3
-1.00944760120846872137E-02    20    16    19     7
-2.18431803059503035214E-02    20    16    19    15
-6.01283278845388610701E-02    20    16    20     4
 2.02696980997098992472E-02    20    16    20     8
 4.44339623206844377967E-02    20    16    20    16
-2.87015753664957608271E-02    20    17     4     3
 5.35762477797508806371E-03    20    17     7     4
 5.35762477797507071647E-03    20    17     8     3
-3.73363553832665312493E-03    20    17     8     7
-1.46891610962057543588E-02    20    17    11     1
-3.42748554281825873816E-03    20    17    11     5
 1.39704623631707082476E-04    20    17    11     9
 9.76371813085490092288E-03    20    17    11    10
-8.45649347191178811511E-03    20    17    13    12
 1.29737797940053314893E-02    20    17    15     4
-5.43090260439216612753E-03    20    17    15     8
 1.29737797940053592449E-02    20    17    16     3
-5.43090260439218347477E-03    20    17    16     7
-2.05355478339725242010E-02    20    17    16    15
-5.94225794519237255492E-03    20    17    17    11
 1.72130147641096390657E-05    20    17    18    11
 3.63407282344496793819E-03    20    17    19    11
-3.50646883095538167141E-02    20    17    20     1
 1.16148063153578423590E-02    20    17    20     5
 5.19935643548774412159E-05    20    17    20     9
 3.63374163132765748072E-03    20    17    20    10
 2.31975128556764602361E-02    20    17    20    17
-2.14418429978086168925E-04    20    18     4     3
 3.88992648418045892174E-05    20    18     7     4
 3.88992648418044536921E-05    20    18     8     3
-2.67450976438186886666E-05    20    18     8     7
-1.46539054708325110557E-04    20    18    11     1
-1.72428192748941776745E-05    20    18    11     5
 1.00037180893366387663E-02    20    18    11     9
-3.14340980951891278998E-05    20    18    11    10
-5.56963645172774905311E-05    20    18    13    12
 5.57397277450423316286E-05    20    18    15     4
-2.84251766082740524614E-05    20    18    15     8
 5.57397277450424942589E-05    20    18    16     3
-2.84251766082741236122E-05    20    18    16     7
-1.20388234009548080751E-04    20    18    16    15
-6.97992464944164042046E-05    20    18    17    11
 7.94663808421241894819E-03    20    18    18    11
 2.96576716214411611236E-05    20    18    19    11
-2.85624354376763775129E-04    20    18    20     1
 8.33691255325370774582E-05    20    18    20     5
 7.94655796213424546470E-03    20    18    20     9
-4.64001442028022086659E-05    20    18    20    10
 1.21789418090301239665E-04    20    18    20    17
 2.95514684589957311867E-02    20    18    20    18
-4.52687806237144427235E-02    20    19     4     3
 8.21255097673911048373E-03    20    19     7     4
 8.21255097673907925870E-03    20    19     8     3
-5.64652002219038877395E-03    20    19     8     7
-3.09378457862770558928E-02    20    19    11     1
-3.64036525763847176179E-03    20    19    11     5
 2.90000410661839279694E-04    20    19    11     9
 2.35793174799171605105E-02    20    19    11    10
-1.17588143292010130492E-02    20    19    13    12
 1.17679693278872551931E-02    20    19    15     4
-6.00122426137446752376E-03    20    19    15     8
 1.17679693278872898876E-02    20    19    16     3
-6.00122426137448573835E-03    20    19    16     7
-2.54167916237969283844E-02    20    19    16    15
-1.47362648704185243698E-02    20    19    17    11
 2.96576716214459045081E-05    20    19    18    11
 1.42079305955756206303E-02    20    19    19    11
-6.03020283302753562493E-02    20    19    20     1
 1.76011859377436623297E-02    20    19    20     5
 1.65638958630530169942E-04    20    19    20     9
 1.42069959921711039957E-02    20    19    20    10
 2.57126145844046825883E-02    20    19    20    17
 1.30648118455062734605E-04    20    19    20    18
 5.71337445104659058526E-02    20    19    20    19
 9.90011273687667170407E-01    20    20     1     1
 9.04566524544232364313E-01    20    20     2     2
 9.82975232117200281579E-01    20    20     3     3
 9.82975232117200392601E-01    20    20     4     4
-1.08501868821552188704E-01    20    20     5     1
 3.94730713157451396089E-01    20    20     5     5
-1.13180687783829961313E-01    20    20     6     2
 3.21656922943249157232E-01    20    20     6     6
-1.27405402898553121727E-01    20    20     7     3
 3.31437092214981243732E-01    20    20     7     7
-1.27405402898552622126E-01    20    20     8     4
 3.31437092214980910665E-01    20    20     8     8
-4.42635289395577468264E-04    20    20     9     1
-5.20835917423496556422E-05    20    20     9     5
 6.45614534262624939487E-01    20    20     9     9
-3.09350262581208484969E-02    20    20    10     1
-3.64003349205859654328E-03    20    20    10     5
-3.88485138023304257208E-04    20    20    10     9
 6.18469528486308761650E-01    20    20    10    10
 6.65626605187292441634E-01    20    20    11    11
 6.25253000601382113999E-01    20    20    12    12
 6.25253000601382002976E-01    20    20    13    13
-2.03292640475419755797E-01    20    20    14     2
 1.15683726589466906454E-01    20    20    14     6
 7.11977902048475774777E-01    20    20    14    14
-2.23675589895413140518E-01    20    20    15     3
 1.26078268516743446925E-01    20    20    15     7
 7.56001570334104866511E-01    20    20    15    15
-2.23675589895413112762E-01    20    20    16     4
 1.26078268516743280392E-01    20    20    16     8
 7.56001570334105199578E-01    20    20    16    16
-1.80302916160829496128E-01    20    20    17     1
 1.35485073551452644969E-01    20    20    17     5
-2.10835328050542551281E-04    20    20    17     9
-1.47349218773080610501E-02    20    20    17    10
 7.72102694102077768967E-01    20    20    17    17
-2.85624354376760522523E-04    20    20    18     1
 8.33691255325259237283E-05    20    20    18     5
 1.45420185539815588482E-01    20    20    18     9
-1.45118347998111538698E-03    20    20    18    10
 1.21789418090304668455E-04    20    20    18    17
 9.87750656249336222992E-01    20    20    18    18
-6.03020283302751550214E-02    20    20    19     1
 1.76011859377431870155E-02    20    20    19     5
 1.21270585112567656771E-03    20    20    19     9
 1.32899309479742738782E-01    20    20    19    10
 2.57126145844060634282E-02    20    20    19    17
-2.61296236909976499832E-04    20    20    19    18
 9.32586104146396088765E-01    20    20    19    19
 1.61320690288380752531E-01    20    20    20    11
 1.04685359316732862212E+00    20    20    20    20
 6.13368233871344550878E-02    21     1     4     2
-1.33498337743216191620E-02    21     1     6     4
-1.33498337743216000800E-02    21     1     8     2
 3.76893941959553476287E-03    21     1     8     6
 3.65172027199772084027E-02    21     1    12     1
-2.28232218866949261235E-03    21     1    12     5
 1.55435013776714370248E-02    21     1    12     9
 8.67993446058377103591E-03    21     1    12    10
 1.54177259344002275110E-02    21     1    13    11
-2.31054046532890439147E-02    21     1    14     4
 7.40131568732340858197E-03    21     1    14     8
-2.31054046532891202426E-02    21     1    16     2
 7.40131568732346235839E-03    21     1    16     6
 2.96007422753181217989E-02    21     1    16    14
 1.04725196123876072157E-02    21     1    17    12
 1.56984122472657826319E-02    21     1    18    12
 8.96461089256001680825E-03    21     1    19    12
 1.56557751853775156681E-02    21     1    20    13
 8.66644609010670807780E-02    21     1    21     1
 1.27318919544735148497E-01    21     2     4     1
-2.08707489694247468048E-02    21     2     5     4
-2.65734651368722263332E-02    21     2     8     1
 1.36993483641918833288E-02    21     2     8     5
 4.14342750876763171730E-02    21     2     9     4
-3.18394437721940563521E-03    21     2     9     8
-1.68669144680684210402E-02    21     2    10     4
-3.69086961172895841924E-05    21     2    10     8
 4.16713505689176935687E-02    21     2    11     3
-3.18309043980761824030E-03    21     2    11     7
 5.51581044149766080986E-02    21     2    12     2
-6.50900210788636635062E-03    21     2    12     6
 1.28578323127649940538E-02    21     2    14    12
 1.39637981362869048607E-02    21     2    15    11
-4.34616614803038647796E-02    21     2    16     1
 2.32504893078253511984E-02    21     2    16     5
 1.38378896833955059020E-02    21     2    16     9
-8.89942298331347463047E-03    21     2    16    10
-3.56160475732742731747E-02    21     2    17     4
 1.25951881001883474187E-02    21     2    17     8
 7.14911709246650317606E-02    21     2    17    16
 8.18962795231098911186E-02    21     2    18     4
-2.18753821518900826160E-02    21     2    18     8
-4.42675084951609440487E-02    21     2    18    16
-2.63468392602381751288E-02    21     2    19     4
 7.93150878256316041459E-03    21     2    19     8
 1.67012403194184040622E-02    21     2    19    16
 8.20201529292293174400E-02    21     2    20     3
-2.19127044379835989041E-02    21     2    20     7
-4.43461175211819352837E-02    21     2    20    15
 1.19078620429706974471E-01    21     2    21     2
 6.74337692302944078510E-03    21     3    11     2
-1.66295583403940311178E-03    21     3    11     6
 6.74337692302943991773E-03    21     3    12     3
-1.66295583403940723174E-03    21     3    12     7
 6.74337692302943905037E-03    21     3    13     4
-1.66295583403940289494E-03    21     3    13     8
-5.52982911760931984679E-04    21     3    14    11
-5.52982911760937730951E-04    21     3    15    12
-5.52982911760938273052E-04    21     3    16    13
 1.85292337502387903514E-02    21     3    20     2
-4.17727263142879130103E-03    21     3    20     6
-7.89110518167838136117E-03    21     3    20    14
 1.85292337502387903514E-02    21     3    21     3
 1.27318919544735120741E-01    21     4     2     1
-2.08707489694248057854E-02    21     4     5     2
-2.65734651368722887832E-02    21     4     6     1
 1.36993483641919041455E-02    21     4     6     5
 7.37541232488842304904E-03    21     4     9     2
-1.70163519880193471988E-03    21     4     9     6
 4.41236359421144364035E-02    21     4    10     2
-2.69133827291820511285E-03    21     4    10     6
 5.51581044149765734042E-02    21     4    12     4
-6.50900210788639584092E-03    21     4    12     8
 4.16713505689176727520E-02    21     4    13     3
-3.18309043980761997503E-03    21     4    13     7
-4.34616614803036357961E-02    21     4    14     1
 2.32504893078252852789E-02    21     4    14     5
-3.17671085332502350484E-04    21     4    14     9
 1.64494986369584407504E-02    21     4    14    10
 1.39637981362868840440E-02    21     4    15    13
 1.28578323127649593594E-02    21     4    16    12
-3.56160475732741621524E-02    21     4    17     2
 1.25951881001885139522E-02    21     4    17     6
 7.14911709246643933824E-02    21     4    17    14
 1.89269441508166103016E-02    21     4    18     2
-4.28564856729686961129E-03    21     4    18     6
-8.11197747290873238946E-03    21     4    18    14
 8.39221503766678367242E-02    21     4    19     2
-2.28708196664819500554E-02    21     4    19     6
-4.66126544841110809769E-02    21     4    19    14
 1.19078620429706877326E-01    21     4    21     4
-1.89439621069168243062E-02    21     5     4     2
 1.79333296136493830671E-03    21     5     6     4
 1.79333296136494090879E-03    21     5     8     2
-6.42084588950060392715E-03    21     5     8     6
-1.49937875839248543897E-02    21     5    12     1
-6.85715431073764813963E-03    21     5    12     5
-1.10011317074486924400E-02    21     5    12     9
-6.14334569108585491770E-03    21     5    12    10
-1.09121123685385398167E-02    21     5    13    11
 1.90403836426075463023E-03    21     5    14     4
-3.24793734512309872214E-03    21     5    14     8
 1.90403836426078390369E-03    21     5    16     2
-3.24793734512313211557E-03    21     5    16     6
-1.48261481302109122959E-02    21     5    16    14
-1.08217180575246995494E-02    21     5    17    12
-1.39125460441930082212E-03    21     5    18    12
-7.94478829110469887687E-04    21     5    19    12
-1.38747594147322684567E-03    21     5    20    13
-2.09987058961605584095E-02    21     5    21     1
 9.48261141095735164697E-03    21     5    21     5
-3.87966812822655021664E-02    21     6     4     1
 1.84219094200809940624E-03    21     6     5     4
 6.28084644690115895954E-03    21     6     8     1
-1.28532837352319431051E-02    21     6     8     5
-1.65024901231249770950E-02    21     6     9     4
-1.52883691037899007228E-03    21     6     9     8
 6.68419044876720786635E-03    21     6    10     4
 6.23790743690183155379E-04    21     6    10     8
-1.65964323345353451100E-02    21     6    11     3
-1.53760505743217863565E-03    21     6    11     7
-2.20256336804481728242E-02    21     6    12     2
-2.03276892543011265119E-03    21     6    12     6
-1.38229327191335786551E-02    21     6    14    12
-1.07849841520204596523E-02    21     6    15    11
 7.48859397997553386667E-03    21     6    16     1
-1.06243877458522349017E-02    21     6    16     5
-1.07198882431101451956E-02    21     6    16     9
 4.62659694943286844276E-03    21     6    16    10
 5.12689307930093863402E-03    21     6    17     4
-1.49876227641553244445E-03    21     6    17     8
-2.67415901487057725006E-02    21     6    17    16
-2.18753821518901277188E-02    21     6    18     4
 7.71374756231076735835E-03    21     6    18     8
 1.48731697107096598465E-02    21     6    18    16
 7.93150878256318470072E-03    21     6    19     4
-2.85679602440398966792E-03    21     6    19     8
-5.57213358437421042713E-03    21     6    19    16
-2.19127044379835884957E-02    21     6    20     3
 7.72719227716713898124E-03    21     6    20     7
 1.48993953390625342992E-02    21     6    20    15
-3.02672497008411832409E-02    21     6    21     2
 1.05696068239371464281E-02    21     6    21     6
-2.71460067295640995397E-03    21     7    11     2
-2.47581933998950798944E-04    21     7    11     6
-2.71460067295640995397E-03    21     7    12     3
-2.47581933998946570556E-04    21     7    12     7
-2.71460067295641038765E-03    21     7    13     4
-2.47581933998948088439E-04    21     7    13     8
-1.51897428355655863402E-03    21     7    14    11
-1.51897428355655733298E-03    21     7    15    12
-1.51897428355655668246E-03    21     7    16    13
-4.17727263142879477048E-03    21     7    20     2
 1.42120727338500133820E-03    21     7    20     6
 2.68515138032368507609E-03    21     7    20    14
-4.17727263142879390312E-03    21     7    21     3
 1.42120727338500068768E-03    21     7    21     7
-3.87966812822653980830E-02    21     8     2     1
 1.84219094200811198299E-03    21     8     5     2
 6.28084644690115288801E-03    21     8     6     1
-1.28532837352319413704E-02    21     8     6     5
-2.96607932955180071677E-03    21     8     9     2
-2.70913362701112213002E-04    21     8     9     6
-1.75559948630099604827E-02    21     8    10     2
-1.62882262397129914770E-03    21     8    10     6
-2.20256336804481311908E-02    21     8    12     4
-2.03276892543008359457E-03    21     8    12     8
-1.65964323345353000072E-02    21     8    13     3
-1.53760505743217386516E-03    21     8    13     7
 7.48859397997544626313E-03    21     8    14     1
-1.06243877458521637780E-02    21     8    14     5
-1.68444399809875976909E-03    21     8    14     9
-1.15535298370040388771E-02    21     8    14    10
-1.07849841520204527134E-02    21     8    15    13
-1.38229327191335300828E-02    21     8    16    12
 5.12689307930093342985E-03    21     8    17     2
-1.49876227641557928198E-03    21     8    17     6
-2.67415901487055955588E-02    21     8    17    14
-4.28564856729686440712E-03    21     8    18     2
 1.45956681188929085491E-03    21     8    18     6
 2.75926690220622706368E-03    21     8    18    14
-2.28708196664818667887E-02    21     8    19     2
 8.09523623507906603392E-03    21     8    19     6
 1.56411731046002325241E-02    21     8    19    14
-3.02672497008411103825E-02    21     8    21     4
 1.05696068239370961211E-02    21     8    21     8
 8.64306777595004634140E-03    21     9     4     2
-2.98980662119663256199E-03    21     9     6     4
-2.98980662119662562309E-03    21     9     8     2
-1.72092676370912416213E-03    21     9     8     6
 3.98206448291047419852E-03    21     9    12     1
-4.33488040066752188667E-03    21     9    12     5
-1.72326846056153728040E-03    21     9    12     9
-7.62386348746831707846E-06    21     9    12    10
-1.35418807992880837533E-05    21     9    13    11
-5.11297002875878755374E-03    21     9    14     4
 2.07625876812720701076E-04    21     9    14     8
-5.11297002875879796208E-03    21     9    16     2
 2.07625876812720945022E-04    21     9    16     6
 3.96416817449929924366E-04    21     9    16    14
-2.15000442166310206868E-03    21     9    17    12
 7.51520192348876462513E-03    21     9    18    12
 1.33896423562607116801E-03    21     9    19    12
 2.25046443840507459297E-03    21     9    20    13
 1.57834925979241959271E-02    21     9    21     1
-1.39879475738092780117E-03    21     9    21     5
 7.52767280082073005076E-03    21     9    21     9
 4.82653554117472034096E-03    21    10     4     2
-1.66959328475922816511E-03    21    10     6     4
-1.66959328475922426198E-03    21    10     8     2
-9.61014584649368358397E-04    21    10     8     6
 2.22369837333647509675E-03    21    10    12     1
-2.42072084390938064777E-03    21    10    12     5
-7.62386348748290637394E-06    21    10    12     9
-1.71387348997522909883E-03    21    10    12    10
-7.56217244460553939033E-06    21    10    13    11
-2.85522828288279403169E-03    21    10    14     4
 1.15944210977105780641E-04    21    10    14     8
-2.85522828288280097059E-03    21    10    16     2
 1.15944210977105590906E-04    21    10    16     6
 2.21370456432757369827E-04    21    10    16    14
-1.20062378588708332933E-03    21    10    17    12
 1.20981418706957340181E-03    21    10    18    12
 5.97821759520473540450E-03    21    10    19    12
 1.25672352429493359473E-03    21    10    20    13
 8.81395240237786876947E-03    21    10    21     1
-7.81126885304999490911E-04    21    10    21     5
 1.26697568203922679084E-03    21    10    21     9
 5.96636477295610367921E-03    21    10    21    10
 8.57312950050428436433E-03    21    11     3     2
-2.96561360033607010825E-03    21    11     6     3
-2.96561360033606880721E-03    21    11     7     2
-1.70700130886574036673E-03    21    11     7     6
-1.72304840931467007602E-03    21    11    12    11
 3.94984227548738405650E-03    21    11    13     1
-4.29980326517056827412E-03    21    11    13     5
 1.33199738444644086180E-05    21    11    13     9
-7.94652656490331010428E-06    21    11    13    10
-5.07159672063636855072E-03    21    11    14     3
 2.05945802545279873629E-04    21    11    14     7
-5.07159672063637548961E-03    21    11    15     2
 2.05945802545274669459E-04    21    11    15     6
 3.93209078104459527469E-04    21    11    15    14
-2.13260694135290534632E-03    21    11    17    13
-2.22612463407731398998E-03    21    11    18    13
 1.29935111443993606475E-03    21    11    19    13
 7.49110347097138844913E-03    21    11    20    12
 7.49110347097138844913E-03    21    11    21    11
 1.45301514403211012860E-01    21    12     1     1
 1.41090832693811091270E-01    21    12     2     2
 1.23944573692802595399E-01    21    12     3     3
 1.41090832693811174536E-01    21    12     4     4
-2.87920402475680889398E-02    21    12     5     1
 9.61828211298691379549E-03    21    12     5     5
-3.16966704470758864343E-02    21    12     6     2
 6.39437227691838205174E-03    21    12     6     6
-2.57654432464038581074E-02    21    12     7     3
 9.80837489464997901167E-03    21    12     7     7
-3.16966704470758656176E-02    21    12     8     4
 6.39437227691840286842E-03    21    12     8     8
 3.98206448291050889299E-03    21    12     9     1
-4.33488040066757479574E-03    21    12     9     5
 4.75642691064292744141E-02    21    12     9     9
 2.22369837333642435609E-03    21    12    10     1
-2.42072084390928176853E-03    21    12    10     5
 1.52477269749965990074E-05    21    12    10     9
 4.75454791652567265725E-02    21    12    10    10
 4.75638290039353886507E-02    21    12    11    11
 4.41177321853062145984E-02    21    12    12    12
 4.75638290039354302841E-02    21    12    13    13
-6.15889217137268046853E-02    21    12    14     2
 1.84285706275115652997E-02    21    12    14     6
 7.77385938796903847026E-02    21    12    14    14
-5.14457282724538264573E-02    21    12    15     3
 1.80166790224210379701E-02    21    12    15     7
 7.69521757234806480508E-02    21    12    15    15
-6.15889217137270753022E-02    21    12    16     4
 1.84285706275115028496E-02    21    12    16     8
 7.77385938796911618587E-02    21    12    16    16
-4.77129663594589303877E-02    21    12    17     1
 2.21709490849748384889E-02    21    12    17     5
-2.15000442166330546501E-03    21    12    17     9
-1.20062378588706858418E-03    21    12    17    10
 8.70573084033033628426E-02    21    12    17    17
 1.56984122472657652847E-02    21    12    18     1
-1.39125460441929171482E-03    21    12    18     5
 3.85280665554090101521E-02    21    12    18     9
-2.93225447632904090423E-03    21    12    18    10
-3.15580589168774428357E-03    21    12    18    17
 1.35984106758828299233E-01    21    12    18    18
 8.96461089256010527915E-03    21    12    19     1
-7.94478829110525290418E-04    21    12    19     5
-2.16530236906231675700E-03    21    12    19     9
 4.16020352119773756394E-02    21    12    19    10
-1.80212950366133092817E-03    21    12    19    17
-5.39278070374442797946E-03    21    12    19    18
 1.42348136458356727685E-01    21    12    19    19
 3.85787166625282673671E-02    21    12    20    11
 1.36035334877481872695E-01    21    12    20    20
 5.35609236044709002833E-02    21    12    21    12
 8.57312950050427395599E-03    21    13     4     3
-2.96561360033606880721E-03    21    13     7     4
-2.96561360033606273567E-03    21    13     8     3
-1.70700130886574036673E-03    21    13     8     7
 3.94984227548738318914E-03    21    13    11     1
-4.29980326517057261093E-03    21    13    11     5
 2.21906954820021882168E-07    21    13    11     9
 1.55086990094903740120E-05    21    13    11    10
-1.72304840931466899182E-03    21    13    13    12
-5.07159672063637288753E-03    21    13    15     4
 2.05945802545275672346E-04    21    13    15     8
-5.07159672063637722433E-03    21    13    16     3
 2.05945802545280198890E-04    21    13    16     7
 3.93209078104446354412E-04    21    13    16    15
-2.13260694135290881576E-03    21    13    17    11
-1.22087565019482825778E-05    21    13    18    11
-2.57755604232125365080E-03    21    13    19    11
 1.56557751853775226070E-02    21    13    20     1
-1.38747594147321752153E-03    21    13    20     5
-3.68777216296107621519E-05    21    13    20     9
-2.57732113611974615608E-03    21    13    20    10
-3.14723468786232618219E-03    21    13    20    17
-2.56845851536177431846E-05    21    13    20    18
-5.42262085796005322003E-03    21    13    20    19
 7.49110347097138151023E-03    21    13    21    13
-7.69908601211546778087E-02    21    14     4     1
 6.11445994564659752596E-03    21    14     5     4
 1.34258327689115632836E-02    21    14     8     1
-2.04388325577931351251E-02    21    14     8     5
-2.95404488788550342870E-02    21    14     9     4
-2.24562513644201286120E-03    21    14     9     8
 1.22973591833172891941E-02    21    14    10     4
 7.78326480625831751241E-04    21    14    10     8
-2.97133647053795524329E-02    21    14    11     3
-2.25653087470873868134E-03    21    14    11     7
-3.88612884429948429732E-02    21    14    12     2
-3.22074664618255497237E-03    21    14    12     6
-2.39639124958719307301E-02    21    14    14    12
-1.82825732664430203045E-02    21    14    15    11
 2.15223699303296080176E-02    21    14    16     1
-2.14614702425346276504E-02    21    14    16     5
-1.81766133265558495202E-02    21    14    16     9
 7.53615151375427484715E-03    21    14    16    10
 1.81279874578644771554E-02    21    14    17     4
-6.25086868473588054551E-03    21    14    17     8
-5.47405007241683408403E-02    21    14    17    16
-4.42675084951607358819E-02    21    14    18     4
 1.48731697107095540283E-02    21    14    18     8
 3.15963349611318652932E-02    21    14    18    16
 1.67012403194183554900E-02    21    14    19     4
-5.57213358437419134517E-03    21    14    19     8
-1.10400968737446262408E-02    21    14    19    16
-4.43461175211818936504E-02    21    14    20     3
 1.48993953390625169519E-02    21    14    20     7
 3.16482720622080840323E-02    21    14    20    15
-6.01283278845386945366E-02    21    14    21     2
 2.02696980997099131250E-02    21    14    21     6
 4.44339623206841810577E-02    21    14    21    14
-4.57396186880762705557E-03    21    15    11     2
-4.82107885736883154653E-04    21    15    11     6
-4.57396186880762705557E-03    21    15    12     3
-4.82107885736876595230E-04    21    15    12     7
-4.57396186880762792293E-03    21    15    13     4
-4.82107885736877787852E-04    21    15    13     8
-2.84066961471451809654E-03    21    15    14    11
-2.84066961471451592813E-03    21    15    15    12
-2.84066961471451549445E-03    21    15    16    13
-7.89110518167840044312E-03    21    15    20     2
 2.68515138032369331603E-03    21    15    20     6
 6.39284512923807626827E-03    21    15    20    14
-7.89110518167840044312E-03    21    15    21     3
 2.68515138032368941290E-03    21    15    21     7
 6.39284512923809708496E-03    21    15    21    15
-7.69908601211548304644E-02    21    16     2     1
 6.11445994564664523085E-03    21    16     5     2
 1.34258327689116274684E-02    21    16     6     1
-2.04388325577931732890E-02    21    16     6     5
-5.02658844624334199408E-03    21    16     9     2
-5.15355018935686353711E-04    21    16     9     6
-3.16005786567249355445E-02    21    16    10     2
-2.32013654087893320815E-03    21    16    10     6
-3.88612884429949054232E-02    21    16    12     4
-3.22074664618250943587E-03    21    16    12     8
-2.97133647053795975357E-02    21    16    13     3
-2.25653087470873954870E-03    21    16    13     7
 2.15223699303294900564E-02    21    16    14     1
-2.14614702425346068337E-02    21    16    14     5
-3.11894972996388597855E-03    21    16    14     9
-1.94282012611396957824E-02    21    16    14    10
-1.82825732664430654073E-02    21    16    15    13
-2.39639124958720486913E-02    21    16    16    12
 1.81279874578645361360E-02    21    16    17     2
-6.25086868473604707896E-03    21    16    17     6
-5.47405007241681673680E-02    21    16    17    14
-8.11197747290878269644E-03    21    16    18     2
 2.75926690220624744668E-03    21    16    18     6
 6.54838370956313878257E-03    21    16    18    14
-4.66126544841112405715E-02    21    16    19     2
 1.56411731046003019130E-02    21    16    19     6
 3.28227176320005920029E-02    21    16    19    14
-6.01283278845388610701E-02    21    16    21     4
 2.02696980997098923083E-02    21    16    21     8
 4.44339623206845071857E-02    21    16    21    16
-2.87015753664957191937E-02    21    17     4     2
 5.35762477797509847205E-03    21    17     6     4
 5.35762477797508546162E-03    21    17     8     2
-3.73363553832664878812E-03    21    17     8     6
-1.46891610962056433365E-02    21    17    12     1
-3.42748554281829473367E-03    21    17    12     5
-8.52548024852690933262E-03    21    17    12     9
-4.76087131233622097570E-03    21    17    12    10
-8.45649347191176382899E-03    21    17    13    11
 1.29737797940052915907E-02    21    17    14     4
-5.43090260439218000532E-03    21    17    14     8
 1.29737797940053366935E-02    21    17    16     2
-5.43090260439221990396E-03    21    17    16     6
-2.05355478339724166481E-02    21    17    16    14
-5.94225794519248964876E-03    21    17    17    12
-3.15580589168798974695E-03    21    17    18    12
-1.80212950366108286271E-03    21    17    19    12
-3.14723468786225766061E-03    21    17    20    13
-3.50646883095538097752E-02    21    17    21     1
 1.16148063153578787882E-02    21    17    21     5
-3.17290934569633463827E-03    21    17    21     9
-1.77184306809928288247E-03    21    17    21    10
 2.31975128556766579946E-02    21    17    21    17
 3.93111232334705448799E-02    21    18     4     2
-7.13172740815167394840E-03    21    18     6     4
-7.13172740815166700951E-03    21    18     8     2
 4.90340233101626329221E-03    21    18     8     6
 2.68662299166354777424E-02    21    18    12     1
 3.16127020180660646062E-03    21    18    12     5
 2.02973801298948208771E-02    21    18    12     9
 5.65304813940148680879E-03    21    18    12    10
 1.02112801097311977488E-02    21    18    13    11
-1.02192302527789619787E-02    21    18    14     4
 5.21142525246193113325E-03    21    18    14     8
-1.02192302527790226940E-02    21    18    16     2
 5.21142525246197623606E-03    21    18    16     6
 2.20717813459084359617E-02    21    18    16    14
 1.27968793579258579424E-02    21    18    17    12
 1.26682917647760896057E-02    21    18    18    12
 2.69639035187217062164E-03    21    18    19    12
 4.70896971066158374908E-03    21    18    20    13
 5.23659006109358018954E-02    21    18    21     1
-1.52847587215856929588E-02    21    18    21     5
 1.26935184058676181484E-02    21    18    21     9
 2.57501993139141582140E-03    21    18    21    10
-2.23286721368580326486E-02    21    18    21    17
 5.03513200871370733558E-02    21    18    21    18
 2.24486985044566877967E-02    21    19     4     2
-4.07258773682801951399E-03    21    19     6     4
-4.07258773682801777927E-03    21    19     8     2
 2.80009807710895636951E-03    21    19     8     6
 1.53420163491145879198E-02    21    19    12     1
 1.80524990929431354558E-03    21    19    12     5
 5.97448264815852395776E-03    21    19    12     9
 1.32856554393589870733E-02    21    19    12    10
 5.83117269803011106094E-03    21    19    13    11
-5.83571264371641508506E-03    21    19    14     4
 2.97599520563743150450E-03    21    19    14     8
-5.83571264371644717744E-03    21    19    16     2
 2.97599520563745795904E-03    21    19    16     6
 1.26041365429294480865E-02    21    19    16    14
 7.30768451458002794852E-03    21    19    17    12
 2.69639035187219143833E-03    21    19    18    12
 9.48627691501195170753E-03    21    19    19    12
 2.68906692575132970011E-03    21    19    20    13
 2.99036562183079696053E-02    21    19    21     1
-8.72839318826942878182E-03    21    19    21     5
 2.78705903422476596737E-03    21    19    21     9
 9.46003554843766365778E-03    21    19    21    10
-1.27508345622240233663E-02    21    19    21    17
 1.18781518181566170950E-02    21    19    21    18
 3.63338928823246296029E-02    21    19    21    19
 3.92043537864843055774E-02    21    20     3     2
-7.11235755736153336948E-03    21    20     6     3
-7.11235755736155418616E-03    21    20     7     2
 4.89008463586610743479E-03    21    20     7     6
 2.01868022929552054512E-02    21    20    12    11
 2.67932609380141031896E-02    21    20    13     1
 3.15268415685397923945E-03    21    20    13     5
-1.00983857486595680203E-02    21    20    13     9
 6.02456818244371389293E-03    21    20    13    10
-1.01914747099970358357E-02    21    20    14     3
 5.19727096363863626249E-03    21    20    14     7
-1.01914747099970705302E-02    21    20    15     2
 5.19727096363866835488E-03    21    20    15     6
 2.20118341428151946537E-02    21    20    15    14
 1.27621228915669373410E-02    21    20    17    13
-4.68328512550796223490E-03    21    20    18    13
 2.73355393220870183588E-03    21    20    19    13
 1.26426777054494104274E-02    21    20    20    12
 1.26426777054494104274E-02    21    20    21    11
 5.02384849091183430247E-02    21    20    21    20
 9.90011273687667170407E-01    21    21     1     1
 9.82975232117200614645E-01    21    21     2     2
 9.04566524544232253291E-01    21    21     3     3
 9.82975232117200392601E-01    21    21     4     4
-1.08501868821552230338E-01    21    21     5     1
 3.94730713157451396089E-01    21    21     5     5
-1.27405402898553038460E-01    21    21     6     2
 3.31437092214981410265E-01    21    21     6     6
-1.13180687783830155602E-01    21    21     7     3
 3.21656922943249212743E-01    21    21     7     7
-1.27405402898552566615E-01    21    21     8     4
 3.31437092214980910665E-01    21    21     8     8
 2.70118362509687501283E-02    21    21     9     1
 3.17840327062035013159E-03    21    21     9     5
 6.24919341931866823003E-01    21    21     9     9
 1.50841797238320182717E-02    21    21    10     1
 1.77491103246022385517E-03    21    21    10     5
-1.15598897250708265716E-02    21    21    10     9
 6.39164720817066545067E-01    21    21    10    10
 6.25253000601382113999E-01    21    21    11    11
 6.65626605187292441634E-01    21    21    12    12
 6.25253000601381780932E-01    21    21    13    13
-2.23675589895412862962E-01    21    21    14     2
 1.26078268516743946526E-01    21    21    14     6
 7.56001570334104977533E-01    21    21    14    14
-2.03292640475420227641E-01    21    21    15     3
 1.15683726589466337464E-01    21    21    15     7
 7.11977902048476885000E-01    21    21    15    15
-2.23675589895413334807E-01    21    21    16     4
 1.26078268516743391414E-01    21    21    16     8
 7.56001570334104977533E-01    21    21    16    16
-1.80302916160829385106E-01    21    21    17     1
 1.35485073551453283347E-01    21    21    17     5
 1.28662343325530829918E-02    21    21    17     9
 7.18487218854760474607E-03    21    21    17    10
 7.72102694102073994209E-01    21    21    17    17
 5.23659006109359753678E-02    21    21    18     1
-1.52847587215859358201E-02    21    21    18     5
 1.35926264652348693929E-01    21    21    18     9
-6.69402363116966287598E-03    21    21    18    10
-2.23286721368582373459E-02    21    21    18    17
 9.46150952993054739082E-01    21    21    18    18
 2.99036562183082749167E-02    21    21    19     1
-8.72839318826978786958E-03    21    21    19     5
-4.03013430006296004271E-03    21    21    19     9
 1.42393230367209328024E-01    21    21    19    10
-1.27508345622248248086E-02    21    21    19    17
-2.37563036363131127593E-02    21    21    19    18
 9.74185807402679015965E-01    21    21    19    19
 1.36035334877481761673E-01    21    21    20    11
 9.46376623349091894433E-01    21    21    20    20
 1.61320690288380502730E-01    21    21    21    12
 1.04685359316732906620E+00    21    21    21    21
 6.13368233871344689656E-02    22     1     3     2
-1.33498337743216208967E-02    22     1     6     3
-1.33498337743216417134E-02    22     1     7     2
 3.76893941959554517121E-03    22     1     7     6
 1.54177259344002292457E-02    22     1    12    11
 3.65172027199772153416E-02    22     1    13     1
-2.28232218866949044395E-03    22     1    13     5
-1.52887944348852316406E-02    22     1    13     9
 9.12109982653003248387E-03    22     1    13    10
-2.31054046532890612620E-02    22     1    14     3
 7.40131568732342592920E-03    22     1    14     7
-2.31054046532891098342E-02    22     1    15     2
 7.40131568732345802158E-03    22     1    15     6
 2.96007422753181391462E-02    22     1    15    14
 1.04725196123875759907E-02    22     1    17    13
-1.56127868916325490689E-02    22     1    18    13
 9.11291835893290880222E-03    22     1    19    13
 1.56557751853775295459E-02    22     1    20    12
 1.56557751853775295459E-02    22     1    21    11
 5.22236742437073436784E-02    22     1    21    20
 8.66644609010670669003E-02    22     1    22     1
 1.27318919544735148497E-01    22     2     3     1
-2.08707489694247468048E-02    22     2     5     3
-2.65734651368723269471E-02    22     2     7     1
 1.36993483641919093496E-02    22     2     7     5
-4.18998957956514192502E-02    22     2     9     3
 3.18158491392551111276E-03    22     2     9     7
-1.56745235343190222888E-02    22     2    10     3
-1.27990173677128179748E-04    22     2    10     7
 4.16713505689177074465E-02    22     2    11     4
-3.18309043980759352049E-03    22     2    11     8
 5.51581044149766011597E-02    22     2    13     2
-6.50900210788636635062E-03    22     2    13     6
 1.28578323127650252788E-02    22     2    14    13
-4.34616614803037884518E-02    22     2    15     1
 2.32504893078253338512E-02    22     2    15     5
-1.40868481564572507053E-02    22     2    15     9
-8.49986054842486599137E-03    22     2    15    10
 1.39637981362869048607E-02    22     2    16    11
-3.56160475732742801136E-02    22     2    17     3
 1.25951881001884011951E-02    22     2    17     7
 7.14911709246648513494E-02    22     2    17    15
-8.21421862418204445921E-02    22     2    18     3
 2.19495351201945410047E-02    22     2    18     7
 4.44237316575212884406E-02    22     2    18    15
-2.55698607377174390309E-02    22     2    19     3
 7.72392930226949072509E-03    22     2    19     7
 1.62811486755894477274E-02    22     2    19    15
 8.20201529292293174400E-02    22     2    20     4
-2.19127044379835399235E-02    22     2    20     8
-4.43461175211819769171E-02    22     2    20    16
 1.19078620429706974471E-01    22     2    22     2
 1.27318919544735148497E-01    22     3     2     1
-2.08707489694248092549E-02    22     3     5     2
-2.65734651368722887832E-02    22     3     6     1
 1.36993483641919145538E-02    22     3     6     5
-6.10996113103169299907E-03    22     3     9     2
 1.62393605706786137328E-03    22     3     9     6
 4.43165920473546012803E-02    22     3    10     2
-2.73892236684994579143E-03    22     3    10     6
 4.16713505689176935687E-02    22     3    12     4
-3.18309043980759048473E-03    22     3    12     8
 5.51581044149765525875E-02    22     3    13     3
-6.50900210788642706594E-03    22     3    13     7
-4.34616614803036427350E-02    22     3    14     1
 2.32504893078253199734E-02    22     3    14     5
 7.88181540874911910205E-04    22     3    14     9
 1.64336754922439279292E-02    22     3    14    10
 1.28578323127650079316E-02    22     3    15    13
 1.39637981362868857788E-02    22     3    16    12
-3.56160475732741760302E-02    22     3    17     2
 1.25951881001885122174E-02    22     3    17     6
 7.14911709246644627713E-02    22     3    17    14
-1.81311076527634375266E-02    22     3    18     2
 4.06880297990596349889E-03    22     3    18     6
 7.67005585625513217757E-03    22     3    18    14
 8.40976781725636113318E-02    22     3    19     2
-2.29103910523111610475E-02    22     3    19     6
-4.66874070787619971368E-02    22     3    19    14
 8.20201529292293174400E-02    22     3    21     4
-2.19127044379835399235E-02    22     3    21     8
-4.43461175211819838560E-02    22     3    21    16
 1.19078620429706960593E-01    22     3    22     3
 6.74337692302944165246E-03    22     4    11     2
-1.66295583403940376230E-03    22     4    11     6
 6.74337692302944078510E-03    22     4    12     3
-1.66295583403940766543E-03    22     4    12     7
 6.74337692302943991773E-03    22     4    13     4
-1.66295583403940289494E-03    22     4    13     8
-5.52982911760930358376E-04    22     4    14    11
-5.52982911760936213068E-04    22     4    15    12
-5.52982911760938598313E-04    22     4    16    13
 1.85292337502387868819E-02    22     4    20     2
-4.17727263142878956631E-03    22     4    20     6
-7.89110518167837789172E-03    22     4    20    14
 1.85292337502387868819E-02    22     4    21     3
-4.17727263142879216840E-03    22     4    21     7
-7.89110518167840217785E-03    22     4    21    15
 1.85292337502387834125E-02    22     4    22     4
-1.89439621069168173673E-02    22     5     3     2
 1.79333296136493657198E-03    22     5     6     3
 1.79333296136495305186E-03    22     5     7     2
-6.42084588950060652923E-03    22     5     7     6
-1.09121123685385328778E-02    22     5    12    11
-1.49937875839248509202E-02    22     5    13     1
-6.85715431073764553754E-03    22     5    13     5
 1.08208592864343419032E-02    22     5    13     9
-6.45558668348613761551E-03    22     5    13    10
 1.90403836426076178596E-03    22     5    14     3
-3.24793734512310089055E-03    22     5    14     7
 1.90403836426077436271E-03    22     5    15     2
-3.24793734512312951349E-03    22     5    15     6
-1.48261481302108984182E-02    22     5    15    14
-1.08217180575247116925E-02    22     5    17    13
 1.38366615098824640405E-03    22     5    18    13
-8.07622416003919599108E-04    22     5    19    13
-1.38747594147323096564E-03    22     5    20    12
-1.38747594147323096564E-03    22     5    21    11
-1.52432451472640038276E-02    22     5    21    20
-2.09987058961605688179E-02    22     5    22     1
 9.48261141095735338169E-03    22     5    22     5
-3.87966812822655021664E-02    22     6     3     1
 1.84219094200810330937E-03    22     6     5     3
 6.28084644690118758248E-03    22     6     7     1
-1.28532837352319465746E-02    22     6     7     5
 1.66869772048516724905E-02    22     6     9     3
 1.54605845196850786964E-03    22     6     9     7
 6.20929738247322747513E-03    22     6    10     3
 5.79793457661811439778E-04    22     6    10     7
-1.65964323345353485795E-02    22     6    11     4
-1.53760505743218730927E-03    22     6    11     8
-2.20256336804481658853E-02    22     6    13     2
-2.03276892543011265119E-03    22     6    13     6
-1.38229327191335717162E-02    22     6    14    13
 7.48859397997551565207E-03    22     6    15     1
-1.06243877458522539836E-02    22     6    15     5
 1.08478723412763350398E-02    22     6    15     9
 4.31799362489621203764E-03    22     6    15    10
-1.07849841520204665912E-02    22     6    16    11
 5.12689307930092649096E-03    22     6    17     3
-1.49876227641553916650E-03    22     6    17     7
-2.67415901487056822949E-02    22     6    17    15
 2.19495351201945271269E-02    22     6    18     3
-7.74046363515942456579E-03    22     6    18     7
-1.49252867046768735587E-02    22     6    18    15
 7.72392930226948378619E-03    22     6    19     3
-2.78359617992275220483E-03    22     6    19     7
-5.43099131916788616103E-03    22     6    19    15
-2.19127044379835815568E-02    22     6    20     4
 7.72719227716712163401E-03    22     6    20     8
 1.48993953390625481770E-02    22     6    20    16
-3.02672497008411936492E-02    22     6    22     2
 1.05696068239371481629E-02    22     6    22     6
-3.87966812822654952275E-02    22     7     2     1
 1.84219094200812998074E-03    22     7     5     2
 6.28084644690117457205E-03    22     7     6     1
-1.28532837352319500440E-02    22     7     6     5
 2.46256632919678898619E-03    22     7     9     2
 2.24199824508203207196E-04    22     7     9     6
-1.76336708967116291558E-02    22     7    10     2
-1.63590697447662386521E-03    22     7    10     6
-1.65964323345353451100E-02    22     7    12     4
-1.53760505743218102090E-03    22     7    12     8
-2.20256336804481520075E-02    22     7    13     3
-2.03276892543007318623E-03    22     7    13     7
 7.48859397997548616177E-03    22     7    14     1
-1.06243877458521932683E-02    22     7    14     5
 1.35319363027459524905E-03    22     7    14     9
-1.15969940189799714664E-02    22     7    14    10
-1.38229327191335491648E-02    22     7    15    13
-1.07849841520204492440E-02    22     7    16    12
 5.12689307930095684862E-03    22     7    17     2
-1.49876227641558773876E-03    22     7    17     6
-2.67415901487056302532E-02    22     7    17    14
 4.06880297990596089680E-03    22     7    18     2
-1.38281585059114972731E-03    22     7    18     6
-2.61097561800629780066E-03    22     7    18    14
-2.29103910523111332920E-02    22     7    19     2
 8.10869935954341633511E-03    22     7    19     6
 1.56666095964588976408E-02    22     7    19    14
-2.19127044379835850263E-02    22     7    21     4
 7.72719227716711816456E-03    22     7    21     8
 1.48993953390625429728E-02    22     7    21    16
-3.02672497008412144659E-02    22     7    22     3
 1.05696068239371464281E-02    22     7    22     7
-2.71460067295640518348E-03    22     8    11     2
-2.47581933998951557886E-04    22     8    11     6
-2.71460067295640561716E-03    22     8    12     3
-2.47581933998947492127E-04    22     8    12     7
-2.71460067295640605084E-03    22     8    13     4
-2.47581933998949010010E-04    22     8    13     8
-1.51897428355655754982E-03    22     8    14    11
-1.51897428355655559826E-03    22     8    15    12
-1.51897428355655581510E-03    22     8    16    13
-4.17727263142878176005E-03    22     8    20     2
 1.42120727338499786875E-03    22     8    20     6
 2.68515138032367553511E-03    22     8    20    14
-4.17727263142878176005E-03    22     8    21     3
 1.42120727338499765191E-03    22     8    21     7
 2.68515138032368507609E-03    22     8    21    15
-4.17727263142878002533E-03    22     8    22     4
 1.42120727338499396562E-03    22     8    22     8
-8.50143627890083755649E-03    22     9     3     2
 2.94081350918772108788E-03    22     9     6     3
 2.94081350918771978684E-03    22     9     7     2
 1.69272642556825693265E-03    22     9     7     6
 1.33199738444643018919E-05    22     9    12    11
-3.91681152311876279448E-03    22     9    13     1
 4.26384594662976984525E-03    22     9    13     5
-1.72282469207693175739E-03    22     9    13     9
 7.88007334149759788486E-06    22     9    13    10
 5.02918524095972378080E-03    22     9    14     3
-2.04223570534278905074E-04    22     9    14     7
 5.02918524095972985233E-03    22     9    15     2
-2.04223570534274107479E-04    22     9    15     6
-3.89920847643112202050E-04    22     9    15    14
 2.11477290979760748288E-03    22     9    17    13
 7.46611710861174761311E-03    22     9    18    13
-1.23815331815193760412E-03    22     9    19    13
-2.21358671677546582982E-03    22     9    20    12
-2.21358671677546582982E-03    22     9    21    11
-4.65690805716878312992E-03    22     9    21    20
-1.55248529871682208747E-02    22     9    22     1
 1.37587310494362053022E-03    22     9    22     5
 7.45392490654532731409E-03    22     9    22     9
 5.07184849001603241941E-03    22    10     3     2
-1.75445184397958540805E-03    22    10     6     3
-1.75445184397958432385E-03    22    10     7     2
-1.00985900309996006266E-03    22    10     7     6
-7.94652656489996940634E-06    22    10    12    11
 2.33671981503998874713E-03    22    10    13     1
-2.54375612739067081050E-03    22    10    13     5
 7.88007334150524659238E-06    22    10    13     9
-1.71431725845983158607E-03    22    10    13    10
-3.00034779225214973120E-03    22    10    14     3
 1.21837178314289419656E-04    22    10    14     7
-3.00034779225215406800E-03    22    10    15     2
 1.21837178314286546520E-04    22    10    15     6
 2.32621806182597778241E-04    22    10    15    14
-1.26164655446558363755E-03    22    10    17    13
-1.36730336670843623768E-03    22    10    18    13
 6.02730241008174721234E-03    22    10    19    13
 1.32059761182479803304E-03    22    10    20    12
 1.32059761182480258669E-03    22    10    21    11
 2.77825197096563669685E-03    22    10    21    20
 9.26192934905708392668E-03    22    10    22     1
-8.20828351919871399868E-04    22    10    22     5
-1.30955404865130031929E-03    22    10    22     9
 6.04011266723151162006E-03    22    10    22    10
 8.57312950050428609905E-03    22    11     4     2
-2.96561360033607010825E-03    22    11     6     4
-2.96561360033606273567E-03    22    11     8     2
-1.70700130886574188462E-03    22    11     8     6
 3.94984227548739012803E-03    22    11    12     1
-4.29980326517057174357E-03    22    11    12     5
-1.35418807992836740997E-05    22    11    12     9
-7.56217244460209535436E-06    22    11    12    10
-1.72304840931466660657E-03    22    11    13    11
-5.07159672063637028544E-03    22    11    14     4
 2.05945802545278328641E-04    22    11    14     8
-5.07159672063637982642E-03    22    11    16     2
 2.05945802545277190229E-04    22    11    16     6
 3.93209078104464243748E-04    22    11    16    14
-2.13260694135289970846E-03    22    11    17    12
 2.23833339057926414620E-03    22    11    18    12
 1.27820492788132235654E-03    22    11    19    12
 7.49110347097138584704E-03    22    11    20    13
 1.56557751853775295459E-02    22    11    21     1
-1.38747594147322858039E-03    22    11    21     5
 2.25046443840507589401E-03    22    11    21     9
 1.25672352429493424525E-03    22    11    21    10
-3.14723468786228498251E-03    22    11    21    17
 4.70896971066158635116E-03    22    11    21    18
 2.68906692575133273587E-03    22    11    21    19
 7.49110347097138758177E-03    22    11    22    11
 8.57312950050428436433E-03    22    12     4     3
-2.96561360033606967457E-03    22    12     7     4
-2.96561360033606360304E-03    22    12     8     3
-1.70700130886574014989E-03    22    12     8     7
 3.94984227548738839331E-03    22    12    11     1
-4.29980326517057087621E-03    22    12    11     5
 2.21906954819981251056E-07    22    12    11     9
 1.55086990094875313694E-05    22    12    11    10
-1.72304840931466335396E-03    22    12    13    12
-5.07159672063637722433E-03    22    12    15     4
 2.05945802545278057591E-04    22    12    15     8
-5.07159672063637982642E-03    22    12    16     3
 2.05945802545282150454E-04    22    12    16     7
 3.93209078104456383283E-04    22    12    16    15
-2.13260694135290361159E-03    22    12    17    11
-1.22087565019482876600E-05    22    12    18    11
-2.57755604232125408448E-03    22    12    19    11
 1.56557751853775330153E-02    22    12    20     1
-1.38747594147322034046E-03    22    12    20     5
-3.68777216296107079418E-05    22    12    20     9
-2.57732113611974181927E-03    22    12    20    10
-3.14723468786234786623E-03    22    12    20    17
-2.56845851536177736778E-05    22    12    20    18
-5.42262085796005929156E-03    22    12    20    19
 7.49110347097138324496E-03    22    12    21    13
 7.49110347097138411232E-03    22    12    22    12
 1.45301514403211012860E-01    22    13     1     1
 1.41090832693811063514E-01    22    13     2     2
 1.41090832693811146781E-01    22    13     3     3
 1.23944573692802539888E-01    22    13     4     4
-2.87920402475681062870E-02    22    13     5     1
 9.61828211298692246911E-03    22    13     5     5
-3.16966704470758794954E-02    22    13     6     2
 6.39437227691837944965E-03    22    13     6     6
-3.16966704470759627621E-02    22    13     7     3
 6.39437227691844016497E-03    22    13     7     7
-2.57654432464037644324E-02    22    13     8     4
 9.80837489464992870469E-03    22    13     8     8
-3.91681152311880095840E-03    22    13     9     1
 4.26384594662982795849E-03    22    13     9     5
 4.75633815694600919910E-02    22    13     9     9
 2.33671981503994451168E-03    22    13    10     1
-2.54375612739072805638E-03    22    13    10     5
-1.57601466830942410263E-05    22    13    10     9
 4.75463667022257216455E-02    22    13    10    10
 4.75638290039353955896E-02    22    13    11    11
 4.75638290039354511007E-02    22    13    12    12
 4.41177321853062076595E-02    22    13    13    13
-6.15889217137267977464E-02    22    13    14     2
 1.84285706275115583608E-02    22    13    14     6
 7.77385938796904263359E-02    22    13    14    14
-6.15889217137270267299E-02    22    13    15     3
 1.84285706275115340746E-02    22    13    15     7
 7.77385938796910647142E-02    22    13    15    15
-5.14457282724539027852E-02    22    13    16     4
 1.80166790224210449090E-02    22    13    16     8
 7.69521757234809256065E-02    22    13    16    16
-4.77129663594590344711E-02    22    13    17     1
 2.21709490849747864472E-02    22    13    17     5
 2.11477290979782605804E-03    22    13    17     9
-1.26164655446542404299E-03    22    13    17    10
 8.70573084033040289764E-02    22    13    17    17
-1.56127868916325317217E-02    22    13    18     1
 1.38366615098823838095E-03    22    13    18     5
 3.86262361851630112164E-02    22    13    18     9
 2.22198063122708809602E-03    22    13    18    10
 3.13859287692363391267E-03    22    13    18    17
 1.36086843946993274468E-01    22    13    18    18
 9.11291835893299380367E-03    22    13    19     1
-8.07622416003878399425E-04    22    13    19     5
 2.98893273849371119560E-03    22    13    19     9
 4.15038655822234300863E-02    22    13    19    10
-1.83194331978428926605E-03    22    13    19    17
 5.45209604698736628042E-03    22    13    19    18
 1.42245399270191669183E-01    22    13    19    19
 3.85787166625282673671E-02    22    13    20    11
 1.36035334877481844940E-01    22    13    20    20
 3.85787166625282049170E-02    22    13    21    12
 1.36035334877481900451E-01    22    13    21    21
 5.35609236044709072222E-02    22    13    22    13
-7.69908601211546500531E-02    22    14     3     1
 6.11445994564658538289E-03    22    14     5     3
 1.34258327689116101211E-02    22    14     7     1
-2.04388325577931420640E-02    22    14     7     5
 2.98801981141337442971E-02    22    14     9     3
 2.26697469411748543655E-03    22    14     9     7
 1.14471360395463992582E-02    22    14    10     3
 7.13757732073312211978E-04    22    14    10     7
-2.97133647053795593718E-02    22    14    11     4
-2.25653087470875776330E-03    22    14    11     8
-3.88612884429948429732E-02    22    14    13     2
-3.22074664618254369666E-03    22    14    13     6
-2.39639124958719515468E-02    22    14    14    13
 2.15223699303295386287E-02    22    14    15     1
-2.14614702425345964254E-02    22    14    15     5
 1.83847907069657826029E-02    22    14    15     9
 7.01301093129443314095E-03    22    14    15    10
-1.82825732664430133656E-02    22    14    16    11
 1.81279874578644563388E-02    22    14    17     3
-6.25086868473591957679E-03    22    14    17     7
-5.47405007241681673680E-02    22    14    17    15
 4.44237316575211843572E-02    22    14    18     3
-1.49252867046768249865E-02    22    14    18     7
-3.16994991453374563850E-02    22    14    18    15
 1.62811486755894754830E-02    22    14    19     3
-5.43099131916792172287E-03    22    14    19     7
-1.07402921697904284865E-02    22    14    19    15
-4.43461175211818658948E-02    22    14    20     4
 1.48993953390624787880E-02    22    14    20     8
 3.16482720622080909711E-02    22    14    20    16
-6.01283278845386667810E-02    22    14    22     2
 2.02696980997098992472E-02    22    14    22     6
 4.44339623206841879965E-02    22    14    22    14
-7.69908601211547471976E-02    22    15     2     1
 6.11445994564664176141E-03    22    15     5     2
 1.34258327689116205295E-02    22    15     6     1
-2.04388325577931732890E-02    22    15     6     5
 4.12039898721294761685E-03    22    15     9     2
 4.48762063560885189964E-04    22    15     9     6
-3.17314587599426198294E-02    22    15    10     2
-2.33393165584865058815E-03    22    15    10     6
-2.97133647053795801884E-02    22    15    12     4
-2.25653087470876340115E-03    22    15    12     8
-3.88612884429948568510E-02    22    15    13     3
-3.22074664618248645079E-03    22    15    13     7
 2.15223699303294102592E-02    22    15    14     1
-2.14614702425346241810E-02    22    15    14     5
 2.56180800559803467653E-03    22    15    14     9
-1.95094846524414070044E-02    22    15    14    10
-2.39639124958720452219E-02    22    15    15    13
-1.82825732664430445906E-02    22    15    16    12
 1.81279874578643418470E-02    22    15    17     2
-6.25086868473603320118E-03    22    15    17     6
-5.47405007241675706231E-02    22    15    17    14
 7.67005585625513477965E-03    22    15    18     2
-2.61097561800630300483E-03    22    15    18     6
-6.23716312766190491418E-03    22    15    18    14
-4.66874070787619901979E-02    22    15    19     2
 1.56666095964588907019E-02    22    15    19     6
 3.28832771796951292553E-02    22    15    19    14
-4.43461175211819422226E-02    22    15    21     4
 1.48993953390625030742E-02    22    15    21     8
 3.16482720622081672990E-02    22    15    21    16
-6.01283278845387708644E-02    22    15    22     3
 2.02696980997099131250E-02    22    15    22     7
 4.44339623206843475911E-02    22    15    22    15
-4.57396186880763139238E-03    22    16    11     2
-4.82107885736881853610E-04    22    16    11     6
-4.57396186880763052501E-03    22    16    12     3
-4.82107885736875782078E-04    22    16    12     7
-4.57396186880763139238E-03    22    16    13     4
-4.82107885736877462592E-04    22    16    13     8
-2.84066961471451506077E-03    22    16    14    11
-2.84066961471451419341E-03    22    16    15    12
-2.84066961471451289237E-03    22    16    16    13
-7.89110518167841085146E-03    22    16    20     2
 2.68515138032369461707E-03    22    16    20     6
 6.39284512923808494189E-03    22    16    20    14
-7.89110518167839697368E-03    22    16    21     3
 2.68515138032368854554E-03    22    16    21     7
 6.39284512923809014606E-03    22    16    21    15
-7.89110518167840738202E-03    22    16    22     4
 2.68515138032368507609E-03    22    16    22     8
 6.39284512923810922802E-03    22    16    22    16
-2.87015753664957330715E-02    22    17     3     2
 5.35762477797509500260E-03    22    17     6     3
 5.35762477797510194150E-03    22    17     7     2
-3.73363553832665485965E-03    22    17     7     6
-8.45649347191176903316E-03    22    17    12    11
-1.46891610962056606837E-02    22    17    13     1
-3.42748554281831598403E-03    22    17    13     5
 8.38577562489520485223E-03    22    17    13     9
-5.00284681851866086522E-03    22    17    13    10
 1.29737797940053557755E-02    22    17    14     3
-5.43090260439219041366E-03    22    17    14     7
 1.29737797940053783269E-02    22    17    15     2
-5.43090260439221383243E-03    22    17    15     6
-2.05355478339725242010E-02    22    17    15    14
-5.94225794519229969654E-03    22    17    17    13
 3.13859287692387894236E-03    22    17    18    13
-1.83194331978392996145E-03    22    17    19    13
-3.14723468786227674257E-03    22    17    20    12
-3.14723468786227674257E-03    22    17    21    11
-2.22680272155254092847E-02    22    17    21    20
-3.50646883095537334474E-02    22    17    22     1
 1.16148063153578822576E-02    22    17    22     5
 3.12091578134145999565E-03    22    17    22     9
-1.86189856322851359297E-03    22    17    22    10
 2.31975128556762694165E-02    22    17    22    17
-3.90967048034924560818E-02    22    18     3     2
 7.09282814330986725176E-03    22    18     6     3
 7.09282814330988893581E-03    22    18     7     2
-4.87665723337245022445E-03    22    18     7     6
-1.01555837452139193638E-02    22    18    12    11
-2.67196908619271450425E-02    22    18    13     1
-3.14402738253172350444E-03    22    18    13     5
 2.00734551346492227919E-02    22    18    13     9
-6.10376580444184791557E-03    22    18    13    10
 1.01634905250339319799E-02    22    18    14     3
-5.18300007585366893925E-03    22    18    14     7
 1.01634905250339580007E-02    22    18    15     2
-5.18300007585369842955E-03    22    18    15     6
-2.19513931118988682434E-02    22    18    15    14
-1.27270801114314335151E-02    22    18    17    13
 1.26169231706935620896E-02    22    18    18    13
-2.72604802349359293459E-03    22    18    19    13
-4.68328512550796743907E-03    22    18    20    12
-4.68328512550796743907E-03    22    18    21    11
-2.06308302838546335500E-02    22    18    21    20
-5.20802762565590257604E-02    22    18    22     1
 1.52013895960531417867E-02    22    18    22     5
 1.25902545634560721066E-02    22    18    22     9
-2.84667844143862312431E-03    22    18    22    10
 2.22068827187676919033E-02    22    18    22    17
 5.01250309080596423428E-02    22    18    22    18
 2.28200821192578555408E-02    22    19     3     2
-4.13996323991109443918E-03    22    19     6     3
-4.13996323991110484752E-03    22    19     7     2
 2.84642194508144368015E-03    22    19     7     6
 5.92764163117091499866E-03    22    19    12    11
 1.55958294371625026675E-02    22    19    13     1
 1.83511534834415366256E-03    22    19    13     5
-5.78233129568480035826E-03    22    19    13     9
 1.35095804346045920974E-02    22    19    13    10
-5.93225668417086699630E-03    22    19    14     3
 3.02522905573707374949E-03    22    19    14     7
-5.93225668417088434353E-03    22    19    15     2
 3.02522905573709196408E-03    22    19    15     6
 1.28126550808674733589E-02    22    19    15    14
 7.42858035583842096078E-03    22    19    17    13
-2.72604802349361808808E-03    22    19    18    13
 9.53764550909444973337E-03    22    19    19    13
 2.73355393220873175986E-03    22    19    20    12
 2.73355393220872829041E-03    22    19    21    11
 1.20418650019829542863E-02    22    19    21    20
 3.03983721119675705247E-02    22    19    22     1
-8.87279274947437752996E-03    22    19    22     5
-2.63463933860530203496E-03    22    19    22     9
 9.56329939084923398573E-03    22    19    22    10
-1.29617800221806314664E-02    22    19    22    17
-1.20087999366116880695E-02    22    19    22    18
 3.65601820614020744937E-02    22    19    22    19
 3.92043537864843055774E-02    22    20     4     2
-7.11235755736153423684E-03    22    20     6     4
-7.11235755736152816531E-03    22    20     8     2
 4.89008463586610309798E-03    22    20     8     6
 2.67932609380141135980E-02    22    20    12     1
 3.15268415685398574466E-03    22    20    12     5
 1.02666219671574757144E-02    22    20    12     9
 5.73317450433208537774E-03    22    20    12    10
 2.01868022929551985123E-02    22    20    13    11
-1.01914747099970184885E-02    22    20    14     4
 5.19727096363862411943E-03    22    20    14     8
-1.01914747099970826733E-02    22    20    16     2
 5.19727096363867182433E-03    22    20    16     6
 2.20118341428151981232E-02    22    20    16    14
 1.27621228915669199938E-02    22    20    17    12
 4.70896971066158201435E-03    22    20    18    12
 2.68906692575131452128E-03    22    20    19    12
 1.26426777054494104274E-02    22    20    20    13
 5.22236742437073436784E-02    22    20    21     1
-1.52432451472640211748E-02    22    20    21     5
 4.73449081355481644906E-03    22    20    21     9
 2.64387469511376824519E-03    22    20    21    10
-2.22680272155253468347E-02    22    20    21    17
 2.07439761425872934431E-02    22    20    21    18
 1.18458906259919973664E-02    22    20    21    19
 1.26426777054494191010E-02    22    20    22    11
 5.02384849091183360859E-02    22    20    22    20
 3.92043537864842986385E-02    22    21     4     3
-7.11235755736154984935E-03    22    21     7     4
-7.11235755736152469586E-03    22    21     8     3
 4.89008463586610223062E-03    22    21     8     7
 2.67932609380141135980E-02    22    21    11     1
 3.15268415685399268356E-03    22    21    11     5
-1.68236218497904387297E-04    22    21    11     9
-1.17577426867757611068E-02    22    21    11    10
 2.01868022929551985123E-02    22    21    13    12
-1.01914747099970479788E-02    22    21    15     4
 5.19727096363863192569E-03    22    21    15     8
-1.01914747099970792038E-02    22    21    16     3
 5.19727096363864840556E-03    22    21    16     7
 2.20118341428152189398E-02    22    21    16    15
 1.27621228915669269327E-02    22    21    17    11
-2.56845851536210940469E-05    22    21    18    11
-5.42262085796006449573E-03    22    21    19    11
 5.22236742437073783729E-02    22    21    20     1
-1.52432451472640142359E-02    22    21    20     5
-7.75827563860391196220E-05    22    21    20     9
-5.42212666607947389730E-03    22    21    20    10
-2.22680272155254925515E-02    22    21    20    17
-1.13145858732659594864E-04    22    21    20    18
-2.38877556279748839985E-02    22    21    20    19
 1.26426777054494104274E-02    22    21    21    13
 1.26426777054494191010E-02    22    21    22    12
 5.02384849091183360859E-02    22    21    22    21
 9.90011273687667170407E-01    22    22     1     1
 9.82975232117200725668E-01    22    22     2     2
 9.82975232117200503623E-01    22    22     3     3
 9.04566524544232364313E-01    22    22     4     4
-1.08501868821552230338E-01    22    22     5     1
 3.94730713157451451600E-01    22    22     5     5
-1.27405402898553066215E-01    22    22     6     2
 3.31437092214981465776E-01    22    22     6     6
-1.27405402898553177238E-01    22    22     7     3
 3.31437092214981299243E-01    22    22     7     7
-1.13180687783829656001E-01    22    22     8     4
 3.21656922943248935187E-01    22    22     8     8
-2.65692009615732180339E-02    22    22     9     1
-3.12631967887798704539E-03    22    22     9     5
 6.25592217928908622682E-01    22    22     9     9
 1.58508465342881085802E-02    22    22    10     1
 1.86512245959878490177E-03    22    22    10     5
 1.19483748630941650354E-02    22    22    10     9
 6.38491844820024967433E-01    22    22    10    10
 6.25253000601382002976E-01    22    22    11    11
 6.25253000601382002976E-01    22    22    12    12
 6.65626605187292441634E-01    22    22    13    13
-2.23675589895413057251E-01    22    22    14     2
 1.26078268516744057548E-01    22    22    14     6
 7.56001570334105310600E-01    22    22    14    14
-2.23675589895413556851E-01    22    22    15     3
 1.26078268516743668970E-01    22    22    15     7
 7.56001570334105199578E-01    22    22    15    15
-2.03292640475420283153E-01    22    22    16     4
 1.15683726589466046031E-01    22    22    16     8
 7.11977902048477551133E-01    22    22    16    16
-1.80302916160829412862E-01    22    22    17     1
 1.35485073551452978036E-01    22    22    17     5
-1.26553990045024673111E-02    22    22    17     9
 7.55004968876134881922E-03    22    22    17    10
 7.72102694102075770566E-01    22    22    17    17
-5.20802762565591922939E-02    22    22    18     1
 1.52013895960533863827E-02    22    22    18     5
 1.36132792337171876218E-01    22    22    18     9
 4.14937311449067609131E-03    22    22    18    10
 2.22068827187679312951E-02    22    22    18    17
 9.46603531351209448452E-01    22    22    18    18
 3.03983721119676225664E-02    22    22    19     1
-8.87279274947494478454E-03    22    22    19     5
 6.81326244559749081425E-03    22    22    19     9
 1.42186702682386367780E-01    22    22    19    10
-1.29617800221798664534E-02    22    22    19    17
 2.40175998732234871613E-02    22    22    19    18
 9.73733229044523529438E-01    22    22    19    19
 1.36035334877481817184E-01    22    22    20    11
 9.46376623349092116477E-01    22    22    20    20
 1.36035334877481817184E-01    22    22    21    12
 9.46376623349092116477E-01    22    22    21    21
 1.61320690288380474975E-01    22    22    22    13
 1.04685359316732884416E+00    22    22    22    22
-1.10049082379081184513E+01     1     1     0     0
-1.00129182700393482008E+01     2     2     0     0
-1.00129182700393446481E+01     3     3     0     0
-1.00129182700393428718E+01     4     4     0     0
 1.11037255424863956499E+00     5     1     0     0
-3.65875498612849492375E+00     5     5     0     0
 1.26248118893856364764E+00     6     2     0     0
-3.00187219117053150086E+00     6     6     0     0
 1.26248118893856431377E+00     7     3     0     0
-3.00187219117053016859E+00     7     7     0     0
 1.26248118893855898470E+00     8     4     0     0
-3.00187219117052705997E+00     8     8     0     0
 1.65734934742799550828E-16     9     1     0     0
-6.70692768136784080874E-17     9     5     0     0
-4.50324881260415743611E+00     9     9     0     0
 2.25282249009759130111E-15    10     1     0     0
-4.23064252123631148002E-16    10     5     0     0
-9.85614064865177854406E-18    10     9     0     0
-4.50324881260415743611E+00    10    10     0     0
-4.50324881260415477158E+00    11    11     0     0
-4.50324881260415477158E+00    12    12     0     0
-4.50324881260415388340E+00    13    13     0     0
 2.68644743961518184250E+00    14     2     0     0
-1.35550629325012539361E+00    14     6     0     0
-6.08667925391201336538E+00    14    14     0     0
 2.68644743961518361886E+00    15     3     0     0
-1.35550629325012317317E+00    15     7     0     0
-6.08667925391201425356E+00    15    15     0     0
 2.68644743961518495112E+00    16     4     0     0
-1.35550629325012161885E+00    16     8     0     0
-6.08667925391201691809E+00    16    16     0     0
 2.16003161156350342864E+00    17     1     0     0
-1.44347717568861533266E+00    17     5     0     0
-1.59712767410614422801E-16    17     9     0     0
-3.34949051504484736128E-15    17    10     0     0
-5.39763561769917554756E+00    17    17     0     0
-1.36668869544872559482E-16    18     1     0     0
 8.76905861154140497303E-17    18     5     0     0
-1.34413325991819876393E+00    18     9     0     0
 1.28651507161942069146E-02    18    10     0     0
 1.40052790410431873315E-16    18    17     0     0
-3.47197963518019836471E+00    18    18     0     0
-2.21249544313896983064E-15    19     1     0     0
 3.29107413652388096494E-15    19     5     0     0
-1.28651507161953136682E-02    19     9     0     0
-1.34413325991820209460E+00    19    10     0     0
-1.28980994898524163306E-15    19    17     0     0
-7.76640674119868687608E-16    19    18     0     0
-3.47197963518018992701E+00    19    19     0     0
-1.34419482684664481908E+00    20    11     0     0
-3.47197963518019347973E+00    20    20     0     0
-1.34419482684664481908E+00    21    12     0     0
-3.47197963518019525608E+00    21    21     0     0
-1.34419482684664504113E+00    22    13     0     0
-3.47197963518019614426E+00    22    22     0     0
-9.38489015455057540294E+01     0     0     0     0
